study,stage,model,task,method,placement,rank,bias,n,mean,reused,paired_five_seed_complete,seed_scores,source
boundary_lora_comparison_20260922,common,qwen25_7b_base,cluener,none,none,0,False,5,69.1885333384414,5,True,"{""6100"": 68.26556543837357, ""6101"": 69.14175506268082, ""6102"": 69.44533504328311, ""6103"": 69.6327455104352, ""6104"": 69.45726563743435}",/commondocument/wz/cross_encoder_workspace/im_exp/lora/reviewer_followup/boundary_lora_comparison_20260922/study/RESULTS.json
boundary_lora_comparison_20260922,common,qwen25_7b_base,cluener,affine,e,16,True,5,69.59351143930473,3,True,"{""6100"": 69.06543544021653, ""6101"": 69.36231420808694, ""6102"": 69.77116338614178, ""6103"": 69.6925800740383, ""6104"": 70.07606408804014}",/commondocument/wz/cross_encoder_workspace/im_exp/lora/reviewer_followup/boundary_lora_comparison_20260922/study/RESULTS.json
boundary_lora_comparison_20260922,common,qwen25_7b_base,cluener,affine,e,8,True,3,69.52163709912942,3,False,"{""6100"": 69.20624800765061, ""6101"": 69.47604550552796, ""6102"": 69.88261778420969}",/commondocument/wz/cross_encoder_workspace/im_exp/lora/reviewer_followup/boundary_lora_comparison_20260922/study/RESULTS.json
boundary_lora_comparison_20260922,common,qwen25_7b_base,cluener,affine,u,16,False,5,70.41373351548616,3,True,"{""6100"": 70.38529743672417, ""6101"": 70.74417119131267, ""6102"": 69.66580976863753, ""6103"": 70.19954203467452, ""6104"": 71.0738471460819}",/commondocument/wz/cross_encoder_workspace/im_exp/lora/reviewer_followup/boundary_lora_comparison_20260922/study/RESULTS.json
boundary_lora_comparison_20260922,common,qwen25_7b_base,cluener,affine,u,8,False,3,70.07139235734081,3,False,"{""6100"": 70.13153673403914, ""6101"": 69.87567739878865, ""6102"": 70.20696293919461}",/commondocument/wz/cross_encoder_workspace/im_exp/lora/reviewer_followup/boundary_lora_comparison_20260922/study/RESULTS.json
boundary_lora_comparison_20260922,common,qwen25_7b_base,cluener,affine,eu,16,True,5,70.46588022828941,5,True,"{""6100"": 70.4669887278583, ""6101"": 70.29972752043597, ""6102"": 70.29275315949448, ""6103"": 70.38668624571709, ""6104"": 70.88324548794122}",/commondocument/wz/cross_encoder_workspace/im_exp/lora/reviewer_followup/boundary_lora_comparison_20260922/study/RESULTS.json
boundary_lora_comparison_20260922,common,qwen25_7b_base,cluener,affine,eu,8,True,3,70.20319877780196,3,False,"{""6100"": 70.62590043220746, ""6101"": 69.76446082358596, ""6102"": 70.21923507761242}",/commondocument/wz/cross_encoder_workspace/im_exp/lora/reviewer_followup/boundary_lora_comparison_20260922/study/RESULTS.json
boundary_lora_comparison_20260922,common,qwen25_7b_base,wikisql,none,none,0,False,5,81.484375,5,True,"{""7100"": 81.4453125, ""7101"": 81.8359375, ""7102"": 81.25, ""7103"": 81.4453125, ""7104"": 81.4453125}",/commondocument/wz/cross_encoder_workspace/im_exp/lora/reviewer_followup/boundary_lora_comparison_20260922/study/RESULTS.json
boundary_lora_comparison_20260922,common,qwen25_7b_base,wikisql,affine,e,16,True,5,82.1484375,3,True,"{""7100"": 81.25, ""7101"": 82.91015625, ""7102"": 81.4453125, ""7103"": 82.6171875, ""7104"": 82.51953125}",/commondocument/wz/cross_encoder_workspace/im_exp/lora/reviewer_followup/boundary_lora_comparison_20260922/study/RESULTS.json
boundary_lora_comparison_20260922,common,qwen25_7b_base,wikisql,affine,e,8,True,3,82.16145833333333,3,False,"{""7100"": 82.03125, ""7101"": 82.71484375, ""7102"": 81.73828125}",/commondocument/wz/cross_encoder_workspace/im_exp/lora/reviewer_followup/boundary_lora_comparison_20260922/study/RESULTS.json
boundary_lora_comparison_20260922,common,qwen25_7b_base,wikisql,affine,u,16,False,5,81.9921875,3,True,"{""7100"": 81.8359375, ""7101"": 82.32421875, ""7102"": 81.4453125, ""7103"": 82.2265625, ""7104"": 82.12890625}",/commondocument/wz/cross_encoder_workspace/im_exp/lora/reviewer_followup/boundary_lora_comparison_20260922/study/RESULTS.json
boundary_lora_comparison_20260922,common,qwen25_7b_base,wikisql,affine,u,8,False,3,81.80338541666667,3,False,"{""7100"": 82.03125, ""7101"": 81.93359375, ""7102"": 81.4453125}",/commondocument/wz/cross_encoder_workspace/im_exp/lora/reviewer_followup/boundary_lora_comparison_20260922/study/RESULTS.json
boundary_lora_comparison_20260922,common,qwen25_7b_base,wikisql,affine,eu,16,True,5,82.12890625,5,True,"{""7100"": 82.6171875, ""7101"": 82.8125, ""7102"": 81.8359375, ""7103"": 82.03125, ""7104"": 81.34765625}",/commondocument/wz/cross_encoder_workspace/im_exp/lora/reviewer_followup/boundary_lora_comparison_20260922/study/RESULTS.json
boundary_lora_comparison_20260922,common,qwen25_7b_base,wikisql,affine,eu,8,True,3,82.12890625,3,False,"{""7100"": 82.03125, ""7101"": 82.51953125, ""7102"": 81.8359375}",/commondocument/wz/cross_encoder_workspace/im_exp/lora/reviewer_followup/boundary_lora_comparison_20260922/study/RESULTS.json
boundary_lora_comparison_20260922,common,qwen3_8b_base,cluener,none,none,0,False,5,70.62503768000354,3,True,"{""6100"": 70.52563689132538, ""6101"": 71.09311740890688, ""6102"": 70.24249237192869, ""6103"": 71.42624286878565, ""6104"": 69.83769885907118}",/commondocument/wz/cross_encoder_workspace/im_exp/lora/reviewer_followup/boundary_lora_comparison_20260922/study/RESULTS.json
boundary_lora_comparison_20260922,common,qwen3_8b_base,cluener,affine,e,16,True,5,70.95573517123512,3,True,"{""6100"": 71.58232931726907, ""6101"": 70.07861382961656, ""6102"": 70.87222401029932, ""6103"": 71.07491856677524, ""6104"": 71.17059013221541}",/commondocument/wz/cross_encoder_workspace/im_exp/lora/reviewer_followup/boundary_lora_comparison_20260922/study/RESULTS.json
boundary_lora_comparison_20260922,common,qwen3_8b_base,cluener,affine,e,8,True,3,70.61927815424862,3,False,"{""6100"": 71.35694646611677, ""6101"": 70.06287280348218, ""6102"": 70.43801519314692}",/commondocument/wz/cross_encoder_workspace/im_exp/lora/reviewer_followup/boundary_lora_comparison_20260922/study/RESULTS.json
boundary_lora_comparison_20260922,common,qwen3_8b_base,cluener,affine,u,16,False,5,71.95427429101579,3,True,"{""6100"": 72.49432371067142, ""6101"": 71.41479099678456, ""6102"": 71.04544724586478, ""6103"": 71.89542483660131, ""6104"": 72.9213846651569}",/commondocument/wz/cross_encoder_workspace/im_exp/lora/reviewer_followup/boundary_lora_comparison_20260922/study/RESULTS.json
boundary_lora_comparison_20260922,common,qwen3_8b_base,cluener,affine,u,8,False,3,71.34165951007581,3,False,"{""6100"": 71.67015622483491, ""6101"": 71.15198451113262, ""6102"": 71.20283779425992}",/commondocument/wz/cross_encoder_workspace/im_exp/lora/reviewer_followup/boundary_lora_comparison_20260922/study/RESULTS.json
boundary_lora_comparison_20260922,common,qwen3_8b_base,cluener,affine,eu,16,True,5,72.15842712190053,3,True,"{""6100"": 72.3589001447178, ""6101"": 71.82712465731333, ""6102"": 71.74052665382145, ""6103"": 71.94010416666667, ""6104"": 72.9254799869834}",/commondocument/wz/cross_encoder_workspace/im_exp/lora/reviewer_followup/boundary_lora_comparison_20260922/study/RESULTS.json
boundary_lora_comparison_20260922,common,qwen3_8b_base,cluener,affine,eu,8,True,3,71.58524980769003,3,False,"{""6100"": 72.26863753213368, ""6101"": 71.44464084846537, ""6102"": 71.04247104247104}",/commondocument/wz/cross_encoder_workspace/im_exp/lora/reviewer_followup/boundary_lora_comparison_20260922/study/RESULTS.json
boundary_lora_comparison_20260922,common,qwen3_8b_base,wikisql,none,none,0,False,5,83.14453125,3,True,"{""7100"": 82.91015625, ""7101"": 82.91015625, ""7102"": 83.59375, ""7103"": 83.10546875, ""7104"": 83.203125}",/commondocument/wz/cross_encoder_workspace/im_exp/lora/reviewer_followup/boundary_lora_comparison_20260922/study/RESULTS.json
boundary_lora_comparison_20260922,common,qwen3_8b_base,wikisql,affine,e,16,True,5,83.359375,3,True,"{""7100"": 82.8125, ""7101"": 82.91015625, ""7102"": 83.49609375, ""7103"": 84.1796875, ""7104"": 83.3984375}",/commondocument/wz/cross_encoder_workspace/im_exp/lora/reviewer_followup/boundary_lora_comparison_20260922/study/RESULTS.json
boundary_lora_comparison_20260922,common,qwen3_8b_base,wikisql,affine,e,8,True,3,83.04036458333333,3,False,"{""7100"": 82.2265625, ""7101"": 83.203125, ""7102"": 83.69140625}",/commondocument/wz/cross_encoder_workspace/im_exp/lora/reviewer_followup/boundary_lora_comparison_20260922/study/RESULTS.json
boundary_lora_comparison_20260922,common,qwen3_8b_base,wikisql,affine,u,16,False,5,83.96484375,3,True,"{""7100"": 82.2265625, ""7101"": 83.984375, ""7102"": 84.47265625, ""7103"": 84.47265625, ""7104"": 84.66796875}",/commondocument/wz/cross_encoder_workspace/im_exp/lora/reviewer_followup/boundary_lora_comparison_20260922/study/RESULTS.json
boundary_lora_comparison_20260922,common,qwen3_8b_base,wikisql,affine,u,8,False,3,83.36588541666667,3,False,"{""7100"": 81.8359375, ""7101"": 83.59375, ""7102"": 84.66796875}",/commondocument/wz/cross_encoder_workspace/im_exp/lora/reviewer_followup/boundary_lora_comparison_20260922/study/RESULTS.json
boundary_lora_comparison_20260922,common,qwen3_8b_base,wikisql,affine,eu,16,True,5,84.1015625,3,True,"{""7100"": 83.10546875, ""7101"": 83.59375, ""7102"": 83.984375, ""7103"": 85.546875, ""7104"": 84.27734375}",/commondocument/wz/cross_encoder_workspace/im_exp/lora/reviewer_followup/boundary_lora_comparison_20260922/study/RESULTS.json
boundary_lora_comparison_20260922,common,qwen3_8b_base,wikisql,affine,eu,8,True,3,83.65885416666667,3,False,"{""7100"": 82.91015625, ""7101"": 83.69140625, ""7102"": 84.375}",/commondocument/wz/cross_encoder_workspace/im_exp/lora/reviewer_followup/boundary_lora_comparison_20260922/study/RESULTS.json
boundary_lora_comparison_20260922,common,llama31_8b_base,cluener,none,none,0,False,5,70.71128139698413,3,True,"{""6100"": 70.42707493956486, ""6101"": 71.03258226616956, ""6102"": 69.72536348949919, ""6103"": 71.3272877164056, ""6104"": 71.04409857328146}",/commondocument/wz/cross_encoder_workspace/im_exp/lora/reviewer_followup/boundary_lora_comparison_20260922/study/RESULTS.json
boundary_lora_comparison_20260922,common,llama31_8b_base,cluener,affine,eu,16,True,5,71.80689747824691,3,True,"{""6100"": 71.61614524234074, ""6101"": 71.45656433703462, ""6102"": 71.49959903769046, ""6103"": 72.40928407976463, ""6104"": 72.05289469440413}",/commondocument/wz/cross_encoder_workspace/im_exp/lora/reviewer_followup/boundary_lora_comparison_20260922/study/RESULTS.json
boundary_lora_comparison_20260922,common,llama31_8b_base,wikisql,none,none,0,False,5,80.859375,3,True,"{""7100"": 81.0546875, ""7101"": 82.2265625, ""7102"": 79.296875, ""7103"": 80.95703125, ""7104"": 80.76171875}",/commondocument/wz/cross_encoder_workspace/im_exp/lora/reviewer_followup/boundary_lora_comparison_20260922/study/RESULTS.json
boundary_lora_comparison_20260922,common,llama31_8b_base,wikisql,affine,eu,16,True,5,80.99609375,3,True,"{""7100"": 81.0546875, ""7101"": 80.46875, ""7102"": 80.37109375, ""7103"": 81.8359375, ""7104"": 81.25}",/commondocument/wz/cross_encoder_workspace/im_exp/lora/reviewer_followup/boundary_lora_comparison_20260922/study/RESULTS.json
boundary_lora_comparison_20260922,common,qwen25_15b_base,cluener,none,none,0,False,5,59.17261475217774,5,True,"{""6100"": 59.159397303727204, ""6101"": 58.995750039351485, ""6102"": 58.84991190132949, ""6103"": 59.527255185721174, ""6104"": 59.33075933075933}",/commondocument/wz/cross_encoder_workspace/im_exp/lora/reviewer_followup/boundary_lora_comparison_20260922/study/RESULTS.json
boundary_lora_comparison_20260922,common,qwen25_15b_base,cluener,affine,shared,16,True,5,61.86051776512388,3,True,"{""6100"": 62.035132141161576, ""6101"": 62.13065005590161, ""6102"": 61.00459515132309, ""6103"": 62.31578947368421, ""6104"": 61.81642200354896}",/commondocument/wz/cross_encoder_workspace/im_exp/lora/reviewer_followup/boundary_lora_comparison_20260922/study/RESULTS.json
boundary_lora_comparison_20260922,common,qwen25_15b_base,cluener,affine,shared,8,True,5,61.43313362673757,3,True,"{""6100"": 61.31805157593123, ""6101"": 62.10392902408112, ""6102"": 61.184735749640744, ""6103"": 61.112006446414185, ""6104"": 61.446945337620576}",/commondocument/wz/cross_encoder_workspace/im_exp/lora/reviewer_followup/boundary_lora_comparison_20260922/study/RESULTS.json
boundary_lora_comparison_20260922,common,qwen25_15b_base,cluener,affine,shared,32,True,5,62.59827051911738,3,True,"{""6100"": 61.919504643962846, ""6101"": 62.843450479233226, ""6102"": 62.52164331811743, ""6103"": 62.6957223567393, ""6104"": 63.011031797534066}",/commondocument/wz/cross_encoder_workspace/im_exp/lora/reviewer_followup/boundary_lora_comparison_20260922/study/RESULTS.json
boundary_lora_comparison_20260922,common,qwen25_15b_base,wikisql,none,none,0,False,5,70.25390625,5,True,"{""7100"": 70.80078125, ""7101"": 69.82421875, ""7102"": 70.80078125, ""7103"": 70.703125, ""7104"": 69.140625}",/commondocument/wz/cross_encoder_workspace/im_exp/lora/reviewer_followup/boundary_lora_comparison_20260922/study/RESULTS.json
boundary_lora_comparison_20260922,common,qwen25_15b_base,wikisql,affine,shared,16,True,5,72.28515625,3,True,"{""7100"": 72.4609375, ""7101"": 72.94921875, ""7102"": 70.99609375, ""7103"": 73.33984375, ""7104"": 71.6796875}",/commondocument/wz/cross_encoder_workspace/im_exp/lora/reviewer_followup/boundary_lora_comparison_20260922/study/RESULTS.json
boundary_lora_comparison_20260922,common,qwen25_15b_base,wikisql,affine,shared,8,True,5,72.40234375,3,True,"{""7100"": 72.94921875, ""7101"": 72.36328125, ""7102"": 71.2890625, ""7103"": 73.046875, ""7104"": 72.36328125}",/commondocument/wz/cross_encoder_workspace/im_exp/lora/reviewer_followup/boundary_lora_comparison_20260922/study/RESULTS.json
boundary_lora_comparison_20260922,common,qwen25_15b_base,wikisql,affine,shared,32,True,5,72.48046875,3,True,"{""7100"": 72.55859375, ""7101"": 72.94921875, ""7102"": 71.09375, ""7103"": 74.12109375, ""7104"": 71.6796875}",/commondocument/wz/cross_encoder_workspace/im_exp/lora/reviewer_followup/boundary_lora_comparison_20260922/study/RESULTS.json
boundary_lora_comparison_20260922,common,qwen3_06b_base,cluener,none,none,0,False,5,60.8166241985942,5,True,"{""6100"": 60.476190476190474, ""6101"": 61.029759093056214, ""6102"": 61.418326693227094, ""6103"": 60.83836242048606, ""6104"": 60.32048231001111}",/commondocument/wz/cross_encoder_workspace/im_exp/lora/reviewer_followup/boundary_lora_comparison_20260922/study/RESULTS.json
boundary_lora_comparison_20260922,common,qwen3_06b_base,cluener,affine,shared,16,True,5,62.44115076876882,3,True,"{""6100"": 61.21546961325967, ""6101"": 62.567353407290014, ""6102"": 62.654418751979726, ""6103"": 62.66534391534392, ""6104"": 63.10316815597076}",/commondocument/wz/cross_encoder_workspace/im_exp/lora/reviewer_followup/boundary_lora_comparison_20260922/study/RESULTS.json
boundary_lora_comparison_20260922,common,qwen3_06b_base,cluener,affine,shared,8,True,5,61.921601746788895,3,True,"{""6100"": 61.059288537549406, ""6101"": 62.764947801328695, ""6102"": 62.35294117647059, ""6103"": 62.219286657859975, ""6104"": 61.21154456073581}",/commondocument/wz/cross_encoder_workspace/im_exp/lora/reviewer_followup/boundary_lora_comparison_20260922/study/RESULTS.json
boundary_lora_comparison_20260922,common,qwen3_06b_base,cluener,affine,shared,32,True,5,62.69292329694093,3,True,"{""6100"": 61.88914910226386, ""6101"": 62.76697481670386, ""6102"": 62.68277177368086, ""6103"": 63.379355687048, ""6104"": 62.746365105008074}",/commondocument/wz/cross_encoder_workspace/im_exp/lora/reviewer_followup/boundary_lora_comparison_20260922/study/RESULTS.json
boundary_lora_comparison_20260922,common,qwen3_06b_base,wikisql,none,none,0,False,5,70.21484375,5,True,"{""7100"": 72.55859375, ""7101"": 70.01953125, ""7102"": 70.3125, ""7103"": 68.84765625, ""7104"": 69.3359375}",/commondocument/wz/cross_encoder_workspace/im_exp/lora/reviewer_followup/boundary_lora_comparison_20260922/study/RESULTS.json
boundary_lora_comparison_20260922,common,qwen3_06b_base,wikisql,affine,shared,16,True,5,71.66015625,3,True,"{""7100"": 73.73046875, ""7101"": 70.8984375, ""7102"": 72.265625, ""7103"": 71.09375, ""7104"": 70.3125}",/commondocument/wz/cross_encoder_workspace/im_exp/lora/reviewer_followup/boundary_lora_comparison_20260922/study/RESULTS.json
boundary_lora_comparison_20260922,common,qwen3_06b_base,wikisql,affine,shared,8,True,5,71.46484375,3,True,"{""7100"": 72.8515625, ""7101"": 71.2890625, ""7102"": 71.97265625, ""7103"": 70.80078125, ""7104"": 70.41015625}",/commondocument/wz/cross_encoder_workspace/im_exp/lora/reviewer_followup/boundary_lora_comparison_20260922/study/RESULTS.json
boundary_lora_comparison_20260922,common,qwen3_06b_base,wikisql,affine,shared,32,True,5,71.93359375,3,True,"{""7100"": 72.75390625, ""7101"": 71.484375, ""7102"": 71.97265625, ""7103"": 71.6796875, ""7104"": 71.77734375}",/commondocument/wz/cross_encoder_workspace/im_exp/lora/reviewer_followup/boundary_lora_comparison_20260922/study/RESULTS.json
boundary_lora_comparison_20260922,confirmation,qwen3_4b_base,wikisql,vocab,shared,1,False,5,82.63671875,0,True,"{""7300"": 82.32421875, ""7301"": 82.32421875, ""7302"": 82.91015625, ""7303"": 83.30078125, ""7304"": 82.32421875}",/commondocument/wz/cross_encoder_workspace/im_exp/lora/reviewer_followup/boundary_lora_comparison_20260922/study/RESULTS.json
boundary_lora_comparison_20260922,common,llama31_8b_base,wikisql,vocab,u,1,False,5,80.76171875,0,True,"{""7100"": 81.34765625, ""7101"": 80.95703125, ""7102"": 80.078125, ""7103"": 80.6640625, ""7104"": 80.76171875}",/commondocument/wz/cross_encoder_workspace/im_exp/lora/reviewer_followup/boundary_lora_comparison_20260922/study/RESULTS.json
boundary_lora_comparison_20260922,common,qwen25_7b_base,wikisql,vocab,eu,1,False,5,82.05078125,0,True,"{""7100"": 81.8359375, ""7101"": 82.2265625, ""7102"": 81.93359375, ""7103"": 81.4453125, ""7104"": 82.8125}",/commondocument/wz/cross_encoder_workspace/im_exp/lora/reviewer_followup/boundary_lora_comparison_20260922/study/RESULTS.json
boundary_lora_comparison_20260922,common,llama31_8b_base,cluener,vocab,e,1,False,5,67.58965184865477,0,True,"{""6100"": 67.072, ""6101"": 67.86465921968593, ""6102"": 67.65943671090967, ""6103"": 67.4802110817942, ""6104"": 67.87195223088406}",/commondocument/wz/cross_encoder_workspace/im_exp/lora/reviewer_followup/boundary_lora_comparison_20260922/study/RESULTS.json
boundary_lora_comparison_20260922,common,qwen25_7b_base,cluener,affine,e,16,False,3,69.23771491050009,0,False,"{""6100"": 68.70131934509617, ""6101"": 69.55266955266956, ""6102"": 69.45915583373456}",/commondocument/wz/cross_encoder_workspace/im_exp/lora/reviewer_followup/boundary_lora_comparison_20260922/study/RESULTS.json
boundary_lora_comparison_20260922,common,qwen3_8b_base,wikisql,vocab,e,1,False,5,84.04296875,0,True,"{""7100"": 83.30078125, ""7101"": 83.69140625, ""7102"": 84.1796875, ""7103"": 85.15625, ""7104"": 83.88671875}",/commondocument/wz/cross_encoder_workspace/im_exp/lora/reviewer_followup/boundary_lora_comparison_20260922/study/RESULTS.json
boundary_lora_comparison_20260922,confirmation,llama31_8b_base,cluener,affine,eu,16,True,5,71.62900546733951,0,True,"{""6300"": 71.39364303178485, ""6301"": 72.26588081204977, ""6302"": 71.83963789201422, ""6303"": 71.12462006079028, ""6304"": 71.52124554005839}",/commondocument/wz/cross_encoder_workspace/im_exp/lora/reviewer_followup/boundary_lora_comparison_20260922/study/RESULTS.json
boundary_lora_comparison_20260922,common,qwen3_8b_base,cluener,vocab,e,1,False,5,71.46680864394585,0,True,"{""6100"": 71.58908507223114, ""6101"": 70.59393156875403, ""6102"": 71.71276079573023, ""6103"": 71.78396072013093, ""6104"": 71.65430506288294}",/commondocument/wz/cross_encoder_workspace/im_exp/lora/reviewer_followup/boundary_lora_comparison_20260922/study/RESULTS.json
boundary_lora_comparison_20260922,confirmation,qwen3_4b_base,cluener,affine,shared,16,True,5,69.393912300155,0,True,"{""6300"": 69.08911542255836, ""6301"": 70.02461033634127, ""6302"": 69.11644618650988, ""6303"": 69.33419731086991, ""6304"": 69.40519224449557}",/commondocument/wz/cross_encoder_workspace/im_exp/lora/reviewer_followup/boundary_lora_comparison_20260922/study/RESULTS.json
boundary_lora_comparison_20260922,common,qwen25_7b_base,cluener,vocab,e,1,False,5,70.67764204363388,0,True,"{""6100"": 70.3430586726515, ""6101"": 70.36918138041733, ""6102"": 71.01449275362319, ""6103"": 71.12179487179488, ""6104"": 70.53968253968254}",/commondocument/wz/cross_encoder_workspace/im_exp/lora/reviewer_followup/boundary_lora_comparison_20260922/study/RESULTS.json
boundary_lora_comparison_20260922,common,llama31_8b_base,cluener,vocab,eu,1,False,5,67.85146432488715,0,True,"{""6100"": 66.78670813553774, ""6101"": 68.08373590982286, ""6102"": 67.66623207301173, ""6103"": 68.47952246725252, ""6104"": 68.2411230388109}",/commondocument/wz/cross_encoder_workspace/im_exp/lora/reviewer_followup/boundary_lora_comparison_20260922/study/RESULTS.json
boundary_lora_comparison_20260922,common,qwen25_7b_base,wikisql,affine,e,16,False,3,81.54296875,0,False,"{""7100"": 81.15234375, ""7101"": 82.03125, ""7102"": 81.4453125}",/commondocument/wz/cross_encoder_workspace/im_exp/lora/reviewer_followup/boundary_lora_comparison_20260922/study/RESULTS.json
boundary_lora_comparison_20260922,common,qwen3_8b_base,cluener,affine,e,16,False,3,71.06713336923353,0,False,"{""6100"": 71.53473344103392, ""6101"": 70.88159588159589, ""6102"": 70.78507078507079}",/commondocument/wz/cross_encoder_workspace/im_exp/lora/reviewer_followup/boundary_lora_comparison_20260922/study/RESULTS.json
boundary_lora_comparison_20260922,subset1,qwen3_06b_base,cluener,affine,shared,16,True,3,51.30543110171363,0,False,"{""6400"": 49.4620397029853, ""6401"": 52.641783809985455, ""6402"": 51.812469792170134}",/commondocument/wz/cross_encoder_workspace/im_exp/lora/reviewer_followup/boundary_lora_comparison_20260922/study/RESULTS.json
boundary_lora_comparison_20260922,common,qwen25_15b_base,wikisql,vocab,shared,2,False,3,70.41015625,0,False,"{""7100"": 70.41015625, ""7101"": 70.8984375, ""7102"": 69.921875}",/commondocument/wz/cross_encoder_workspace/im_exp/lora/reviewer_followup/boundary_lora_comparison_20260922/study/RESULTS.json
boundary_lora_comparison_20260922,subset0,qwen3_06b_base,cluener,vocab,shared,1,False,3,48.34428420724114,0,False,"{""6400"": 48.78722750997851, ""6401"": 48.32831563935985, ""6402"": 47.917309472385064}",/commondocument/wz/cross_encoder_workspace/im_exp/lora/reviewer_followup/boundary_lora_comparison_20260922/study/RESULTS.json
boundary_lora_comparison_20260922,confirmation,llama31_8b_base,wikisql,affine,eu,16,True,5,81.6796875,0,True,"{""7300"": 81.15234375, ""7301"": 82.03125, ""7302"": 80.76171875, ""7303"": 81.8359375, ""7304"": 82.6171875}",/commondocument/wz/cross_encoder_workspace/im_exp/lora/reviewer_followup/boundary_lora_comparison_20260922/study/RESULTS.json
boundary_lora_comparison_20260922,common,llama31_8b_base,wikisql,affine,eu,8,True,3,80.95703125,0,False,"{""7100"": 81.34765625, ""7101"": 80.37109375, ""7102"": 81.15234375}",/commondocument/wz/cross_encoder_workspace/im_exp/lora/reviewer_followup/boundary_lora_comparison_20260922/study/RESULTS.json
boundary_lora_comparison_20260922,common,qwen25_15b_base,wikisql,vocab,shared,1,False,5,71.15234375,0,True,"{""7100"": 70.703125, ""7101"": 72.16796875, ""7102"": 70.703125, ""7103"": 71.2890625, ""7104"": 70.8984375}",/commondocument/wz/cross_encoder_workspace/im_exp/lora/reviewer_followup/boundary_lora_comparison_20260922/study/RESULTS.json
boundary_lora_comparison_20260922,common,llama31_8b_base,wikisql,affine,eu,32,True,3,80.82682291666667,0,False,"{""7100"": 81.25, ""7101"": 80.17578125, ""7102"": 81.0546875}",/commondocument/wz/cross_encoder_workspace/im_exp/lora/reviewer_followup/boundary_lora_comparison_20260922/study/RESULTS.json
boundary_lora_comparison_20260922,common,qwen25_7b_base,cluener,vocab,u,1,False,5,69.63336650425575,0,True,"{""6100"": 69.12515964240102, ""6101"": 69.43238462775366, ""6102"": 70.31450577663671, ""6103"": 69.86589109710778, ""6104"": 69.42889137737961}",/commondocument/wz/cross_encoder_workspace/im_exp/lora/reviewer_followup/boundary_lora_comparison_20260922/study/RESULTS.json
boundary_lora_comparison_20260922,common,qwen25_15b_base,cluener,vocab,shared,2,False,3,61.411211773492546,0,False,"{""6100"": 62.6144616356173, ""6101"": 61.23882503192848, ""6102"": 60.38034865293186}",/commondocument/wz/cross_encoder_workspace/im_exp/lora/reviewer_followup/boundary_lora_comparison_20260922/study/RESULTS.json
boundary_lora_comparison_20260922,confirmation,qwen25_7b_base,cluener,vocab,eu,1,False,5,69.93370532026518,0,True,"{""6300"": 69.01870692484411, ""6301"": 70.51344743276283, ""6302"": 69.90479264160078, ""6303"": 70.36561898652982, ""6304"": 69.86596061558828}",/commondocument/wz/cross_encoder_workspace/im_exp/lora/reviewer_followup/boundary_lora_comparison_20260922/study/RESULTS.json
boundary_lora_comparison_20260922,common,qwen3_4b_base,cluener,affine,shared,16,True,5,69.62725481730412,0,True,"{""6100"": 69.21962992759453, ""6101"": 69.54273711423494, ""6102"": 69.63418582065394, ""6103"": 69.7894565039987, ""6104"": 69.9502647200385}",/commondocument/wz/cross_encoder_workspace/im_exp/lora/reviewer_followup/boundary_lora_comparison_20260922/study/RESULTS.json
boundary_lora_comparison_20260922,common,qwen25_7b_base,wikisql,vocab,u,1,False,5,81.58203125,0,True,"{""7100"": 81.54296875, ""7101"": 81.640625, ""7102"": 81.25, ""7103"": 81.93359375, ""7104"": 81.54296875}",/commondocument/wz/cross_encoder_workspace/im_exp/lora/reviewer_followup/boundary_lora_comparison_20260922/study/RESULTS.json
boundary_lora_comparison_20260922,common,qwen3_8b_base,wikisql,vocab,eu,1,False,5,83.984375,0,True,"{""7100"": 83.3984375, ""7101"": 83.59375, ""7102"": 84.1796875, ""7103"": 84.9609375, ""7104"": 83.7890625}",/commondocument/wz/cross_encoder_workspace/im_exp/lora/reviewer_followup/boundary_lora_comparison_20260922/study/RESULTS.json
boundary_lora_comparison_20260922,common,qwen3_06b_base,cluener,vocab,shared,2,False,3,61.14793846538811,0,False,"{""6100"": 60.551615445232464, ""6101"": 60.59922680412371, ""6102"": 62.292973146808166}",/commondocument/wz/cross_encoder_workspace/im_exp/lora/reviewer_followup/boundary_lora_comparison_20260922/study/RESULTS.json
boundary_lora_comparison_20260922,common,llama31_8b_base,cluener,affine,e,16,True,5,71.3537405798879,0,True,"{""6100"": 71.16663962355996, ""6101"": 71.5590345727332, ""6102"": 70.59575147739977, ""6103"": 71.82175622542594, ""6104"": 71.62552100032062}",/commondocument/wz/cross_encoder_workspace/im_exp/lora/reviewer_followup/boundary_lora_comparison_20260922/study/RESULTS.json
boundary_lora_comparison_20260922,common,qwen25_15b_base,wikisql,affine,shared,16,False,3,71.64713541666667,0,False,"{""7100"": 72.0703125, ""7101"": 71.6796875, ""7102"": 71.19140625}",/commondocument/wz/cross_encoder_workspace/im_exp/lora/reviewer_followup/boundary_lora_comparison_20260922/study/RESULTS.json
boundary_lora_comparison_20260922,confirmation,qwen3_8b_base,wikisql,vocab,eu,1,False,5,84.08203125,0,True,"{""7300"": 83.3984375, ""7301"": 84.5703125, ""7302"": 84.08203125, ""7303"": 83.69140625, ""7304"": 84.66796875}",/commondocument/wz/cross_encoder_workspace/im_exp/lora/reviewer_followup/boundary_lora_comparison_20260922/study/RESULTS.json
boundary_lora_comparison_20260922,confirmation,qwen25_7b_base,wikisql,affine,eu,16,True,5,82.24609375,0,True,"{""7300"": 82.03125, ""7301"": 81.640625, ""7302"": 82.32421875, ""7303"": 82.6171875, ""7304"": 82.6171875}",/commondocument/wz/cross_encoder_workspace/im_exp/lora/reviewer_followup/boundary_lora_comparison_20260922/study/RESULTS.json
boundary_lora_comparison_20260922,common,qwen3_4b_base,wikisql,vocab,shared,1,False,5,81.19140625,0,True,"{""7100"": 81.34765625, ""7101"": 80.76171875, ""7102"": 81.15234375, ""7103"": 81.0546875, ""7104"": 81.640625}",/commondocument/wz/cross_encoder_workspace/im_exp/lora/reviewer_followup/boundary_lora_comparison_20260922/study/RESULTS.json
boundary_lora_comparison_20260922,common,llama31_8b_base,cluener,affine,eu,8,True,3,70.93214091130098,0,False,"{""6100"": 70.61503416856492, ""6101"": 71.38662316476346, ""6102"": 70.79476540057453}",/commondocument/wz/cross_encoder_workspace/im_exp/lora/reviewer_followup/boundary_lora_comparison_20260922/study/RESULTS.json
boundary_lora_comparison_20260922,common,qwen3_4b_base,wikisql,none,none,0,False,5,80.9765625,0,True,"{""7100"": 81.4453125, ""7101"": 81.15234375, ""7102"": 80.2734375, ""7103"": 81.0546875, ""7104"": 80.95703125}",/commondocument/wz/cross_encoder_workspace/im_exp/lora/reviewer_followup/boundary_lora_comparison_20260922/study/RESULTS.json
boundary_lora_comparison_20260922,subset0,qwen3_06b_base,wikisql,vocab,shared,1,False,3,60.9375,0,False,"{""7400"": 60.9375, ""7401"": 59.66796875, ""7402"": 62.20703125}",/commondocument/wz/cross_encoder_workspace/im_exp/lora/reviewer_followup/boundary_lora_comparison_20260922/study/RESULTS.json
boundary_lora_comparison_20260922,confirmation,qwen3_8b_base,cluener,affine,eu,16,True,5,71.67440036339876,0,True,"{""6300"": 71.70236753100338, ""6301"": 72.6768829475057, ""6302"": 71.70795306388527, ""6303"": 70.92453446586083, ""6304"": 71.36026380873867}",/commondocument/wz/cross_encoder_workspace/im_exp/lora/reviewer_followup/boundary_lora_comparison_20260922/study/RESULTS.json
boundary_lora_comparison_20260922,common,qwen3_4b_base,wikisql,affine,shared,8,True,5,81.8359375,0,True,"{""7100"": 82.12890625, ""7101"": 82.32421875, ""7102"": 80.6640625, ""7103"": 82.32421875, ""7104"": 81.73828125}",/commondocument/wz/cross_encoder_workspace/im_exp/lora/reviewer_followup/boundary_lora_comparison_20260922/study/RESULTS.json
boundary_lora_comparison_20260922,common,llama31_8b_base,wikisql,affine,eu,16,False,3,80.859375,0,False,"{""7100"": 81.25, ""7101"": 81.0546875, ""7102"": 80.2734375}",/commondocument/wz/cross_encoder_workspace/im_exp/lora/reviewer_followup/boundary_lora_comparison_20260922/study/RESULTS.json
boundary_lora_comparison_20260922,subset0,qwen3_06b_base,cluener,none,none,0,False,3,48.87559330261829,0,False,"{""6400"": 49.647887323943664, ""6401"": 47.82469609724888, ""6402"": 49.15419648666233}",/commondocument/wz/cross_encoder_workspace/im_exp/lora/reviewer_followup/boundary_lora_comparison_20260922/study/RESULTS.json
boundary_lora_comparison_20260922,common,qwen3_4b_base,wikisql,affine,shared,32,True,5,82.1875,0,True,"{""7100"": 81.73828125, ""7101"": 83.203125, ""7102"": 81.54296875, ""7103"": 81.640625, ""7104"": 82.8125}",/commondocument/wz/cross_encoder_workspace/im_exp/lora/reviewer_followup/boundary_lora_comparison_20260922/study/RESULTS.json
boundary_lora_comparison_20260922,common,qwen3_06b_base,cluener,affine,shared,16,False,3,61.91757307471093,0,False,"{""6100"": 61.069433359936156, ""6101"": 62.233454430579684, ""6102"": 62.44983143361695}",/commondocument/wz/cross_encoder_workspace/im_exp/lora/reviewer_followup/boundary_lora_comparison_20260922/study/RESULTS.json
boundary_lora_comparison_20260922,common,qwen3_8b_base,wikisql,affine,e,16,False,3,82.51953125,0,False,"{""7100"": 81.93359375, ""7101"": 82.6171875, ""7102"": 83.0078125}",/commondocument/wz/cross_encoder_workspace/im_exp/lora/reviewer_followup/boundary_lora_comparison_20260922/study/RESULTS.json
boundary_lora_comparison_20260922,common,qwen25_15b_base,cluener,vocab,shared,1,False,5,61.82540196689198,0,True,"{""6100"": 62.281795511221944, ""6101"": 63.45627315187631, ""6102"": 60.6108813235762, ""6103"": 60.62331909507989, ""6104"": 62.15474075270554}",/commondocument/wz/cross_encoder_workspace/im_exp/lora/reviewer_followup/boundary_lora_comparison_20260922/study/RESULTS.json
boundary_lora_comparison_20260922,confirmation,llama31_8b_base,cluener,vocab,eu,1,False,5,70.78233829582919,0,True,"{""6300"": 70.79588168001307, ""6301"": 71.57310704960835, ""6302"": 71.35562510294844, ""6303"": 70.09315772566656, ""6304"": 70.09391992090954}",/commondocument/wz/cross_encoder_workspace/im_exp/lora/reviewer_followup/boundary_lora_comparison_20260922/study/RESULTS.json
boundary_lora_comparison_20260922,common,qwen3_4b_base,cluener,vocab,shared,1,False,5,69.4403962844941,0,True,"{""6100"": 69.12945711532284, ""6101"": 69.40519224449557, ""6102"": 69.02967121090617, ""6103"": 69.53985742060921, ""6104"": 70.09780343113677}",/commondocument/wz/cross_encoder_workspace/im_exp/lora/reviewer_followup/boundary_lora_comparison_20260922/study/RESULTS.json
boundary_lora_comparison_20260922,common,qwen25_15b_base,cluener,affine,shared,16,False,3,60.45137477633701,0,False,"{""6100"": 60.982980753936694, ""6101"": 60.422491456974214, ""6102"": 59.94865211810013}",/commondocument/wz/cross_encoder_workspace/im_exp/lora/reviewer_followup/boundary_lora_comparison_20260922/study/RESULTS.json
boundary_lora_comparison_20260922,common,qwen25_7b_base,wikisql,affine,eu,32,True,3,82.25911458333333,0,False,"{""7100"": 81.93359375, ""7101"": 82.51953125, ""7102"": 82.32421875}",/commondocument/wz/cross_encoder_workspace/im_exp/lora/reviewer_followup/boundary_lora_comparison_20260922/study/RESULTS.json
boundary_lora_comparison_20260922,common,qwen3_06b_base,wikisql,vocab,shared,2,False,3,69.07552083333333,0,False,"{""7100"": 70.1171875, ""7101"": 68.84765625, ""7102"": 68.26171875}",/commondocument/wz/cross_encoder_workspace/im_exp/lora/reviewer_followup/boundary_lora_comparison_20260922/study/RESULTS.json
boundary_lora_comparison_20260922,subset0,qwen3_06b_base,cluener,affine,shared,16,True,3,50.881984718112335,0,False,"{""6400"": 51.19849600501332, ""6401"": 50.52529497333118, ""6402"": 50.922163175992495}",/commondocument/wz/cross_encoder_workspace/im_exp/lora/reviewer_followup/boundary_lora_comparison_20260922/study/RESULTS.json
boundary_lora_comparison_20260922,common,llama31_8b_base,wikisql,affine,u,16,False,5,80.78125,0,True,"{""7100"": 81.34765625, ""7101"": 80.56640625, ""7102"": 80.2734375, ""7103"": 81.25, ""7104"": 80.46875}",/commondocument/wz/cross_encoder_workspace/im_exp/lora/reviewer_followup/boundary_lora_comparison_20260922/study/RESULTS.json
boundary_lora_comparison_20260922,common,qwen25_7b_base,wikisql,vocab,e,1,False,5,81.85546875,0,True,"{""7100"": 81.73828125, ""7101"": 82.51953125, ""7102"": 81.4453125, ""7103"": 81.34765625, ""7104"": 82.2265625}",/commondocument/wz/cross_encoder_workspace/im_exp/lora/reviewer_followup/boundary_lora_comparison_20260922/study/RESULTS.json
boundary_lora_comparison_20260922,common,qwen25_7b_base,wikisql,vocab,eu,2,False,3,81.86848958333333,0,False,"{""7100"": 81.25, ""7101"": 81.640625, ""7102"": 82.71484375}",/commondocument/wz/cross_encoder_workspace/im_exp/lora/reviewer_followup/boundary_lora_comparison_20260922/study/RESULTS.json
boundary_lora_comparison_20260922,subset1,qwen3_06b_base,wikisql,none,none,0,False,3,59.016927083333336,0,False,"{""7400"": 57.51953125, ""7401"": 58.7890625, ""7402"": 60.7421875}",/commondocument/wz/cross_encoder_workspace/im_exp/lora/reviewer_followup/boundary_lora_comparison_20260922/study/RESULTS.json
boundary_lora_comparison_20260922,common,llama31_8b_base,cluener,affine,eu,32,True,3,71.28881840058845,0,False,"{""6100"": 70.93453434132218, ""6101"": 71.19032047089601, ""6102"": 71.74160038954714}",/commondocument/wz/cross_encoder_workspace/im_exp/lora/reviewer_followup/boundary_lora_comparison_20260922/study/RESULTS.json
boundary_lora_comparison_20260922,common,llama31_8b_base,cluener,affine,u,16,False,5,71.05721954207645,0,True,"{""6100"": 70.76773251095601, ""6101"": 71.74800065284805, ""6102"": 70.4370179948586, ""6103"": 71.37704918032787, ""6104"": 70.95629737139171}",/commondocument/wz/cross_encoder_workspace/im_exp/lora/reviewer_followup/boundary_lora_comparison_20260922/study/RESULTS.json
boundary_lora_comparison_20260922,common,qwen25_7b_base,cluener,vocab,eu,1,False,5,70.716272894105,0,True,"{""6100"": 70.07416962270236, ""6101"": 70.58446757405925, ""6102"": 71.08821635544108, ""6103"": 71.13964686998395, ""6104"": 70.69486404833837}",/commondocument/wz/cross_encoder_workspace/im_exp/lora/reviewer_followup/boundary_lora_comparison_20260922/study/RESULTS.json
boundary_lora_comparison_20260922,common,qwen3_4b_base,cluener,affine,shared,8,True,5,69.58914363195204,0,True,"{""6100"": 69.57361222847949, ""6101"": 69.71169420149012, ""6102"": 68.86990166048686, ""6103"": 70.06514657980456, ""6104"": 69.72536348949919}",/commondocument/wz/cross_encoder_workspace/im_exp/lora/reviewer_followup/boundary_lora_comparison_20260922/study/RESULTS.json
boundary_lora_comparison_20260922,subset1,qwen3_06b_base,wikisql,vocab,shared,1,False,3,60.091145833333336,0,False,"{""7400"": 57.71484375, ""7401"": 58.984375, ""7402"": 63.57421875}",/commondocument/wz/cross_encoder_workspace/im_exp/lora/reviewer_followup/boundary_lora_comparison_20260922/study/RESULTS.json
boundary_lora_comparison_20260922,confirmation,qwen3_8b_base,wikisql,affine,eu,16,True,5,84.3359375,0,True,"{""7300"": 84.375, ""7301"": 84.66796875, ""7302"": 83.984375, ""7303"": 83.59375, ""7304"": 85.05859375}",/commondocument/wz/cross_encoder_workspace/im_exp/lora/reviewer_followup/boundary_lora_comparison_20260922/study/RESULTS.json
boundary_lora_comparison_20260922,confirmation,qwen25_7b_base,wikisql,vocab,eu,1,False,5,82.0703125,0,True,"{""7300"": 81.93359375, ""7301"": 81.54296875, ""7302"": 82.2265625, ""7303"": 82.2265625, ""7304"": 82.421875}",/commondocument/wz/cross_encoder_workspace/im_exp/lora/reviewer_followup/boundary_lora_comparison_20260922/study/RESULTS.json
boundary_lora_comparison_20260922,common,qwen3_4b_base,cluener,affine,shared,32,True,5,69.97175272234213,0,True,"{""6100"": 69.9273607748184, ""6101"": 69.97916332745632, ""6102"": 69.23323708694257, ""6103"": 70.18979057591623, ""6104"": 70.52921184657711}",/commondocument/wz/cross_encoder_workspace/im_exp/lora/reviewer_followup/boundary_lora_comparison_20260922/study/RESULTS.json
boundary_lora_comparison_20260922,confirmation,qwen3_4b_base,wikisql,affine,shared,16,True,5,82.5,0,True,"{""7300"": 81.8359375, ""7301"": 82.12890625, ""7302"": 83.10546875, ""7303"": 83.203125, ""7304"": 82.2265625}",/commondocument/wz/cross_encoder_workspace/im_exp/lora/reviewer_followup/boundary_lora_comparison_20260922/study/RESULTS.json
boundary_lora_comparison_20260922,common,qwen3_4b_base,wikisql,affine,shared,16,True,5,82.1484375,0,True,"{""7100"": 81.73828125, ""7101"": 82.71484375, ""7102"": 81.93359375, ""7103"": 82.12890625, ""7104"": 82.2265625}",/commondocument/wz/cross_encoder_workspace/im_exp/lora/reviewer_followup/boundary_lora_comparison_20260922/study/RESULTS.json
boundary_lora_comparison_20260922,common,qwen3_06b_base,wikisql,affine,shared,16,False,3,72.36328125,0,False,"{""7100"": 73.33984375, ""7101"": 71.2890625, ""7102"": 72.4609375}",/commondocument/wz/cross_encoder_workspace/im_exp/lora/reviewer_followup/boundary_lora_comparison_20260922/study/RESULTS.json
boundary_lora_comparison_20260922,common,qwen3_8b_base,wikisql,affine,eu,16,False,3,83.82161458333333,0,False,"{""7100"": 83.3984375, ""7101"": 83.88671875, ""7102"": 84.1796875}",/commondocument/wz/cross_encoder_workspace/im_exp/lora/reviewer_followup/boundary_lora_comparison_20260922/study/RESULTS.json
boundary_lora_comparison_20260922,subset0,qwen3_06b_base,wikisql,none,none,0,False,3,59.114583333333336,0,False,"{""7400"": 60.44921875, ""7401"": 58.69140625, ""7402"": 58.203125}",/commondocument/wz/cross_encoder_workspace/im_exp/lora/reviewer_followup/boundary_lora_comparison_20260922/study/RESULTS.json
boundary_lora_comparison_20260922,common,qwen25_7b_base,cluener,vocab,eu,2,False,3,70.32660365342858,0,False,"{""6100"": 69.7444089456869, ""6101"": 70.2127659574468, ""6102"": 71.02263605715203}",/commondocument/wz/cross_encoder_workspace/im_exp/lora/reviewer_followup/boundary_lora_comparison_20260922/study/RESULTS.json
boundary_lora_comparison_20260922,common,qwen3_4b_base,cluener,affine,shared,16,False,3,69.8845857627554,0,False,"{""6100"": 69.70233306516492, ""6101"": 70.04192196065786, ""6102"": 69.90950226244344}",/commondocument/wz/cross_encoder_workspace/im_exp/lora/reviewer_followup/boundary_lora_comparison_20260922/study/RESULTS.json
boundary_lora_comparison_20260922,common,qwen3_06b_base,cluener,vocab,shared,1,False,5,61.19978235316754,0,True,"{""6100"": 61.79245283018868, ""6101"": 60.66275566830506, ""6102"": 62.65328874024526, ""6103"": 61.16951379763469, ""6104"": 59.720900729464006}",/commondocument/wz/cross_encoder_workspace/im_exp/lora/reviewer_followup/boundary_lora_comparison_20260922/study/RESULTS.json
boundary_lora_comparison_20260922,common,qwen3_8b_base,cluener,vocab,u,1,False,5,70.64616080208674,0,True,"{""6100"": 71.05814140763408, ""6101"": 70.21105203802159, ""6102"": 70.28857004675157, ""6103"": 71.31934276883032, ""6104"": 70.35369774919614}",/commondocument/wz/cross_encoder_workspace/im_exp/lora/reviewer_followup/boundary_lora_comparison_20260922/study/RESULTS.json
boundary_lora_comparison_20260922,common,llama31_8b_base,wikisql,vocab,eu,2,False,3,79.39453125,0,False,"{""7100"": 81.0546875, ""7101"": 78.90625, ""7102"": 78.22265625}",/commondocument/wz/cross_encoder_workspace/im_exp/lora/reviewer_followup/boundary_lora_comparison_20260922/study/RESULTS.json
boundary_lora_comparison_20260922,common,qwen3_4b_base,wikisql,affine,shared,16,False,3,82.12890625,0,False,"{""7100"": 82.6171875, ""7101"": 82.2265625, ""7102"": 81.54296875}",/commondocument/wz/cross_encoder_workspace/im_exp/lora/reviewer_followup/boundary_lora_comparison_20260922/study/RESULTS.json
boundary_lora_comparison_20260922,common,llama31_8b_base,cluener,vocab,u,1,False,5,70.5948181390118,0,True,"{""6100"": 70.39664624314737, ""6101"": 71.11760883690708, ""6102"": 69.68573730862208, ""6103"": 70.90157154673284, ""6104"": 70.87252675964969}",/commondocument/wz/cross_encoder_workspace/im_exp/lora/reviewer_followup/boundary_lora_comparison_20260922/study/RESULTS.json
boundary_lora_comparison_20260922,common,llama31_8b_base,cluener,affine,e,16,False,3,70.31331200636703,0,False,"{""6100"": 70.55600322320709, ""6101"": 71.02106969205835, ""6102"": 69.36286310383566}",/commondocument/wz/cross_encoder_workspace/im_exp/lora/reviewer_followup/boundary_lora_comparison_20260922/study/RESULTS.json
boundary_lora_comparison_20260922,common,qwen3_8b_base,cluener,affine,eu,16,False,3,71.59537425140617,0,False,"{""6100"": 72.14377406931965, ""6101"": 71.1771354755369, ""6102"": 71.46521320936198}",/commondocument/wz/cross_encoder_workspace/im_exp/lora/reviewer_followup/boundary_lora_comparison_20260922/study/RESULTS.json
boundary_lora_comparison_20260922,common,llama31_8b_base,wikisql,affine,e,16,True,5,80.8203125,0,True,"{""7100"": 80.46875, ""7101"": 80.6640625, ""7102"": 80.859375, ""7103"": 81.0546875, ""7104"": 81.0546875}",/commondocument/wz/cross_encoder_workspace/im_exp/lora/reviewer_followup/boundary_lora_comparison_20260922/study/RESULTS.json
boundary_lora_comparison_20260922,common,qwen3_4b_base,wikisql,vocab,shared,2,False,3,80.11067708333333,0,False,"{""7100"": 81.4453125, ""7101"": 79.8828125, ""7102"": 79.00390625}",/commondocument/wz/cross_encoder_workspace/im_exp/lora/reviewer_followup/boundary_lora_comparison_20260922/study/RESULTS.json
boundary_lora_comparison_20260922,confirmation,llama31_8b_base,wikisql,vocab,eu,1,False,5,81.07421875,0,True,"{""7300"": 80.76171875, ""7301"": 80.078125, ""7302"": 81.4453125, ""7303"": 81.93359375, ""7304"": 81.15234375}",/commondocument/wz/cross_encoder_workspace/im_exp/lora/reviewer_followup/boundary_lora_comparison_20260922/study/RESULTS.json
boundary_lora_comparison_20260922,common,qwen25_7b_base,cluener,affine,eu,16,False,3,70.16010810550726,0,False,"{""6100"": 70.46515370996298, ""6101"": 70.39410445370073, ""6102"": 69.62106615285806}",/commondocument/wz/cross_encoder_workspace/im_exp/lora/reviewer_followup/boundary_lora_comparison_20260922/study/RESULTS.json
boundary_lora_comparison_20260922,common,qwen3_8b_base,cluener,vocab,eu,2,False,3,71.58029699155962,0,False,"{""6100"": 71.73213135866065, ""6101"": 71.41931302657161, ""6102"": 71.5894465894466}",/commondocument/wz/cross_encoder_workspace/im_exp/lora/reviewer_followup/boundary_lora_comparison_20260922/study/RESULTS.json
boundary_lora_comparison_20260922,common,qwen3_8b_base,cluener,affine,eu,32,True,3,71.0204213808297,0,False,"{""6100"": 71.40319715808171, ""6101"": 70.49895042790247, ""6102"": 71.15911655650491}",/commondocument/wz/cross_encoder_workspace/im_exp/lora/reviewer_followup/boundary_lora_comparison_20260922/study/RESULTS.json
boundary_lora_comparison_20260922,common,qwen3_8b_base,wikisql,vocab,u,1,False,5,83.02734375,0,True,"{""7100"": 83.10546875, ""7101"": 82.421875, ""7102"": 83.59375, ""7103"": 83.0078125, ""7104"": 83.0078125}",/commondocument/wz/cross_encoder_workspace/im_exp/lora/reviewer_followup/boundary_lora_comparison_20260922/study/RESULTS.json
boundary_lora_comparison_20260922,common,qwen25_7b_base,wikisql,affine,eu,16,False,3,82.29166666666667,0,False,"{""7100"": 82.03125, ""7101"": 82.6171875, ""7102"": 82.2265625}",/commondocument/wz/cross_encoder_workspace/im_exp/lora/reviewer_followup/boundary_lora_comparison_20260922/study/RESULTS.json
boundary_lora_comparison_20260922,confirmation,qwen25_7b_base,cluener,affine,eu,16,True,5,69.68316795462817,0,True,"{""6300"": 68.83459887751734, ""6301"": 70.16971279373368, ""6302"": 69.80707395498392, ""6303"": 69.5929768555467, ""6304"": 70.01147729135924}",/commondocument/wz/cross_encoder_workspace/im_exp/lora/reviewer_followup/boundary_lora_comparison_20260922/study/RESULTS.json
boundary_lora_comparison_20260922,common,qwen3_4b_base,cluener,vocab,shared,2,False,3,68.71582105742498,0,False,"{""6100"": 67.85714285714286, ""6101"": 69.2017702016063, ""6102"": 69.08855011352578}",/commondocument/wz/cross_encoder_workspace/im_exp/lora/reviewer_followup/boundary_lora_comparison_20260922/study/RESULTS.json
boundary_lora_comparison_20260922,common,qwen3_8b_base,cluener,vocab,eu,1,False,5,71.5108437554074,0,True,"{""6100"": 71.7332050665384, ""6101"": 70.7612736382738, ""6102"": 71.53970826580228, ""6103"": 72.0247799152266, ""6104"": 71.49525189119588}",/commondocument/wz/cross_encoder_workspace/im_exp/lora/reviewer_followup/boundary_lora_comparison_20260922/study/RESULTS.json
boundary_lora_comparison_20260922,common,llama31_8b_base,wikisql,vocab,eu,1,False,5,80.78125,0,True,"{""7100"": 80.859375, ""7101"": 79.8828125, ""7102"": 81.54296875, ""7103"": 81.15234375, ""7104"": 80.46875}",/commondocument/wz/cross_encoder_workspace/im_exp/lora/reviewer_followup/boundary_lora_comparison_20260922/study/RESULTS.json
boundary_lora_comparison_20260922,subset1,qwen3_06b_base,cluener,none,none,0,False,3,48.921512403260856,0,False,"{""6400"": 45.95075645209137, ""6401"": 50.34140285536934, ""6402"": 50.47237790232186}",/commondocument/wz/cross_encoder_workspace/im_exp/lora/reviewer_followup/boundary_lora_comparison_20260922/study/RESULTS.json
boundary_lora_comparison_20260922,common,llama31_8b_base,cluener,affine,eu,16,False,3,70.9784900907974,0,False,"{""6100"": 70.94890510948905, ""6101"": 71.4774393223652, ""6102"": 70.50912584053795}",/commondocument/wz/cross_encoder_workspace/im_exp/lora/reviewer_followup/boundary_lora_comparison_20260922/study/RESULTS.json
boundary_lora_comparison_20260922,common,llama31_8b_base,wikisql,affine,e,16,False,3,80.43619791666667,0,False,"{""7100"": 81.25, ""7101"": 80.46875, ""7102"": 79.58984375}",/commondocument/wz/cross_encoder_workspace/im_exp/lora/reviewer_followup/boundary_lora_comparison_20260922/study/RESULTS.json
boundary_lora_comparison_20260922,common,qwen3_06b_base,wikisql,vocab,shared,1,False,5,70.56640625,0,True,"{""7100"": 71.97265625, ""7101"": 71.09375, ""7102"": 69.921875, ""7103"": 70.41015625, ""7104"": 69.43359375}",/commondocument/wz/cross_encoder_workspace/im_exp/lora/reviewer_followup/boundary_lora_comparison_20260922/study/RESULTS.json
boundary_lora_comparison_20260922,confirmation,qwen3_8b_base,cluener,vocab,eu,1,False,5,71.20664146519069,0,True,"{""6300"": 70.10577705451587, ""6301"": 72.3132372214941, ""6302"": 71.40308191403082, ""6303"": 71.32957292506043, ""6304"": 70.88153821085221}",/commondocument/wz/cross_encoder_workspace/im_exp/lora/reviewer_followup/boundary_lora_comparison_20260922/study/RESULTS.json
boundary_lora_comparison_20260922,common,llama31_8b_base,wikisql,vocab,e,1,False,5,80.76171875,0,True,"{""7100"": 81.4453125, ""7101"": 80.46875, ""7102"": 81.0546875, ""7103"": 80.95703125, ""7104"": 79.8828125}",/commondocument/wz/cross_encoder_workspace/im_exp/lora/reviewer_followup/boundary_lora_comparison_20260922/study/RESULTS.json
boundary_lora_comparison_20260922,subset0,qwen3_06b_base,wikisql,affine,shared,16,True,3,61.42578125,0,False,"{""7400"": 62.890625, ""7401"": 60.7421875, ""7402"": 60.64453125}",/commondocument/wz/cross_encoder_workspace/im_exp/lora/reviewer_followup/boundary_lora_comparison_20260922/study/RESULTS.json
boundary_lora_comparison_20260922,subset1,qwen3_06b_base,wikisql,affine,shared,16,True,3,60.44921875,0,False,"{""7400"": 59.5703125, ""7401"": 59.47265625, ""7402"": 62.3046875}",/commondocument/wz/cross_encoder_workspace/im_exp/lora/reviewer_followup/boundary_lora_comparison_20260922/study/RESULTS.json
boundary_lora_comparison_20260922,common,llama31_8b_base,cluener,vocab,eu,2,False,3,65.25362854755303,0,False,"{""6100"": 65.02988208690034, ""6101"": 65.78647106764465, ""6102"": 64.9445324881141}",/commondocument/wz/cross_encoder_workspace/im_exp/lora/reviewer_followup/boundary_lora_comparison_20260922/study/RESULTS.json
boundary_lora_comparison_20260922,common,qwen3_8b_base,wikisql,affine,eu,32,True,3,83.203125,0,False,"{""7100"": 81.93359375, ""7101"": 83.49609375, ""7102"": 84.1796875}",/commondocument/wz/cross_encoder_workspace/im_exp/lora/reviewer_followup/boundary_lora_comparison_20260922/study/RESULTS.json
boundary_lora_comparison_20260922,subset1,qwen3_06b_base,cluener,vocab,shared,1,False,3,49.03612269979467,0,False,"{""6400"": 47.00166995597389, ""6401"": 49.82228403647041, ""6402"": 50.28441410693971}",/commondocument/wz/cross_encoder_workspace/im_exp/lora/reviewer_followup/boundary_lora_comparison_20260922/study/RESULTS.json
boundary_lora_comparison_20260922,common,qwen3_8b_base,wikisql,vocab,eu,2,False,3,83.52864583333333,0,False,"{""7100"": 83.203125, ""7101"": 83.203125, ""7102"": 84.1796875}",/commondocument/wz/cross_encoder_workspace/im_exp/lora/reviewer_followup/boundary_lora_comparison_20260922/study/RESULTS.json
boundary_lora_comparison_20260922,confirmation,qwen3_4b_base,cluener,vocab,shared,1,False,5,69.41823997345642,0,True,"{""6300"": 69.52082990284867, ""6301"": 69.05623150279513, ""6302"": 69.82364467668191, ""6303"": 69.23828125, ""6304"": 69.4522125349564}",/commondocument/wz/cross_encoder_workspace/im_exp/lora/reviewer_followup/boundary_lora_comparison_20260922/study/RESULTS.json
boundary_lora_comparison_20260922,common,qwen25_7b_base,cluener,affine,eu,32,True,3,70.53434363687377,0,False,"{""6100"": 70.81202046035806, ""6101"": 70.66944934981538, ""6102"": 70.12156110044786}",/commondocument/wz/cross_encoder_workspace/im_exp/lora/reviewer_followup/boundary_lora_comparison_20260922/study/RESULTS.json
boundary_lora_comparison_20260922,common,qwen3_4b_base,cluener,none,none,0,False,5,68.67958293043213,0,True,"{""6100"": 68.95551257253385, ""6101"": 68.3357406515808, ""6102"": 68.83870967741936, ""6103"": 68.42445810417341, ""6104"": 68.84349364645327}",/commondocument/wz/cross_encoder_workspace/im_exp/lora/reviewer_followup/boundary_lora_comparison_20260922/study/RESULTS.json
boundary_lora_closure_20260922,confirmation,qwen25_15b_base,wikisql,none,none,0,False,5,70.56640625,0,True,"{""207100"": 71.19140625, ""207101"": 71.19140625, ""207102"": 69.3359375, ""207103"": 69.7265625, ""207104"": 71.38671875}",/commondocument/wz/cross_encoder_workspace/im_exp/lora/reviewer_followup/boundary_lora_closure_20260922/study/RESULTS.json
boundary_lora_closure_20260922,confirmation,qwen3_06b_base,cluener,vocab,shared,1,False,5,62.80099797547499,0,True,"{""206100"": 62.9903536977492, ""206101"": 62.993896562801154, ""206102"": 61.59831415140217, ""206103"": 64.08149852119618, ""206104"": 62.34092694422624}",/commondocument/wz/cross_encoder_workspace/im_exp/lora/reviewer_followup/boundary_lora_closure_20260922/study/RESULTS.json
boundary_lora_closure_20260922,confirmation,llama31_8b_base,cluener,none,none,0,False,5,70.65036927453897,0,True,"{""206100"": 70.67693820685133, ""206101"": 70.58823529411765, ""206102"": 70.85714285714286, ""206103"": 70.2030124426981, ""206104"": 70.92651757188499}",/commondocument/wz/cross_encoder_workspace/im_exp/lora/reviewer_followup/boundary_lora_closure_20260922/study/RESULTS.json
boundary_lora_closure_20260922,prior_h_baseline,qwen3_4b_base,wikisql,none,none,0,False,5,81.5234375,0,True,"{""7300"": 81.4453125, ""7301"": 81.34765625, ""7302"": 81.34765625, ""7303"": 82.03125, ""7304"": 81.4453125}",/commondocument/wz/cross_encoder_workspace/im_exp/lora/reviewer_followup/boundary_lora_closure_20260922/study/RESULTS.json
boundary_lora_closure_20260922,prior_h_baseline,qwen25_7b_base,cluener,none,none,0,False,5,68.7532144277293,0,True,"{""6300"": 68.13733620832642, ""6301"": 69.52256376716808, ""6302"": 69.3384838242395, ""6303"": 67.87257883784217, ""6304"": 68.89510950107031}",/commondocument/wz/cross_encoder_workspace/im_exp/lora/reviewer_followup/boundary_lora_closure_20260922/study/RESULTS.json
boundary_lora_closure_20260922,confirmation,qwen3_8b_base,wikisql,vocab,u,1,False,5,83.7890625,0,True,"{""207100"": 83.69140625, ""207101"": 83.7890625, ""207102"": 84.1796875, ""207103"": 84.08203125, ""207104"": 83.203125}",/commondocument/wz/cross_encoder_workspace/im_exp/lora/reviewer_followup/boundary_lora_closure_20260922/study/RESULTS.json
boundary_lora_closure_20260922,confirmation,qwen25_7b_base,cluener,none,none,0,False,5,69.18779139851361,0,True,"{""206100"": 68.89782783588093, ""206101"": 69.03880212526163, ""206102"": 69.63470319634703, ""206103"": 69.35510204081632, ""206104"": 69.01252179426217}",/commondocument/wz/cross_encoder_workspace/im_exp/lora/reviewer_followup/boundary_lora_closure_20260922/study/RESULTS.json
boundary_lora_closure_20260922,confirmation,qwen3_8b_base,wikisql,affine,u,16,False,5,84.375,0,True,"{""207100"": 84.5703125, ""207101"": 85.546875, ""207102"": 84.1796875, ""207103"": 83.88671875, ""207104"": 83.69140625}",/commondocument/wz/cross_encoder_workspace/im_exp/lora/reviewer_followup/boundary_lora_closure_20260922/study/RESULTS.json
boundary_lora_closure_20260922,confirmation,qwen3_8b_base,cluener,vocab,u,1,False,5,70.89934590255389,0,True,"{""206100"": 70.87787495950761, ""206101"": 70.95720352825874, ""206102"": 71.10528041980977, ""206103"": 70.77974930815563, ""206104"": 70.77662129703764}",/commondocument/wz/cross_encoder_workspace/im_exp/lora/reviewer_followup/boundary_lora_closure_20260922/study/RESULTS.json
boundary_lora_closure_20260922,prior_h_baseline,llama31_8b_base,wikisql,none,none,0,False,5,80.72265625,0,True,"{""7300"": 80.6640625, ""7301"": 80.46875, ""7302"": 80.859375, ""7303"": 80.17578125, ""7304"": 81.4453125}",/commondocument/wz/cross_encoder_workspace/im_exp/lora/reviewer_followup/boundary_lora_closure_20260922/study/RESULTS.json
boundary_lora_closure_20260922,confirmation,qwen25_15b_base,wikisql,vocab,shared,1,False,5,72.5390625,0,True,"{""207100"": 72.4609375, ""207101"": 72.36328125, ""207102"": 71.19140625, ""207103"": 73.14453125, ""207104"": 73.53515625}",/commondocument/wz/cross_encoder_workspace/im_exp/lora/reviewer_followup/boundary_lora_closure_20260922/study/RESULTS.json
boundary_lora_closure_20260922,confirmation,qwen3_8b_base,cluener,none,none,0,False,5,70.52850246673992,0,True,"{""206100"": 70.3307392996109, ""206101"": 70.57667103538664, ""206102"": 70.67718606180145, ""206103"": 70.88359960873818, ""206104"": 70.17431632816248}",/commondocument/wz/cross_encoder_workspace/im_exp/lora/reviewer_followup/boundary_lora_closure_20260922/study/RESULTS.json
boundary_lora_closure_20260922,confirmation,llama31_8b_base,cluener,vocab,u,1,False,5,70.6253888204549,0,True,"{""206100"": 70.45305318450427, ""206101"": 70.84009082062926, ""206102"": 70.59015857446461, ""206103"": 70.13537758930028, ""206104"": 71.10826393337604}",/commondocument/wz/cross_encoder_workspace/im_exp/lora/reviewer_followup/boundary_lora_closure_20260922/study/RESULTS.json
boundary_lora_closure_20260922,confirmation,qwen3_8b_base,wikisql,none,none,0,False,5,83.33984375,0,True,"{""207100"": 82.8125, ""207101"": 83.7890625, ""207102"": 83.0078125, ""207103"": 83.69140625, ""207104"": 83.3984375}",/commondocument/wz/cross_encoder_workspace/im_exp/lora/reviewer_followup/boundary_lora_closure_20260922/study/RESULTS.json
boundary_lora_closure_20260922,confirmation,llama31_8b_base,wikisql,vocab,u,1,False,5,81.796875,0,True,"{""207100"": 82.2265625, ""207101"": 82.32421875, ""207102"": 81.0546875, ""207103"": 81.8359375, ""207104"": 81.54296875}",/commondocument/wz/cross_encoder_workspace/im_exp/lora/reviewer_followup/boundary_lora_closure_20260922/study/RESULTS.json
boundary_lora_closure_20260922,confirmation,qwen3_06b_base,wikisql,none,none,0,False,5,70.234375,0,True,"{""207100"": 70.3125, ""207101"": 69.82421875, ""207102"": 70.21484375, ""207103"": 69.43359375, ""207104"": 71.38671875}",/commondocument/wz/cross_encoder_workspace/im_exp/lora/reviewer_followup/boundary_lora_closure_20260922/study/RESULTS.json
boundary_lora_closure_20260922,confirmation,llama31_8b_base,wikisql,affine,u,16,False,5,81.2890625,0,True,"{""207100"": 80.56640625, ""207101"": 81.640625, ""207102"": 81.4453125, ""207103"": 81.25, ""207104"": 81.54296875}",/commondocument/wz/cross_encoder_workspace/im_exp/lora/reviewer_followup/boundary_lora_closure_20260922/study/RESULTS.json
boundary_lora_closure_20260922,prior_h_baseline,qwen3_8b_base,cluener,none,none,0,False,5,70.40351675075533,0,True,"{""6300"": 70.15344002639829, ""6301"": 71.30463250941234, ""6302"": 70.37999350438454, ""6303"": 70.09573259776083, ""6304"": 70.0837851158206}",/commondocument/wz/cross_encoder_workspace/im_exp/lora/reviewer_followup/boundary_lora_closure_20260922/study/RESULTS.json
boundary_lora_closure_20260922,confirmation,llama31_8b_base,wikisql,none,none,0,False,5,81.23046875,0,True,"{""207100"": 81.4453125, ""207101"": 81.640625, ""207102"": 80.76171875, ""207103"": 81.73828125, ""207104"": 80.56640625}",/commondocument/wz/cross_encoder_workspace/im_exp/lora/reviewer_followup/boundary_lora_closure_20260922/study/RESULTS.json
boundary_lora_closure_20260922,prior_h_baseline,qwen3_8b_base,wikisql,none,none,0,False,5,83.41796875,0,True,"{""7300"": 83.69140625, ""7301"": 82.91015625, ""7302"": 83.88671875, ""7303"": 83.49609375, ""7304"": 83.10546875}",/commondocument/wz/cross_encoder_workspace/im_exp/lora/reviewer_followup/boundary_lora_closure_20260922/study/RESULTS.json
boundary_lora_closure_20260922,prior_h_baseline,qwen25_7b_base,wikisql,none,none,0,False,5,81.5234375,0,True,"{""7300"": 80.6640625, ""7301"": 81.34765625, ""7302"": 81.73828125, ""7303"": 81.640625, ""7304"": 82.2265625}",/commondocument/wz/cross_encoder_workspace/im_exp/lora/reviewer_followup/boundary_lora_closure_20260922/study/RESULTS.json
boundary_lora_closure_20260922,prior_h_baseline,qwen3_4b_base,cluener,none,none,0,False,5,68.29255823697775,0,True,"{""6300"": 68.44796305459343, ""6301"": 68.00065606035756, ""6302"": 68.703038222803, ""6303"": 68.44816484224083, ""6304"": 67.86296900489397}",/commondocument/wz/cross_encoder_workspace/im_exp/lora/reviewer_followup/boundary_lora_closure_20260922/study/RESULTS.json
boundary_lora_closure_20260922,confirmation,qwen25_7b_base,wikisql,affine,u,16,False,5,82.48046875,0,True,"{""207100"": 82.6171875, ""207101"": 83.0078125, ""207102"": 82.421875, ""207103"": 82.12890625, ""207104"": 82.2265625}",/commondocument/wz/cross_encoder_workspace/im_exp/lora/reviewer_followup/boundary_lora_closure_20260922/study/RESULTS.json
boundary_lora_closure_20260922,confirmation,qwen25_15b_base,cluener,vocab,shared,1,False,5,61.82268820922582,0,True,"{""206100"": 62.5, ""206101"": 62.808863382751476, ""206102"": 61.38296165570351, ""206103"": 61.636060100166944, ""206104"": 60.785555907507124}",/commondocument/wz/cross_encoder_workspace/im_exp/lora/reviewer_followup/boundary_lora_closure_20260922/study/RESULTS.json
boundary_lora_closure_20260922,confirmation,qwen3_06b_base,wikisql,affine,shared,16,True,5,72.75390625,0,True,"{""207100"": 73.92578125, ""207101"": 72.8515625, ""207102"": 72.75390625, ""207103"": 71.875, ""207104"": 72.36328125}",/commondocument/wz/cross_encoder_workspace/im_exp/lora/reviewer_followup/boundary_lora_closure_20260922/study/RESULTS.json
boundary_lora_closure_20260922,confirmation,qwen3_06b_base,cluener,affine,shared,16,True,5,63.25807065415611,0,True,"{""206100"": 63.11197285506544, ""206101"": 63.474387527839646, ""206102"": 62.44387427838358, ""206103"": 64.00133266699983, ""206104"": 63.25878594249201}",/commondocument/wz/cross_encoder_workspace/im_exp/lora/reviewer_followup/boundary_lora_closure_20260922/study/RESULTS.json
boundary_lora_closure_20260922,confirmation,qwen25_15b_base,cluener,none,none,0,False,5,58.82223425839301,0,True,"{""206100"": 58.799105717023316, ""206101"": 59.17140536149472, ""206102"": 58.44632317754028, ""206103"": 58.627648839556, ""206104"": 59.06668819635072}",/commondocument/wz/cross_encoder_workspace/im_exp/lora/reviewer_followup/boundary_lora_closure_20260922/study/RESULTS.json
boundary_lora_closure_20260922,confirmation,llama31_8b_base,cluener,affine,u,16,False,5,71.54817462309268,0,True,"{""206100"": 71.25, ""206101"": 72.02216066481995, ""206102"": 71.37740149788343, ""206103"": 71.35810588622164, ""206104"": 71.7332050665384}",/commondocument/wz/cross_encoder_workspace/im_exp/lora/reviewer_followup/boundary_lora_closure_20260922/study/RESULTS.json
boundary_lora_closure_20260922,confirmation,qwen25_7b_base,wikisql,vocab,u,1,False,5,82.4609375,0,True,"{""207100"": 82.6171875, ""207101"": 82.8125, ""207102"": 81.8359375, ""207103"": 82.32421875, ""207104"": 82.71484375}",/commondocument/wz/cross_encoder_workspace/im_exp/lora/reviewer_followup/boundary_lora_closure_20260922/study/RESULTS.json
boundary_lora_closure_20260922,confirmation,qwen3_06b_base,wikisql,vocab,shared,1,False,5,71.30859375,0,True,"{""207100"": 70.80078125, ""207101"": 71.2890625, ""207102"": 70.3125, ""207103"": 71.58203125, ""207104"": 72.55859375}",/commondocument/wz/cross_encoder_workspace/im_exp/lora/reviewer_followup/boundary_lora_closure_20260922/study/RESULTS.json
boundary_lora_closure_20260922,confirmation,qwen3_8b_base,cluener,affine,u,16,False,5,71.96759631382477,0,True,"{""206100"": 71.85354691075514, ""206101"": 71.39847674607033, ""206102"": 71.99738903394255, ""206103"": 72.39921976592979, ""206104"": 72.18934911242603}",/commondocument/wz/cross_encoder_workspace/im_exp/lora/reviewer_followup/boundary_lora_closure_20260922/study/RESULTS.json
boundary_lora_closure_20260922,confirmation,qwen25_7b_base,cluener,affine,u,16,False,5,70.40970696500865,0,True,"{""206100"": 70.78229626000326, ""206101"": 69.92263056092844, ""206102"": 69.7765454248899, ""206103"": 71.0483075911929, ""206104"": 70.51875498802873}",/commondocument/wz/cross_encoder_workspace/im_exp/lora/reviewer_followup/boundary_lora_closure_20260922/study/RESULTS.json
boundary_lora_closure_20260922,confirmation,qwen25_15b_base,wikisql,affine,shared,16,True,5,73.45703125,0,True,"{""207100"": 71.97265625, ""207101"": 74.31640625, ""207102"": 74.12109375, ""207103"": 73.14453125, ""207104"": 73.73046875}",/commondocument/wz/cross_encoder_workspace/im_exp/lora/reviewer_followup/boundary_lora_closure_20260922/study/RESULTS.json
boundary_lora_closure_20260922,prior_h_baseline,llama31_8b_base,cluener,none,none,0,False,5,70.58507176317886,0,True,"{""6300"": 69.88108812510181, ""6301"": 71.40284825667048, ""6302"": 70.20061980101126, ""6303"": 70.94899935442221, ""6304"": 70.49180327868852}",/commondocument/wz/cross_encoder_workspace/im_exp/lora/reviewer_followup/boundary_lora_closure_20260922/study/RESULTS.json
boundary_lora_closure_20260922,confirmation,qwen25_15b_base,cluener,affine,shared,16,True,5,64.15232053942785,0,True,"{""206100"": 62.90296712109062, ""206101"": 64.32081153907117, ""206102"": 63.95274584929757, ""206103"": 65.83932070542129, ""206104"": 63.74575748225856}",/commondocument/wz/cross_encoder_workspace/im_exp/lora/reviewer_followup/boundary_lora_closure_20260922/study/RESULTS.json
boundary_lora_closure_20260922,confirmation,qwen3_06b_base,cluener,none,none,0,False,5,61.734320637363815,0,True,"{""206100"": 61.86031541680077, ""206101"": 61.78731582319026, ""206102"": 61.636245110821385, ""206103"": 62.28799467908214, ""206104"": 61.09973215692453}",/commondocument/wz/cross_encoder_workspace/im_exp/lora/reviewer_followup/boundary_lora_closure_20260922/study/RESULTS.json
boundary_lora_closure_20260922,confirmation,qwen25_7b_base,cluener,vocab,u,1,False,5,69.74589368501381,0,True,"{""206100"": 69.32335718932987, ""206101"": 69.66364812419147, ""206102"": 69.7887669887015, ""206103"": 70.50925167840184, ""206104"": 69.44444444444444}",/commondocument/wz/cross_encoder_workspace/im_exp/lora/reviewer_followup/boundary_lora_closure_20260922/study/RESULTS.json
boundary_lora_closure_20260922,confirmation,qwen25_7b_base,wikisql,none,none,0,False,5,81.9140625,0,True,"{""207100"": 81.54296875, ""207101"": 82.6171875, ""207102"": 81.0546875, ""207103"": 81.93359375, ""207104"": 82.421875}",/commondocument/wz/cross_encoder_workspace/im_exp/lora/reviewer_followup/boundary_lora_closure_20260922/study/RESULTS.json
tied_model_expansion_20260923,common,qwen25_3b_base,cluener,none,none,0,False,5,64.43525819533069,5,True,"{""6100"": 63.72990353697749, ""6101"": 65.12365250475587, ""6102"": 64.60063897763578, ""6103"": 64.246707356248, ""6104"": 64.47538860103627}",/commondocument/wz/cross_encoder_workspace/im_exp/lora/reviewer_followup/tied_model_expansion_20260923/study/RESULTS.json
tied_model_expansion_20260923,common,qwen25_3b_base,wikisql,none,none,0,False,5,77.16796875,5,True,"{""7100"": 76.171875, ""7101"": 76.953125, ""7102"": 77.5390625, ""7103"": 77.05078125, ""7104"": 78.125}",/commondocument/wz/cross_encoder_workspace/im_exp/lora/reviewer_followup/tied_model_expansion_20260923/study/RESULTS.json
tied_model_expansion_20260923,common,qwen3_06b_base,cluener,affine,shared,8,True,5,61.921601746788895,5,True,"{""6100"": 61.059288537549406, ""6101"": 62.764947801328695, ""6102"": 62.35294117647059, ""6103"": 62.219286657859975, ""6104"": 61.21154456073581}",/commondocument/wz/cross_encoder_workspace/im_exp/lora/reviewer_followup/tied_model_expansion_20260923/study/RESULTS.json
tied_model_expansion_20260923,common,qwen3_06b_base,cluener,affine,shared,16,True,5,62.44115076876882,5,True,"{""6100"": 61.21546961325967, ""6101"": 62.567353407290014, ""6102"": 62.654418751979726, ""6103"": 62.66534391534392, ""6104"": 63.10316815597076}",/commondocument/wz/cross_encoder_workspace/im_exp/lora/reviewer_followup/tied_model_expansion_20260923/study/RESULTS.json
tied_model_expansion_20260923,common,qwen3_06b_base,cluener,affine,shared,32,True,5,62.69292329694093,5,True,"{""6100"": 61.88914910226386, ""6101"": 62.76697481670386, ""6102"": 62.68277177368086, ""6103"": 63.379355687048, ""6104"": 62.746365105008074}",/commondocument/wz/cross_encoder_workspace/im_exp/lora/reviewer_followup/tied_model_expansion_20260923/study/RESULTS.json
tied_model_expansion_20260923,common,qwen3_06b_base,cluener,vocab,shared,1,False,5,61.19978235316754,5,True,"{""6100"": 61.79245283018868, ""6101"": 60.66275566830506, ""6102"": 62.65328874024526, ""6103"": 61.16951379763469, ""6104"": 59.720900729464006}",/commondocument/wz/cross_encoder_workspace/im_exp/lora/reviewer_followup/tied_model_expansion_20260923/study/RESULTS.json
tied_model_expansion_20260923,common,qwen3_06b_base,cluener,vocab,shared,2,False,3,61.14793846538811,3,False,"{""6100"": 60.551615445232464, ""6101"": 60.59922680412371, ""6102"": 62.292973146808166}",/commondocument/wz/cross_encoder_workspace/im_exp/lora/reviewer_followup/tied_model_expansion_20260923/study/RESULTS.json
tied_model_expansion_20260923,common,qwen3_06b_base,cluener,affine,shared,16,False,3,61.91757307471093,3,False,"{""6100"": 61.069433359936156, ""6101"": 62.233454430579684, ""6102"": 62.44983143361695}",/commondocument/wz/cross_encoder_workspace/im_exp/lora/reviewer_followup/tied_model_expansion_20260923/study/RESULTS.json
tied_model_expansion_20260923,confirmation,qwen3_06b_base,cluener,none,none,0,False,5,61.734320637363815,5,True,"{""206100"": 61.86031541680077, ""206101"": 61.78731582319026, ""206102"": 61.636245110821385, ""206103"": 62.28799467908214, ""206104"": 61.09973215692453}",/commondocument/wz/cross_encoder_workspace/im_exp/lora/reviewer_followup/tied_model_expansion_20260923/study/RESULTS.json
tied_model_expansion_20260923,common,qwen3_06b_base,wikisql,affine,shared,8,True,5,71.46484375,5,True,"{""7100"": 72.8515625, ""7101"": 71.2890625, ""7102"": 71.97265625, ""7103"": 70.80078125, ""7104"": 70.41015625}",/commondocument/wz/cross_encoder_workspace/im_exp/lora/reviewer_followup/tied_model_expansion_20260923/study/RESULTS.json
tied_model_expansion_20260923,common,qwen3_06b_base,wikisql,affine,shared,16,True,5,71.66015625,5,True,"{""7100"": 73.73046875, ""7101"": 70.8984375, ""7102"": 72.265625, ""7103"": 71.09375, ""7104"": 70.3125}",/commondocument/wz/cross_encoder_workspace/im_exp/lora/reviewer_followup/tied_model_expansion_20260923/study/RESULTS.json
tied_model_expansion_20260923,common,qwen3_06b_base,wikisql,affine,shared,32,True,5,71.93359375,5,True,"{""7100"": 72.75390625, ""7101"": 71.484375, ""7102"": 71.97265625, ""7103"": 71.6796875, ""7104"": 71.77734375}",/commondocument/wz/cross_encoder_workspace/im_exp/lora/reviewer_followup/tied_model_expansion_20260923/study/RESULTS.json
tied_model_expansion_20260923,common,qwen3_06b_base,wikisql,vocab,shared,1,False,5,70.56640625,5,True,"{""7100"": 71.97265625, ""7101"": 71.09375, ""7102"": 69.921875, ""7103"": 70.41015625, ""7104"": 69.43359375}",/commondocument/wz/cross_encoder_workspace/im_exp/lora/reviewer_followup/tied_model_expansion_20260923/study/RESULTS.json
tied_model_expansion_20260923,common,qwen3_06b_base,wikisql,vocab,shared,2,False,3,69.07552083333333,3,False,"{""7100"": 70.1171875, ""7101"": 68.84765625, ""7102"": 68.26171875}",/commondocument/wz/cross_encoder_workspace/im_exp/lora/reviewer_followup/tied_model_expansion_20260923/study/RESULTS.json
tied_model_expansion_20260923,common,qwen3_06b_base,wikisql,affine,shared,16,False,3,72.36328125,3,False,"{""7100"": 73.33984375, ""7101"": 71.2890625, ""7102"": 72.4609375}",/commondocument/wz/cross_encoder_workspace/im_exp/lora/reviewer_followup/tied_model_expansion_20260923/study/RESULTS.json
tied_model_expansion_20260923,confirmation,qwen3_06b_base,wikisql,none,none,0,False,5,70.234375,5,True,"{""207100"": 70.3125, ""207101"": 69.82421875, ""207102"": 70.21484375, ""207103"": 69.43359375, ""207104"": 71.38671875}",/commondocument/wz/cross_encoder_workspace/im_exp/lora/reviewer_followup/tied_model_expansion_20260923/study/RESULTS.json
tied_model_expansion_20260923,common,qwen25_15b_base,cluener,affine,shared,8,True,5,61.43313362673757,5,True,"{""6100"": 61.31805157593123, ""6101"": 62.10392902408112, ""6102"": 61.184735749640744, ""6103"": 61.112006446414185, ""6104"": 61.446945337620576}",/commondocument/wz/cross_encoder_workspace/im_exp/lora/reviewer_followup/tied_model_expansion_20260923/study/RESULTS.json
tied_model_expansion_20260923,common,qwen25_15b_base,cluener,affine,shared,16,True,5,61.860517765123895,5,True,"{""6100"": 62.035132141161576, ""6101"": 62.13065005590161, ""6102"": 61.00459515132309, ""6103"": 62.31578947368421, ""6104"": 61.81642200354896}",/commondocument/wz/cross_encoder_workspace/im_exp/lora/reviewer_followup/tied_model_expansion_20260923/study/RESULTS.json
tied_model_expansion_20260923,common,qwen25_15b_base,cluener,affine,shared,32,True,5,62.59827051911738,5,True,"{""6100"": 61.919504643962846, ""6101"": 62.843450479233226, ""6102"": 62.52164331811743, ""6103"": 62.6957223567393, ""6104"": 63.011031797534066}",/commondocument/wz/cross_encoder_workspace/im_exp/lora/reviewer_followup/tied_model_expansion_20260923/study/RESULTS.json
tied_model_expansion_20260923,common,qwen25_15b_base,cluener,vocab,shared,1,False,5,61.82540196689198,5,True,"{""6100"": 62.281795511221944, ""6101"": 63.45627315187631, ""6102"": 60.6108813235762, ""6103"": 60.62331909507989, ""6104"": 62.15474075270554}",/commondocument/wz/cross_encoder_workspace/im_exp/lora/reviewer_followup/tied_model_expansion_20260923/study/RESULTS.json
tied_model_expansion_20260923,common,qwen25_15b_base,cluener,vocab,shared,2,False,3,61.41121177349254,3,False,"{""6100"": 62.6144616356173, ""6101"": 61.23882503192848, ""6102"": 60.38034865293186}",/commondocument/wz/cross_encoder_workspace/im_exp/lora/reviewer_followup/tied_model_expansion_20260923/study/RESULTS.json
tied_model_expansion_20260923,common,qwen25_15b_base,cluener,affine,shared,16,False,3,60.45137477633701,3,False,"{""6100"": 60.982980753936694, ""6101"": 60.422491456974214, ""6102"": 59.94865211810013}",/commondocument/wz/cross_encoder_workspace/im_exp/lora/reviewer_followup/tied_model_expansion_20260923/study/RESULTS.json
tied_model_expansion_20260923,confirmation,qwen25_15b_base,cluener,none,none,0,False,5,58.82223425839301,5,True,"{""206100"": 58.799105717023316, ""206101"": 59.17140536149472, ""206102"": 58.44632317754028, ""206103"": 58.627648839556, ""206104"": 59.06668819635072}",/commondocument/wz/cross_encoder_workspace/im_exp/lora/reviewer_followup/tied_model_expansion_20260923/study/RESULTS.json
tied_model_expansion_20260923,common,qwen25_15b_base,wikisql,affine,shared,8,True,5,72.40234375,5,True,"{""7100"": 72.94921875, ""7101"": 72.36328125, ""7102"": 71.2890625, ""7103"": 73.046875, ""7104"": 72.36328125}",/commondocument/wz/cross_encoder_workspace/im_exp/lora/reviewer_followup/tied_model_expansion_20260923/study/RESULTS.json
tied_model_expansion_20260923,common,qwen25_15b_base,wikisql,affine,shared,16,True,5,72.28515625,5,True,"{""7100"": 72.4609375, ""7101"": 72.94921875, ""7102"": 70.99609375, ""7103"": 73.33984375, ""7104"": 71.6796875}",/commondocument/wz/cross_encoder_workspace/im_exp/lora/reviewer_followup/tied_model_expansion_20260923/study/RESULTS.json
tied_model_expansion_20260923,common,qwen25_15b_base,wikisql,affine,shared,32,True,5,72.48046875,5,True,"{""7100"": 72.55859375, ""7101"": 72.94921875, ""7102"": 71.09375, ""7103"": 74.12109375, ""7104"": 71.6796875}",/commondocument/wz/cross_encoder_workspace/im_exp/lora/reviewer_followup/tied_model_expansion_20260923/study/RESULTS.json
tied_model_expansion_20260923,common,qwen25_15b_base,wikisql,vocab,shared,1,False,5,71.15234375,5,True,"{""7100"": 70.703125, ""7101"": 72.16796875, ""7102"": 70.703125, ""7103"": 71.2890625, ""7104"": 70.8984375}",/commondocument/wz/cross_encoder_workspace/im_exp/lora/reviewer_followup/tied_model_expansion_20260923/study/RESULTS.json
tied_model_expansion_20260923,common,qwen25_15b_base,wikisql,vocab,shared,2,False,3,70.41015625,3,False,"{""7100"": 70.41015625, ""7101"": 70.8984375, ""7102"": 69.921875}",/commondocument/wz/cross_encoder_workspace/im_exp/lora/reviewer_followup/tied_model_expansion_20260923/study/RESULTS.json
tied_model_expansion_20260923,common,qwen25_15b_base,wikisql,affine,shared,16,False,3,71.64713541666667,3,False,"{""7100"": 72.0703125, ""7101"": 71.6796875, ""7102"": 71.19140625}",/commondocument/wz/cross_encoder_workspace/im_exp/lora/reviewer_followup/tied_model_expansion_20260923/study/RESULTS.json
tied_model_expansion_20260923,confirmation,qwen25_15b_base,wikisql,none,none,0,False,5,70.56640625,5,True,"{""207100"": 71.19140625, ""207101"": 71.19140625, ""207102"": 69.3359375, ""207103"": 69.7265625, ""207104"": 71.38671875}",/commondocument/wz/cross_encoder_workspace/im_exp/lora/reviewer_followup/tied_model_expansion_20260923/study/RESULTS.json
tied_model_expansion_20260923,common,qwen3_4b_base,cluener,none,none,0,False,5,68.67958293043213,5,True,"{""6100"": 68.95551257253385, ""6101"": 68.3357406515808, ""6102"": 68.83870967741936, ""6103"": 68.42445810417341, ""6104"": 68.84349364645327}",/commondocument/wz/cross_encoder_workspace/im_exp/lora/reviewer_followup/tied_model_expansion_20260923/study/RESULTS.json
tied_model_expansion_20260923,common,qwen3_4b_base,cluener,affine,shared,8,True,5,69.58914363195204,5,True,"{""6100"": 69.57361222847949, ""6101"": 69.71169420149012, ""6102"": 68.86990166048686, ""6103"": 70.06514657980456, ""6104"": 69.72536348949919}",/commondocument/wz/cross_encoder_workspace/im_exp/lora/reviewer_followup/tied_model_expansion_20260923/study/RESULTS.json
tied_model_expansion_20260923,common,qwen3_4b_base,cluener,affine,shared,16,True,5,69.62725481730412,5,True,"{""6100"": 69.21962992759453, ""6101"": 69.54273711423494, ""6102"": 69.63418582065394, ""6103"": 69.7894565039987, ""6104"": 69.9502647200385}",/commondocument/wz/cross_encoder_workspace/im_exp/lora/reviewer_followup/tied_model_expansion_20260923/study/RESULTS.json
tied_model_expansion_20260923,common,qwen3_4b_base,cluener,affine,shared,32,True,5,69.97175272234213,5,True,"{""6100"": 69.9273607748184, ""6101"": 69.97916332745632, ""6102"": 69.23323708694257, ""6103"": 70.18979057591623, ""6104"": 70.52921184657711}",/commondocument/wz/cross_encoder_workspace/im_exp/lora/reviewer_followup/tied_model_expansion_20260923/study/RESULTS.json
tied_model_expansion_20260923,common,qwen3_4b_base,cluener,vocab,shared,1,False,5,69.4403962844941,5,True,"{""6100"": 69.12945711532284, ""6101"": 69.40519224449557, ""6102"": 69.02967121090617, ""6103"": 69.53985742060921, ""6104"": 70.09780343113677}",/commondocument/wz/cross_encoder_workspace/im_exp/lora/reviewer_followup/tied_model_expansion_20260923/study/RESULTS.json
tied_model_expansion_20260923,common,qwen3_4b_base,cluener,vocab,shared,2,False,3,68.71582105742499,3,False,"{""6100"": 67.85714285714286, ""6101"": 69.2017702016063, ""6102"": 69.08855011352578}",/commondocument/wz/cross_encoder_workspace/im_exp/lora/reviewer_followup/tied_model_expansion_20260923/study/RESULTS.json
tied_model_expansion_20260923,common,qwen3_4b_base,cluener,affine,shared,16,False,3,69.8845857627554,3,False,"{""6100"": 69.70233306516492, ""6101"": 70.04192196065786, ""6102"": 69.90950226244344}",/commondocument/wz/cross_encoder_workspace/im_exp/lora/reviewer_followup/tied_model_expansion_20260923/study/RESULTS.json
tied_model_expansion_20260923,common,qwen3_4b_base,wikisql,none,none,0,False,5,80.9765625,5,True,"{""7100"": 81.4453125, ""7101"": 81.15234375, ""7102"": 80.2734375, ""7103"": 81.0546875, ""7104"": 80.95703125}",/commondocument/wz/cross_encoder_workspace/im_exp/lora/reviewer_followup/tied_model_expansion_20260923/study/RESULTS.json
tied_model_expansion_20260923,common,qwen3_4b_base,wikisql,affine,shared,8,True,5,81.8359375,5,True,"{""7100"": 82.12890625, ""7101"": 82.32421875, ""7102"": 80.6640625, ""7103"": 82.32421875, ""7104"": 81.73828125}",/commondocument/wz/cross_encoder_workspace/im_exp/lora/reviewer_followup/tied_model_expansion_20260923/study/RESULTS.json
tied_model_expansion_20260923,common,qwen3_4b_base,wikisql,affine,shared,16,True,5,82.1484375,5,True,"{""7100"": 81.73828125, ""7101"": 82.71484375, ""7102"": 81.93359375, ""7103"": 82.12890625, ""7104"": 82.2265625}",/commondocument/wz/cross_encoder_workspace/im_exp/lora/reviewer_followup/tied_model_expansion_20260923/study/RESULTS.json
tied_model_expansion_20260923,common,qwen3_4b_base,wikisql,affine,shared,32,True,5,82.1875,5,True,"{""7100"": 81.73828125, ""7101"": 83.203125, ""7102"": 81.54296875, ""7103"": 81.640625, ""7104"": 82.8125}",/commondocument/wz/cross_encoder_workspace/im_exp/lora/reviewer_followup/tied_model_expansion_20260923/study/RESULTS.json
tied_model_expansion_20260923,common,qwen3_4b_base,wikisql,vocab,shared,1,False,5,81.19140625,5,True,"{""7100"": 81.34765625, ""7101"": 80.76171875, ""7102"": 81.15234375, ""7103"": 81.0546875, ""7104"": 81.640625}",/commondocument/wz/cross_encoder_workspace/im_exp/lora/reviewer_followup/tied_model_expansion_20260923/study/RESULTS.json
tied_model_expansion_20260923,common,qwen3_4b_base,wikisql,vocab,shared,2,False,3,80.11067708333333,3,False,"{""7100"": 81.4453125, ""7101"": 79.8828125, ""7102"": 79.00390625}",/commondocument/wz/cross_encoder_workspace/im_exp/lora/reviewer_followup/tied_model_expansion_20260923/study/RESULTS.json
tied_model_expansion_20260923,common,qwen3_4b_base,wikisql,affine,shared,16,False,3,82.12890625,3,False,"{""7100"": 82.6171875, ""7101"": 82.2265625, ""7102"": 81.54296875}",/commondocument/wz/cross_encoder_workspace/im_exp/lora/reviewer_followup/tied_model_expansion_20260923/study/RESULTS.json
tied_model_expansion_20260923,confirmation,qwen3_06b_base,cluener,vocab,shared,1,False,5,62.80099797547499,5,True,"{""206100"": 62.9903536977492, ""206101"": 62.993896562801154, ""206102"": 61.59831415140217, ""206103"": 64.08149852119618, ""206104"": 62.34092694422624}",/commondocument/wz/cross_encoder_workspace/im_exp/lora/reviewer_followup/tied_model_expansion_20260923/study/RESULTS.json
tied_model_expansion_20260923,confirmation,qwen3_06b_base,cluener,affine,shared,16,True,5,63.2580706541561,5,True,"{""206100"": 63.11197285506544, ""206101"": 63.474387527839646, ""206102"": 62.44387427838358, ""206103"": 64.00133266699983, ""206104"": 63.25878594249201}",/commondocument/wz/cross_encoder_workspace/im_exp/lora/reviewer_followup/tied_model_expansion_20260923/study/RESULTS.json
tied_model_expansion_20260923,confirmation,qwen3_06b_base,wikisql,vocab,shared,1,False,5,71.30859375,5,True,"{""207100"": 70.80078125, ""207101"": 71.2890625, ""207102"": 70.3125, ""207103"": 71.58203125, ""207104"": 72.55859375}",/commondocument/wz/cross_encoder_workspace/im_exp/lora/reviewer_followup/tied_model_expansion_20260923/study/RESULTS.json
tied_model_expansion_20260923,confirmation,qwen3_06b_base,wikisql,affine,shared,16,True,5,72.75390625,5,True,"{""207100"": 73.92578125, ""207101"": 72.8515625, ""207102"": 72.75390625, ""207103"": 71.875, ""207104"": 72.36328125}",/commondocument/wz/cross_encoder_workspace/im_exp/lora/reviewer_followup/tied_model_expansion_20260923/study/RESULTS.json
tied_model_expansion_20260923,confirmation,qwen25_15b_base,cluener,vocab,shared,1,False,5,61.8226882092258,5,True,"{""206100"": 62.5, ""206101"": 62.808863382751476, ""206102"": 61.38296165570351, ""206103"": 61.636060100166944, ""206104"": 60.785555907507124}",/commondocument/wz/cross_encoder_workspace/im_exp/lora/reviewer_followup/tied_model_expansion_20260923/study/RESULTS.json
tied_model_expansion_20260923,confirmation,qwen25_15b_base,cluener,affine,shared,16,True,5,64.15232053942785,5,True,"{""206100"": 62.90296712109062, ""206101"": 64.32081153907117, ""206102"": 63.95274584929757, ""206103"": 65.83932070542129, ""206104"": 63.74575748225856}",/commondocument/wz/cross_encoder_workspace/im_exp/lora/reviewer_followup/tied_model_expansion_20260923/study/RESULTS.json
tied_model_expansion_20260923,confirmation,qwen25_15b_base,wikisql,vocab,shared,1,False,5,72.5390625,5,True,"{""207100"": 72.4609375, ""207101"": 72.36328125, ""207102"": 71.19140625, ""207103"": 73.14453125, ""207104"": 73.53515625}",/commondocument/wz/cross_encoder_workspace/im_exp/lora/reviewer_followup/tied_model_expansion_20260923/study/RESULTS.json
tied_model_expansion_20260923,confirmation,qwen25_15b_base,wikisql,affine,shared,16,True,5,73.45703125,5,True,"{""207100"": 71.97265625, ""207101"": 74.31640625, ""207102"": 74.12109375, ""207103"": 73.14453125, ""207104"": 73.73046875}",/commondocument/wz/cross_encoder_workspace/im_exp/lora/reviewer_followup/tied_model_expansion_20260923/study/RESULTS.json
tied_model_expansion_20260923,common,llama32_3b_base,cluener,affine,shared,16,False,3,64.4120018141614,0,False,"{""6100"": 64.3842284601655, ""6101"": 65.06063055780113, ""6102"": 63.79114642451759}",/commondocument/wz/cross_encoder_workspace/im_exp/lora/reviewer_followup/tied_model_expansion_20260923/study/RESULTS.json
tied_model_expansion_20260923,confirmation,qwen3_4b_base,cluener,none,none,0,False,5,68.62629321710781,0,True,"{""206100"": 69.148244473342, ""206101"": 69.00357026939305, ""206102"": 67.91522917693445, ""206103"": 68.50393700787401, ""206104"": 68.56048515799553}",/commondocument/wz/cross_encoder_workspace/im_exp/lora/reviewer_followup/tied_model_expansion_20260923/study/RESULTS.json
tied_model_expansion_20260923,confirmation,qwen3_4b_base,cluener,affine,shared,16,True,5,69.21787263657305,0,True,"{""206100"": 69.65630114566285, ""206101"": 69.55112623561821, ""206102"": 69.05193734542456, ""206103"": 69.0750040498947, ""206104"": 68.75499440626498}",/commondocument/wz/cross_encoder_workspace/im_exp/lora/reviewer_followup/tied_model_expansion_20260923/study/RESULTS.json
tied_model_expansion_20260923,confirmation,llama32_3b_base,wikisql,affine,shared,16,True,5,77.8125,0,True,"{""207100"": 78.22265625, ""207101"": 77.05078125, ""207102"": 78.125, ""207103"": 77.24609375, ""207104"": 78.41796875}",/commondocument/wz/cross_encoder_workspace/im_exp/lora/reviewer_followup/tied_model_expansion_20260923/study/RESULTS.json
tied_model_expansion_20260923,common,llama32_3b_base,cluener,affine,shared,16,True,5,65.36685438524412,0,True,"{""6100"": 65.2869846402587, ""6101"": 66.01594273629412, ""6102"": 65.34944480731548, ""6103"": 65.72877474235236, ""6104"": 64.453125}",/commondocument/wz/cross_encoder_workspace/im_exp/lora/reviewer_followup/tied_model_expansion_20260923/study/RESULTS.json
tied_model_expansion_20260923,common,qwen3_17b_base,cluener,affine,shared,16,True,5,66.30700321920703,0,True,"{""6100"": 65.86981101599095, ""6101"": 66.39562157935887, ""6102"": 66.26391096979333, ""6103"": 67.29365980217285, ""6104"": 65.71201272871917}",/commondocument/wz/cross_encoder_workspace/im_exp/lora/reviewer_followup/tied_model_expansion_20260923/study/RESULTS.json
tied_model_expansion_20260923,common,llama32_3b_base,wikisql,none,none,0,False,5,77.03125,0,True,"{""7100"": 77.44140625, ""7101"": 75.78125, ""7102"": 76.85546875, ""7103"": 77.05078125, ""7104"": 78.02734375}",/commondocument/wz/cross_encoder_workspace/im_exp/lora/reviewer_followup/tied_model_expansion_20260923/study/RESULTS.json
tied_model_expansion_20260923,confirmation,qwen3_4b_base,wikisql,none,none,0,False,5,81.2890625,0,True,"{""207100"": 81.15234375, ""207101"": 81.54296875, ""207102"": 81.54296875, ""207103"": 81.8359375, ""207104"": 80.37109375}",/commondocument/wz/cross_encoder_workspace/im_exp/lora/reviewer_followup/tied_model_expansion_20260923/study/RESULTS.json
tied_model_expansion_20260923,common,llama32_1b_base,cluener,affine,shared,8,True,5,58.0075965358274,0,True,"{""6100"": 57.72081531809759, ""6101"": 57.900659058029255, ""6102"": 58.00604229607251, ""6103"": 57.419980601357906, ""6104"": 58.99048540557975}",/commondocument/wz/cross_encoder_workspace/im_exp/lora/reviewer_followup/tied_model_expansion_20260923/study/RESULTS.json
tied_model_expansion_20260923,common,qwen25_05b_base,cluener,affine,shared,16,False,3,57.25545777328378,0,False,"{""6100"": 56.63660813162474, ""6101"": 56.99465576862622, ""6102"": 58.13510941960038}",/commondocument/wz/cross_encoder_workspace/im_exp/lora/reviewer_followup/tied_model_expansion_20260923/study/RESULTS.json
tied_model_expansion_20260923,confirmation,qwen25_3b_base,wikisql,affine,shared,16,True,5,78.125,0,True,"{""207100"": 77.44140625, ""207101"": 78.125, ""207102"": 78.02734375, ""207103"": 78.3203125, ""207104"": 78.7109375}",/commondocument/wz/cross_encoder_workspace/im_exp/lora/reviewer_followup/tied_model_expansion_20260923/study/RESULTS.json
tied_model_expansion_20260923,common,qwen25_05b_base,cluener,affine,shared,16,True,5,57.880750973040186,0,True,"{""6100"": 57.06051873198847, ""6101"": 57.410941475826974, ""6102"": 57.6983876067025, ""6103"": 58.33740035789816, ""6104"": 58.896506692784854}",/commondocument/wz/cross_encoder_workspace/im_exp/lora/reviewer_followup/tied_model_expansion_20260923/study/RESULTS.json
tied_model_expansion_20260923,common,llama32_3b_base,cluener,vocab,shared,2,False,3,63.1881392858069,0,False,"{""6100"": 62.55743939153859, ""6101"": 64.18875242404654, ""6102"": 62.81822604183558}",/commondocument/wz/cross_encoder_workspace/im_exp/lora/reviewer_followup/tied_model_expansion_20260923/study/RESULTS.json
tied_model_expansion_20260923,common,qwen25_3b_base,cluener,affine,shared,8,True,5,65.51102122101146,0,True,"{""6100"": 64.94795836669336, ""6101"": 66.05359124781988, ""6102"": 66.02979274611398, ""6103"": 65.12151939481731, ""6104"": 65.40224434961277}",/commondocument/wz/cross_encoder_workspace/im_exp/lora/reviewer_followup/tied_model_expansion_20260923/study/RESULTS.json
tied_model_expansion_20260923,common,qwen25_05b_base,wikisql,affine,shared,16,True,5,39.1015625,0,True,"{""7100"": 37.79296875, ""7101"": 38.96484375, ""7102"": 38.57421875, ""7103"": 37.01171875, ""7104"": 43.1640625}",/commondocument/wz/cross_encoder_workspace/im_exp/lora/reviewer_followup/tied_model_expansion_20260923/study/RESULTS.json
tied_model_expansion_20260923,common,qwen3_17b_base,cluener,affine,shared,8,True,5,66.10232981007059,0,True,"{""6100"": 65.76489533011272, ""6101"": 66.10434239300218, ""6102"": 66.2412252712189, ""6103"": 66.40889318511358, ""6104"": 65.99229287090559}",/commondocument/wz/cross_encoder_workspace/im_exp/lora/reviewer_followup/tied_model_expansion_20260923/study/RESULTS.json
tied_model_expansion_20260923,confirmation,qwen3_17b_base,wikisql,affine,shared,16,True,5,76.42578125,0,True,"{""207100"": 77.05078125, ""207101"": 76.46484375, ""207102"": 75.9765625, ""207103"": 76.7578125, ""207104"": 75.87890625}",/commondocument/wz/cross_encoder_workspace/im_exp/lora/reviewer_followup/tied_model_expansion_20260923/study/RESULTS.json
tied_model_expansion_20260923,common,llama32_1b_base,wikisql,affine,shared,16,True,5,60.078125,0,True,"{""7100"": 59.5703125, ""7101"": 60.64453125, ""7102"": 60.546875, ""7103"": 58.984375, ""7104"": 60.64453125}",/commondocument/wz/cross_encoder_workspace/im_exp/lora/reviewer_followup/tied_model_expansion_20260923/study/RESULTS.json
tied_model_expansion_20260923,confirmation,qwen25_05b_base,cluener,none,none,0,False,5,57.92494395338188,0,True,"{""206100"": 57.21535045987948, ""206101"": 58.57461024498886, ""206102"": 58.60889395667047, ""206103"": 57.334450963956414, ""206104"": 57.89141414141414}",/commondocument/wz/cross_encoder_workspace/im_exp/lora/reviewer_followup/tied_model_expansion_20260923/study/RESULTS.json
tied_model_expansion_20260923,common,qwen25_05b_base,wikisql,vocab,shared,1,False,5,36.19140625,0,True,"{""7100"": 35.7421875, ""7101"": 33.88671875, ""7102"": 34.5703125, ""7103"": 36.42578125, ""7104"": 40.33203125}",/commondocument/wz/cross_encoder_workspace/im_exp/lora/reviewer_followup/tied_model_expansion_20260923/study/RESULTS.json
tied_model_expansion_20260923,confirmation,llama32_3b_base,cluener,affine,shared,16,True,5,65.63111958047223,0,True,"{""206100"": 66.66666666666667, ""206101"": 66.70955291090382, ""206102"": 64.92734478203434, ""206103"": 64.59793126459793, ""206104"": 65.25410227815836}",/commondocument/wz/cross_encoder_workspace/im_exp/lora/reviewer_followup/tied_model_expansion_20260923/study/RESULTS.json
tied_model_expansion_20260923,common,llama32_3b_base,wikisql,vocab,shared,1,False,5,76.50390625,0,True,"{""7100"": 76.171875, ""7101"": 76.46484375, ""7102"": 75.5859375, ""7103"": 76.953125, ""7104"": 77.34375}",/commondocument/wz/cross_encoder_workspace/im_exp/lora/reviewer_followup/tied_model_expansion_20260923/study/RESULTS.json
tied_model_expansion_20260923,common,llama32_1b_base,wikisql,affine,shared,8,True,5,59.51171875,0,True,"{""7100"": 59.27734375, ""7101"": 60.83984375, ""7102"": 59.66796875, ""7103"": 58.88671875, ""7104"": 58.88671875}",/commondocument/wz/cross_encoder_workspace/im_exp/lora/reviewer_followup/tied_model_expansion_20260923/study/RESULTS.json
tied_model_expansion_20260923,common,qwen3_17b_base,cluener,vocab,shared,2,False,3,66.05772484046521,0,False,"{""6100"": 66.29050459455102, ""6101"": 66.8364099299809, ""6102"": 65.04625999686372}",/commondocument/wz/cross_encoder_workspace/im_exp/lora/reviewer_followup/tied_model_expansion_20260923/study/RESULTS.json
tied_model_expansion_20260923,confirmation,llama32_3b_base,wikisql,vocab,shared,1,False,5,76.42578125,0,True,"{""207100"": 77.1484375, ""207101"": 76.26953125, ""207102"": 76.26953125, ""207103"": 76.3671875, ""207104"": 76.07421875}",/commondocument/wz/cross_encoder_workspace/im_exp/lora/reviewer_followup/tied_model_expansion_20260923/study/RESULTS.json
tied_model_expansion_20260923,confirmation,qwen3_17b_base,wikisql,none,none,0,False,5,74.0234375,0,True,"{""207100"": 74.12109375, ""207101"": 72.65625, ""207102"": 74.31640625, ""207103"": 74.70703125, ""207104"": 74.31640625}",/commondocument/wz/cross_encoder_workspace/im_exp/lora/reviewer_followup/tied_model_expansion_20260923/study/RESULTS.json
tied_model_expansion_20260923,confirmation,llama32_3b_base,cluener,none,none,0,False,5,63.75946128300802,0,True,"{""206100"": 64.5984811762805, ""206101"": 64.83480536473667, ""206102"": 62.40858117991224, ""206103"": 63.45933562428408, ""206104"": 63.496103069826624}",/commondocument/wz/cross_encoder_workspace/im_exp/lora/reviewer_followup/tied_model_expansion_20260923/study/RESULTS.json
tied_model_expansion_20260923,common,qwen3_17b_base,wikisql,affine,shared,16,True,5,75.41015625,0,True,"{""7100"": 75.390625, ""7101"": 74.12109375, ""7102"": 74.609375, ""7103"": 76.5625, ""7104"": 76.3671875}",/commondocument/wz/cross_encoder_workspace/im_exp/lora/reviewer_followup/tied_model_expansion_20260923/study/RESULTS.json
tied_model_expansion_20260923,common,llama32_3b_base,wikisql,affine,shared,8,True,5,77.6171875,0,True,"{""7100"": 77.63671875, ""7101"": 77.9296875, ""7102"": 76.85546875, ""7103"": 77.63671875, ""7104"": 78.02734375}",/commondocument/wz/cross_encoder_workspace/im_exp/lora/reviewer_followup/tied_model_expansion_20260923/study/RESULTS.json
tied_model_expansion_20260923,common,llama32_1b_base,cluener,affine,shared,16,False,3,57.54186493908383,0,False,"{""6100"": 58.25816485225506, ""6101"": 57.70334928229665, ""6102"": 56.66408068269977}",/commondocument/wz/cross_encoder_workspace/im_exp/lora/reviewer_followup/tied_model_expansion_20260923/study/RESULTS.json
tied_model_expansion_20260923,common,qwen3_17b_base,wikisql,affine,shared,8,True,5,74.7265625,0,True,"{""7100"": 75.68359375, ""7101"": 73.6328125, ""7102"": 73.92578125, ""7103"": 74.70703125, ""7104"": 75.68359375}",/commondocument/wz/cross_encoder_workspace/im_exp/lora/reviewer_followup/tied_model_expansion_20260923/study/RESULTS.json
tied_model_expansion_20260923,confirmation,llama32_1b_base,cluener,vocab,shared,1,False,5,57.55687902163329,0,True,"{""206100"": 57.391584717072384, ""206101"": 57.778474071753095, ""206102"": 57.01867353509337, ""206103"": 58.199303598076604, ""206104"": 57.396359186171026}",/commondocument/wz/cross_encoder_workspace/im_exp/lora/reviewer_followup/tied_model_expansion_20260923/study/RESULTS.json
tied_model_expansion_20260923,common,llama32_3b_base,cluener,affine,shared,8,True,5,64.89951596979373,0,True,"{""6100"": 65.0278597181252, ""6101"": 65.9090909090909, ""6102"": 64.32406051732552, ""6103"": 65.726467694326, ""6104"": 63.51010101010101}",/commondocument/wz/cross_encoder_workspace/im_exp/lora/reviewer_followup/tied_model_expansion_20260923/study/RESULTS.json
tied_model_expansion_20260923,confirmation,llama32_3b_base,wikisql,none,none,0,False,5,77.01171875,0,True,"{""207100"": 76.46484375, ""207101"": 77.34375, ""207102"": 76.46484375, ""207103"": 78.125, ""207104"": 76.66015625}",/commondocument/wz/cross_encoder_workspace/im_exp/lora/reviewer_followup/tied_model_expansion_20260923/study/RESULTS.json
tied_model_expansion_20260923,confirmation,llama32_1b_base,wikisql,affine,shared,16,True,5,61.54296875,0,True,"{""207100"": 62.01171875, ""207101"": 61.42578125, ""207102"": 60.64453125, ""207103"": 60.546875, ""207104"": 63.0859375}",/commondocument/wz/cross_encoder_workspace/im_exp/lora/reviewer_followup/tied_model_expansion_20260923/study/RESULTS.json
tied_model_expansion_20260923,confirmation,qwen25_3b_base,wikisql,none,none,0,False,5,77.109375,0,True,"{""207100"": 76.171875, ""207101"": 77.34375, ""207102"": 77.1484375, ""207103"": 77.9296875, ""207104"": 76.953125}",/commondocument/wz/cross_encoder_workspace/im_exp/lora/reviewer_followup/tied_model_expansion_20260923/study/RESULTS.json
tied_model_expansion_20260923,common,llama32_1b_base,cluener,affine,shared,32,True,5,58.99751493682967,0,True,"{""6100"": 59.52120168987639, ""6101"": 58.87418274597353, ""6102"": 58.650932865571676, ""6103"": 58.68438107582631, ""6104"": 59.25687630690044}",/commondocument/wz/cross_encoder_workspace/im_exp/lora/reviewer_followup/tied_model_expansion_20260923/study/RESULTS.json
tied_model_expansion_20260923,common,llama32_3b_base,cluener,none,none,0,False,5,63.48904844423657,0,True,"{""6100"": 63.28463637823086, ""6101"": 64.57831325301204, ""6102"": 62.65060240963855, ""6103"": 63.60698125404008, ""6104"": 63.32470892626132}",/commondocument/wz/cross_encoder_workspace/im_exp/lora/reviewer_followup/tied_model_expansion_20260923/study/RESULTS.json
tied_model_expansion_20260923,common,qwen25_15b_base,wikisql,none,none,0,False,5,70.25390625,0,True,"{""7100"": 70.80078125, ""7101"": 69.82421875, ""7102"": 70.80078125, ""7103"": 70.703125, ""7104"": 69.140625}",/commondocument/wz/cross_encoder_workspace/im_exp/lora/reviewer_followup/tied_model_expansion_20260923/study/RESULTS.json
tied_model_expansion_20260923,common,qwen3_17b_base,cluener,affine,shared,32,True,5,66.46780972644967,0,True,"{""6100"": 66.02254428341385, ""6101"": 66.80218921032056, ""6102"": 66.56121480544131, ""6103"": 66.80935133355285, ""6104"": 66.14374899951977}",/commondocument/wz/cross_encoder_workspace/im_exp/lora/reviewer_followup/tied_model_expansion_20260923/study/RESULTS.json
tied_model_expansion_20260923,confirmation,qwen25_3b_base,wikisql,vocab,shared,1,False,5,77.75390625,0,True,"{""207100"": 77.5390625, ""207101"": 78.515625, ""207102"": 77.5390625, ""207103"": 78.3203125, ""207104"": 76.85546875}",/commondocument/wz/cross_encoder_workspace/im_exp/lora/reviewer_followup/tied_model_expansion_20260923/study/RESULTS.json
tied_model_expansion_20260923,confirmation,qwen3_4b_base,cluener,vocab,shared,1,False,5,69.93593695972717,0,True,"{""206100"": 70.23400425462282, ""206101"": 70.88116410670978, ""206102"": 69.84600099354198, ""206103"": 69.4125369215622, ""206104"": 69.30597852219907}",/commondocument/wz/cross_encoder_workspace/im_exp/lora/reviewer_followup/tied_model_expansion_20260923/study/RESULTS.json
tied_model_expansion_20260923,common,qwen3_06b_base,cluener,none,none,0,False,5,60.8166241985942,0,True,"{""6100"": 60.476190476190474, ""6101"": 61.029759093056214, ""6102"": 61.418326693227094, ""6103"": 60.83836242048606, ""6104"": 60.32048231001111}",/commondocument/wz/cross_encoder_workspace/im_exp/lora/reviewer_followup/tied_model_expansion_20260923/study/RESULTS.json
tied_model_expansion_20260923,common,qwen3_17b_base,wikisql,affine,shared,32,True,5,75.5859375,0,True,"{""7100"": 75.29296875, ""7101"": 74.609375, ""7102"": 74.8046875, ""7103"": 77.44140625, ""7104"": 75.78125}",/commondocument/wz/cross_encoder_workspace/im_exp/lora/reviewer_followup/tied_model_expansion_20260923/study/RESULTS.json
tied_model_expansion_20260923,common,llama32_3b_base,cluener,vocab,shared,1,False,5,63.819051402940296,0,True,"{""6100"": 62.9126213592233, ""6101"": 65.14903373730756, ""6102"": 64.91694352159469, ""6103"": 62.465396515225535, ""6104"": 63.65126188135038}",/commondocument/wz/cross_encoder_workspace/im_exp/lora/reviewer_followup/tied_model_expansion_20260923/study/RESULTS.json
tied_model_expansion_20260923,confirmation,qwen25_3b_base,cluener,none,none,0,False,5,64.59486843465403,0,True,"{""206100"": 64.97165991902834, ""206101"": 64.54974759811105, ""206102"": 64.94243283831136, ""206103"": 64.77976888293418, ""206104"": 63.73073293488518}",/commondocument/wz/cross_encoder_workspace/im_exp/lora/reviewer_followup/tied_model_expansion_20260923/study/RESULTS.json
tied_model_expansion_20260923,common,qwen25_3b_base,cluener,affine,shared,16,False,3,65.68487848846304,0,False,"{""6100"": 64.91144088080421, ""6101"": 66.15945474718656, ""6102"": 65.98373983739837}",/commondocument/wz/cross_encoder_workspace/im_exp/lora/reviewer_followup/tied_model_expansion_20260923/study/RESULTS.json
tied_model_expansion_20260923,common,llama32_1b_base,wikisql,affine,shared,32,True,5,60.15625,0,True,"{""7100"": 59.66796875, ""7101"": 59.86328125, ""7102"": 61.42578125, ""7103"": 59.9609375, ""7104"": 59.86328125}",/commondocument/wz/cross_encoder_workspace/im_exp/lora/reviewer_followup/tied_model_expansion_20260923/study/RESULTS.json
tied_model_expansion_20260923,common,qwen25_15b_base,cluener,none,none,0,False,5,59.17261475217774,0,True,"{""6100"": 59.159397303727204, ""6101"": 58.995750039351485, ""6102"": 58.84991190132949, ""6103"": 59.527255185721174, ""6104"": 59.33075933075933}",/commondocument/wz/cross_encoder_workspace/im_exp/lora/reviewer_followup/tied_model_expansion_20260923/study/RESULTS.json
tied_model_expansion_20260923,confirmation,qwen25_05b_base,cluener,affine,shared,16,True,5,58.87153392215164,0,True,"{""206100"": 58.66160417655434, ""206101"": 59.26161680458307, ""206102"": 59.43762120232709, ""206103"": 59.710710222655614, ""206104"": 57.286117204638046}",/commondocument/wz/cross_encoder_workspace/im_exp/lora/reviewer_followup/tied_model_expansion_20260923/study/RESULTS.json
tied_model_expansion_20260923,common,qwen3_17b_base,cluener,none,none,0,False,5,63.84534866385453,0,True,"{""6100"": 64.08360128617363, ""6101"": 63.80407124681934, ""6102"": 64.45362134688692, ""6103"": 63.25909309405544, ""6104"": 63.626356345337314}",/commondocument/wz/cross_encoder_workspace/im_exp/lora/reviewer_followup/tied_model_expansion_20260923/study/RESULTS.json
tied_model_expansion_20260923,common,qwen25_05b_base,wikisql,affine,shared,32,True,5,39.9609375,0,True,"{""7100"": 39.55078125, ""7101"": 38.37890625, ""7102"": 39.6484375, ""7103"": 38.8671875, ""7104"": 43.359375}",/commondocument/wz/cross_encoder_workspace/im_exp/lora/reviewer_followup/tied_model_expansion_20260923/study/RESULTS.json
tied_model_expansion_20260923,confirmation,llama32_1b_base,cluener,affine,shared,16,True,5,58.85730921263671,0,True,"{""206100"": 58.61513687600644, ""206101"": 59.02000945328501, ""206102"": 59.05889884763124, ""206103"": 59.52897945548689, ""206104"": 58.063521430773974}",/commondocument/wz/cross_encoder_workspace/im_exp/lora/reviewer_followup/tied_model_expansion_20260923/study/RESULTS.json
tied_model_expansion_20260923,common,qwen25_3b_base,wikisql,affine,shared,8,True,5,77.67578125,0,True,"{""7100"": 78.41796875, ""7101"": 76.26953125, ""7102"": 77.24609375, ""7103"": 78.3203125, ""7104"": 78.125}",/commondocument/wz/cross_encoder_workspace/im_exp/lora/reviewer_followup/tied_model_expansion_20260923/study/RESULTS.json
tied_model_expansion_20260923,common,llama32_1b_base,wikisql,none,none,0,False,5,57.24609375,0,True,"{""7100"": 56.15234375, ""7101"": 57.71484375, ""7102"": 56.93359375, ""7103"": 57.32421875, ""7104"": 58.10546875}",/commondocument/wz/cross_encoder_workspace/im_exp/lora/reviewer_followup/tied_model_expansion_20260923/study/RESULTS.json
tied_model_expansion_20260923,common,llama32_3b_base,wikisql,vocab,shared,2,False,3,75.0,0,False,"{""7100"": 75.68359375, ""7101"": 74.90234375, ""7102"": 74.4140625}",/commondocument/wz/cross_encoder_workspace/im_exp/lora/reviewer_followup/tied_model_expansion_20260923/study/RESULTS.json
tied_model_expansion_20260923,confirmation,llama32_1b_base,wikisql,vocab,shared,1,False,5,59.94140625,0,True,"{""207100"": 61.81640625, ""207101"": 60.44921875, ""207102"": 58.7890625, ""207103"": 58.3984375, ""207104"": 60.25390625}",/commondocument/wz/cross_encoder_workspace/im_exp/lora/reviewer_followup/tied_model_expansion_20260923/study/RESULTS.json
tied_model_expansion_20260923,confirmation,qwen3_4b_base,wikisql,vocab,shared,1,False,5,82.48046875,0,True,"{""207100"": 82.2265625, ""207101"": 82.51953125, ""207102"": 81.54296875, ""207103"": 84.08203125, ""207104"": 82.03125}",/commondocument/wz/cross_encoder_workspace/im_exp/lora/reviewer_followup/tied_model_expansion_20260923/study/RESULTS.json
tied_model_expansion_20260923,common,qwen25_05b_base,cluener,affine,shared,32,True,5,58.23855949759809,0,True,"{""6100"": 57.77345017851347, ""6101"": 57.46541580537446, ""6102"": 57.95454545454545, ""6103"": 58.77149877149877, ""6104"": 59.22788727805832}",/commondocument/wz/cross_encoder_workspace/im_exp/lora/reviewer_followup/tied_model_expansion_20260923/study/RESULTS.json
tied_model_expansion_20260923,common,qwen25_05b_base,cluener,vocab,shared,2,False,3,55.57107938569689,0,False,"{""6100"": 55.09348807221148, ""6101"": 54.185161699429294, ""6102"": 57.434588385449906}",/commondocument/wz/cross_encoder_workspace/im_exp/lora/reviewer_followup/tied_model_expansion_20260923/study/RESULTS.json
tied_model_expansion_20260923,confirmation,qwen3_17b_base,cluener,vocab,shared,1,False,5,66.16196380994003,0,True,"{""206100"": 66.67749796913078, ""206101"": 66.61192314008868, ""206102"": 65.8750813272609, ""206103"": 65.38649308380798, ""206104"": 66.25882352941177}",/commondocument/wz/cross_encoder_workspace/im_exp/lora/reviewer_followup/tied_model_expansion_20260923/study/RESULTS.json
tied_model_expansion_20260923,common,llama32_1b_base,cluener,affine,shared,16,True,5,58.48244333766648,0,True,"{""6100"": 58.94868585732165, ""6101"": 58.41869398207427, ""6102"": 58.62891681247017, ""6103"": 57.800261096605745, ""6104"": 58.615658939860595}",/commondocument/wz/cross_encoder_workspace/im_exp/lora/reviewer_followup/tied_model_expansion_20260923/study/RESULTS.json
tied_model_expansion_20260923,confirmation,llama32_1b_base,cluener,none,none,0,False,5,55.87245001066226,0,True,"{""206100"": 54.983570646221246, ""206101"": 55.910294346674974, ""206102"": 56.06843124596514, ""206103"": 57.15255387748176, ""206104"": 55.24739993696817}",/commondocument/wz/cross_encoder_workspace/im_exp/lora/reviewer_followup/tied_model_expansion_20260923/study/RESULTS.json
tied_model_expansion_20260923,common,qwen25_05b_base,cluener,affine,shared,8,True,5,58.04022792605805,0,True,"{""6100"": 57.183589418659906, ""6101"": 57.76367961934972, ""6102"": 58.32012678288431, ""6103"": 58.22406639004149, ""6104"": 58.70967741935484}",/commondocument/wz/cross_encoder_workspace/im_exp/lora/reviewer_followup/tied_model_expansion_20260923/study/RESULTS.json
tied_model_expansion_20260923,common,llama32_1b_base,wikisql,vocab,shared,2,False,3,54.557291666666664,0,False,"{""7100"": 53.80859375, ""7101"": 55.078125, ""7102"": 54.78515625}",/commondocument/wz/cross_encoder_workspace/im_exp/lora/reviewer_followup/tied_model_expansion_20260923/study/RESULTS.json
tied_model_expansion_20260923,common,qwen25_05b_base,cluener,none,none,0,False,5,56.84485030609973,0,True,"{""6100"": 55.96837944664031, ""6101"": 56.405384006334124, ""6102"": 57.4203821656051, ""6103"": 56.74083769633508, ""6104"": 57.68926821558401}",/commondocument/wz/cross_encoder_workspace/im_exp/lora/reviewer_followup/tied_model_expansion_20260923/study/RESULTS.json
tied_model_expansion_20260923,common,qwen3_17b_base,cluener,vocab,shared,1,False,5,66.02719066500924,0,True,"{""6100"": 66.54832983701792, ""6101"": 67.05128205128206, ""6102"": 65.45798518051396, ""6103"": 65.38021259198692, ""6104"": 65.69814366424536}",/commondocument/wz/cross_encoder_workspace/im_exp/lora/reviewer_followup/tied_model_expansion_20260923/study/RESULTS.json
tied_model_expansion_20260923,common,llama32_1b_base,cluener,none,none,0,False,5,55.72092329509851,0,True,"{""6100"": 56.2480715828448, ""6101"": 56.496631376323386, ""6102"": 55.04815159987574, ""6103"": 53.89067524115756, ""6104"": 56.92108667529107}",/commondocument/wz/cross_encoder_workspace/im_exp/lora/reviewer_followup/tied_model_expansion_20260923/study/RESULTS.json
tied_model_expansion_20260923,common,qwen25_3b_base,wikisql,affine,shared,16,False,3,77.18098958333333,0,False,"{""7100"": 77.63671875, ""7101"": 76.46484375, ""7102"": 77.44140625}",/commondocument/wz/cross_encoder_workspace/im_exp/lora/reviewer_followup/tied_model_expansion_20260923/study/RESULTS.json
tied_model_expansion_20260923,common,qwen25_3b_base,cluener,affine,shared,16,True,5,65.60054819961678,0,True,"{""6100"": 65.17500399552502, ""6101"": 65.69666297643523, ""6102"": 66.01752677702045, ""6103"": 66.1459993624482, ""6104"": 64.96754788665505}",/commondocument/wz/cross_encoder_workspace/im_exp/lora/reviewer_followup/tied_model_expansion_20260923/study/RESULTS.json
tied_model_expansion_20260923,confirmation,qwen25_05b_base,wikisql,vocab,shared,1,False,5,36.50390625,0,True,"{""207100"": 37.890625, ""207101"": 35.44921875, ""207102"": 34.86328125, ""207103"": 36.9140625, ""207104"": 37.40234375}",/commondocument/wz/cross_encoder_workspace/im_exp/lora/reviewer_followup/tied_model_expansion_20260923/study/RESULTS.json
tied_model_expansion_20260923,common,qwen25_05b_base,wikisql,affine,shared,16,False,3,37.98828125,0,False,"{""7100"": 38.57421875, ""7101"": 38.0859375, ""7102"": 37.3046875}",/commondocument/wz/cross_encoder_workspace/im_exp/lora/reviewer_followup/tied_model_expansion_20260923/study/RESULTS.json
tied_model_expansion_20260923,common,llama32_1b_base,wikisql,vocab,shared,1,False,5,56.73828125,0,True,"{""7100"": 55.859375, ""7101"": 56.93359375, ""7102"": 56.640625, ""7103"": 57.71484375, ""7104"": 56.54296875}",/commondocument/wz/cross_encoder_workspace/im_exp/lora/reviewer_followup/tied_model_expansion_20260923/study/RESULTS.json
tied_model_expansion_20260923,confirmation,llama32_1b_base,wikisql,none,none,0,False,5,58.515625,0,True,"{""207100"": 57.6171875, ""207101"": 57.8125, ""207102"": 58.88671875, ""207103"": 58.88671875, ""207104"": 59.375}",/commondocument/wz/cross_encoder_workspace/im_exp/lora/reviewer_followup/tied_model_expansion_20260923/study/RESULTS.json
tied_model_expansion_20260923,common,llama32_3b_base,wikisql,affine,shared,16,False,3,77.57161458333333,0,False,"{""7100"": 77.9296875, ""7101"": 77.34375, ""7102"": 77.44140625}",/commondocument/wz/cross_encoder_workspace/im_exp/lora/reviewer_followup/tied_model_expansion_20260923/study/RESULTS.json
tied_model_expansion_20260923,common,qwen25_3b_base,wikisql,affine,shared,16,True,5,77.9296875,0,True,"{""7100"": 78.80859375, ""7101"": 76.3671875, ""7102"": 77.44140625, ""7103"": 78.02734375, ""7104"": 79.00390625}",/commondocument/wz/cross_encoder_workspace/im_exp/lora/reviewer_followup/tied_model_expansion_20260923/study/RESULTS.json
tied_model_expansion_20260923,common,qwen25_05b_base,wikisql,affine,shared,8,True,5,38.49609375,0,True,"{""7100"": 36.5234375, ""7101"": 38.4765625, ""7102"": 38.18359375, ""7103"": 37.20703125, ""7104"": 42.08984375}",/commondocument/wz/cross_encoder_workspace/im_exp/lora/reviewer_followup/tied_model_expansion_20260923/study/RESULTS.json
tied_model_expansion_20260923,confirmation,qwen25_3b_base,cluener,vocab,shared,1,False,5,67.13846685684803,0,True,"{""206100"": 67.39903069466882, ""206101"": 67.91959470501716, ""206102"": 67.06742485783916, ""206103"": 66.93293393243468, ""206104"": 66.37335009428033}",/commondocument/wz/cross_encoder_workspace/im_exp/lora/reviewer_followup/tied_model_expansion_20260923/study/RESULTS.json
tied_model_expansion_20260923,common,qwen25_05b_base,wikisql,none,none,0,False,5,36.85546875,0,True,"{""7100"": 35.9375, ""7101"": 37.109375, ""7102"": 36.03515625, ""7103"": 35.546875, ""7104"": 39.6484375}",/commondocument/wz/cross_encoder_workspace/im_exp/lora/reviewer_followup/tied_model_expansion_20260923/study/RESULTS.json
tied_model_expansion_20260923,common,qwen25_3b_base,wikisql,affine,shared,32,True,5,78.33984375,0,True,"{""7100"": 78.41796875, ""7101"": 77.83203125, ""7102"": 78.02734375, ""7103"": 78.515625, ""7104"": 78.90625}",/commondocument/wz/cross_encoder_workspace/im_exp/lora/reviewer_followup/tied_model_expansion_20260923/study/RESULTS.json
tied_model_expansion_20260923,confirmation,qwen25_05b_base,wikisql,affine,shared,16,True,5,37.87109375,0,True,"{""207100"": 41.30859375, ""207101"": 35.64453125, ""207102"": 38.57421875, ""207103"": 37.109375, ""207104"": 36.71875}",/commondocument/wz/cross_encoder_workspace/im_exp/lora/reviewer_followup/tied_model_expansion_20260923/study/RESULTS.json
tied_model_expansion_20260923,confirmation,qwen3_17b_base,cluener,none,none,0,False,5,64.1692411438656,0,True,"{""206100"": 64.51926189705407, ""206101"": 63.62748290459134, ""206102"": 64.5964742034611, ""206103"": 63.76954732510288, ""206104"": 64.33343938911868}",/commondocument/wz/cross_encoder_workspace/im_exp/lora/reviewer_followup/tied_model_expansion_20260923/study/RESULTS.json
tied_model_expansion_20260923,common,llama32_3b_base,cluener,affine,shared,32,True,5,65.55923142854698,0,True,"{""6100"": 65.56482670089859, ""6101"": 65.47962784728907, ""6102"": 65.2452025586354, ""6103"": 67.09150326797386, ""6104"": 64.41499676793795}",/commondocument/wz/cross_encoder_workspace/im_exp/lora/reviewer_followup/tied_model_expansion_20260923/study/RESULTS.json
tied_model_expansion_20260923,common,qwen25_3b_base,wikisql,vocab,shared,1,False,5,76.89453125,0,True,"{""7100"": 75.5859375, ""7101"": 78.125, ""7102"": 76.3671875, ""7103"": 76.171875, ""7104"": 78.22265625}",/commondocument/wz/cross_encoder_workspace/im_exp/lora/reviewer_followup/tied_model_expansion_20260923/study/RESULTS.json
tied_model_expansion_20260923,common,llama32_3b_base,wikisql,affine,shared,16,True,5,77.51953125,0,True,"{""7100"": 77.83203125, ""7101"": 77.5390625, ""7102"": 77.05078125, ""7103"": 77.24609375, ""7104"": 77.9296875}",/commondocument/wz/cross_encoder_workspace/im_exp/lora/reviewer_followup/tied_model_expansion_20260923/study/RESULTS.json
tied_model_expansion_20260923,common,qwen25_05b_base,cluener,vocab,shared,1,False,5,56.258938378540066,0,True,"{""6100"": 56.41744548286604, ""6101"": 56.056782334384856, ""6102"": 57.05818125097489, ""6103"": 55.616211745244, ""6104"": 56.146071079230516}",/commondocument/wz/cross_encoder_workspace/im_exp/lora/reviewer_followup/tied_model_expansion_20260923/study/RESULTS.json
tied_model_expansion_20260923,common,qwen3_06b_base,wikisql,none,none,0,False,5,70.3515625,0,True,"{""7100"": 72.75390625, ""7101"": 70.3125, ""7102"": 70.41015625, ""7103"": 68.75, ""7104"": 69.53125}",/commondocument/wz/cross_encoder_workspace/im_exp/lora/reviewer_followup/tied_model_expansion_20260923/study/RESULTS.json
tied_model_expansion_20260923,confirmation,qwen3_17b_base,cluener,affine,shared,16,True,5,67.0898271651056,0,True,"{""206100"": 66.98935140367861, ""206101"": 67.04637917005695, ""206102"": 67.52991312899525, ""206103"": 66.996699669967, ""206104"": 66.88679245283019}",/commondocument/wz/cross_encoder_workspace/im_exp/lora/reviewer_followup/tied_model_expansion_20260923/study/RESULTS.json
tied_model_expansion_20260923,confirmation,qwen3_4b_base,wikisql,affine,shared,16,True,5,82.36328125,0,True,"{""207100"": 82.6171875, ""207101"": 81.93359375, ""207102"": 81.8359375, ""207103"": 83.10546875, ""207104"": 82.32421875}",/commondocument/wz/cross_encoder_workspace/im_exp/lora/reviewer_followup/tied_model_expansion_20260923/study/RESULTS.json
tied_model_expansion_20260923,confirmation,qwen3_17b_base,wikisql,vocab,shared,1,False,5,74.4921875,0,True,"{""207100"": 75.78125, ""207101"": 73.73046875, ""207102"": 73.046875, ""207103"": 76.171875, ""207104"": 73.73046875}",/commondocument/wz/cross_encoder_workspace/im_exp/lora/reviewer_followup/tied_model_expansion_20260923/study/RESULTS.json
tied_model_expansion_20260923,common,llama32_1b_base,wikisql,affine,shared,16,False,3,59.602864583333336,0,False,"{""7100"": 58.49609375, ""7101"": 60.7421875, ""7102"": 59.5703125}",/commondocument/wz/cross_encoder_workspace/im_exp/lora/reviewer_followup/tied_model_expansion_20260923/study/RESULTS.json
tied_model_expansion_20260923,common,qwen3_17b_base,wikisql,affine,shared,16,False,3,74.73958333333333,0,False,"{""7100"": 75.68359375, ""7101"": 73.92578125, ""7102"": 74.609375}",/commondocument/wz/cross_encoder_workspace/im_exp/lora/reviewer_followup/tied_model_expansion_20260923/study/RESULTS.json
tied_model_expansion_20260923,confirmation,llama32_3b_base,cluener,vocab,shared,1,False,5,65.42637688188775,0,True,"{""206100"": 65.86436818994959, ""206101"": 67.08676684440135, ""206102"": 64.11669367909238, ""206103"": 65.88661832564271, ""206104"": 64.17743737035264}",/commondocument/wz/cross_encoder_workspace/im_exp/lora/reviewer_followup/tied_model_expansion_20260923/study/RESULTS.json
tied_model_expansion_20260923,common,qwen3_17b_base,wikisql,none,none,0,False,5,73.45703125,0,True,"{""7100"": 73.4375, ""7101"": 73.6328125, ""7102"": 72.8515625, ""7103"": 73.33984375, ""7104"": 74.0234375}",/commondocument/wz/cross_encoder_workspace/im_exp/lora/reviewer_followup/tied_model_expansion_20260923/study/RESULTS.json
tied_model_expansion_20260923,common,qwen25_3b_base,cluener,affine,shared,32,True,5,66.55726124906482,0,True,"{""6100"": 66.28242074927954, ""6101"": 67.1558462274685, ""6102"": 66.89287445467765, ""6103"": 66.69826224328594, ""6104"": 65.75690257061251}",/commondocument/wz/cross_encoder_workspace/im_exp/lora/reviewer_followup/tied_model_expansion_20260923/study/RESULTS.json
tied_model_expansion_20260923,common,llama32_1b_base,cluener,vocab,shared,1,False,5,54.84652189386645,0,True,"{""6100"": 54.59822792545066, ""6101"": 55.016910935738444, ""6102"": 55.09325681492109, ""6103"": 54.93421052631579, ""6104"": 54.59000326690624}",/commondocument/wz/cross_encoder_workspace/im_exp/lora/reviewer_followup/tied_model_expansion_20260923/study/RESULTS.json
tied_model_expansion_20260923,common,qwen25_3b_base,wikisql,vocab,shared,2,False,3,76.20442708333333,0,False,"{""7100"": 76.5625, ""7101"": 76.66015625, ""7102"": 75.390625}",/commondocument/wz/cross_encoder_workspace/im_exp/lora/reviewer_followup/tied_model_expansion_20260923/study/RESULTS.json
tied_model_expansion_20260923,common,qwen3_17b_base,wikisql,vocab,shared,1,False,5,74.765625,0,True,"{""7100"": 75.09765625, ""7101"": 74.31640625, ""7102"": 74.0234375, ""7103"": 75.9765625, ""7104"": 74.4140625}",/commondocument/wz/cross_encoder_workspace/im_exp/lora/reviewer_followup/tied_model_expansion_20260923/study/RESULTS.json
tied_model_expansion_20260923,common,llama32_3b_base,wikisql,affine,shared,32,True,5,77.8125,0,True,"{""7100"": 78.61328125, ""7101"": 77.83203125, ""7102"": 76.3671875, ""7103"": 77.5390625, ""7104"": 78.7109375}",/commondocument/wz/cross_encoder_workspace/im_exp/lora/reviewer_followup/tied_model_expansion_20260923/study/RESULTS.json
tied_model_expansion_20260923,confirmation,qwen25_05b_base,wikisql,none,none,0,False,5,35.7421875,0,True,"{""207100"": 39.0625, ""207101"": 33.69140625, ""207102"": 35.64453125, ""207103"": 34.86328125, ""207104"": 35.44921875}",/commondocument/wz/cross_encoder_workspace/im_exp/lora/reviewer_followup/tied_model_expansion_20260923/study/RESULTS.json
tied_model_expansion_20260923,common,qwen25_3b_base,cluener,vocab,shared,1,False,5,65.75087374431327,0,True,"{""6100"": 65.4123549702101, ""6101"": 65.96491228070175, ""6102"": 65.80624601657107, ""6103"": 66.43979906011991, ""6104"": 65.13105639396346}",/commondocument/wz/cross_encoder_workspace/im_exp/lora/reviewer_followup/tied_model_expansion_20260923/study/RESULTS.json
tied_model_expansion_20260923,common,qwen3_17b_base,cluener,affine,shared,16,False,3,66.31060383078018,0,False,"{""6100"": 66.32274705787522, ""6101"": 66.23864704040088, ""6102"": 66.37041739406443}",/commondocument/wz/cross_encoder_workspace/im_exp/lora/reviewer_followup/tied_model_expansion_20260923/study/RESULTS.json
tied_model_expansion_20260923,common,llama32_1b_base,cluener,vocab,shared,2,False,3,53.59279985121753,0,False,"{""6100"": 53.469886884744724, ""6101"": 53.698009386632144, ""6102"": 53.61050328227571}",/commondocument/wz/cross_encoder_workspace/im_exp/lora/reviewer_followup/tied_model_expansion_20260923/study/RESULTS.json
tied_model_expansion_20260923,confirmation,qwen25_3b_base,cluener,affine,shared,16,True,5,67.40931424926193,0,True,"{""206100"": 68.0988531739622, ""206101"": 68.2230869001297, ""206102"": 66.78676711431379, ""206103"": 67.70103436770104, ""206104"": 66.23682969020287}",/commondocument/wz/cross_encoder_workspace/im_exp/lora/reviewer_followup/tied_model_expansion_20260923/study/RESULTS.json
tied_model_expansion_20260923,common,qwen3_17b_base,wikisql,vocab,shared,2,False,3,73.47005208333333,0,False,"{""7100"": 72.4609375, ""7101"": 75.1953125, ""7102"": 72.75390625}",/commondocument/wz/cross_encoder_workspace/im_exp/lora/reviewer_followup/tied_model_expansion_20260923/study/RESULTS.json
tied_model_expansion_20260923,confirmation,qwen25_05b_base,cluener,vocab,shared,1,False,5,56.158060146531554,0,True,"{""206100"": 56.22222222222222, ""206101"": 56.21264548600189, ""206102"": 56.688311688311686, ""206103"": 55.23809523809524, ""206104"": 56.42902609802673}",/commondocument/wz/cross_encoder_workspace/im_exp/lora/reviewer_followup/tied_model_expansion_20260923/study/RESULTS.json
tied_model_expansion_20260923,common,qwen25_3b_base,cluener,vocab,shared,2,False,3,63.97801738753039,0,False,"{""6100"": 64.99293896124274, ""6101"": 60.37195994277539, ""6102"": 66.56915325857305}",/commondocument/wz/cross_encoder_workspace/im_exp/lora/reviewer_followup/tied_model_expansion_20260923/study/RESULTS.json
tied_model_expansion_20260923,common,qwen25_05b_base,wikisql,vocab,shared,2,False,3,32.12890625,0,False,"{""7100"": 31.34765625, ""7101"": 31.4453125, ""7102"": 33.59375}",/commondocument/wz/cross_encoder_workspace/im_exp/lora/reviewer_followup/tied_model_expansion_20260923/study/RESULTS.json
qwen3_4b_deep_tuning_20260924,confirmation,qwen3_4b_base,cluener,vocab,shared,2,False,5,70.0139037792214,0,True,"{""406100"": 69.92894056847545, ""406101"": 69.50491856152233, ""406102"": 70.73608617594255, ""406103"": 69.90448437752954, ""406104"": 69.9950892126371}",/commondocument/wz/cross_encoder_workspace/im_exp/lora/reviewer_followup/qwen3_4b_deep_tuning_20260924/study/RESULTS.json
qwen3_4b_deep_tuning_20260924,confirmation,qwen3_4b_base,cluener,vocab,shared,1,False,5,69.74216001313683,0,True,"{""406100"": 69.79801218339212, ""406101"": 69.28525434642627, ""406102"": 69.99025657681065, ""406103"": 70.10042112082928, ""406104"": 69.5368558382257}",/commondocument/wz/cross_encoder_workspace/im_exp/lora/reviewer_followup/qwen3_4b_deep_tuning_20260924/study/RESULTS.json
qwen3_4b_deep_tuning_20260924,confirmation,qwen3_4b_base,cluener,none,none,0,False,5,68.87148921791432,0,True,"{""406100"": 68.5006435006435, ""406101"": 68.28322017458778, ""406102"": 69.40698619008936, ""406103"": 69.00679391782595, ""406104"": 69.15980230642504}",/commondocument/wz/cross_encoder_workspace/im_exp/lora/reviewer_followup/qwen3_4b_deep_tuning_20260924/study/RESULTS.json
qwen3_4b_deep_tuning_20260924,confirmation,qwen3_4b_base,cluener,affine,shared,30,True,5,70.10415915690845,0,True,"{""406100"": 69.94851994851994, ""406101"": 69.75318599774157, ""406102"": 70.80504364694471, ""406103"": 69.36026936026936, ""406104"": 70.6537768310667}",/commondocument/wz/cross_encoder_workspace/im_exp/lora/reviewer_followup/qwen3_4b_deep_tuning_20260924/study/RESULTS.json
qwen3_4b_deep_tuning_20260924,confirmation,qwen3_4b_base,wikisql,vocab,shared,2,False,5,82.16796875,0,True,"{""407100"": 81.0546875, ""407101"": 82.03125, ""407102"": 83.59375, ""407103"": 81.15234375, ""407104"": 83.0078125}",/commondocument/wz/cross_encoder_workspace/im_exp/lora/reviewer_followup/qwen3_4b_deep_tuning_20260924/study/RESULTS.json
qwen3_4b_deep_tuning_20260924,confirmation,qwen3_4b_base,wikisql,affine,shared,16,True,5,81.171875,0,True,"{""407100"": 80.95703125, ""407101"": 81.15234375, ""407102"": 80.95703125, ""407103"": 80.95703125, ""407104"": 81.8359375}",/commondocument/wz/cross_encoder_workspace/im_exp/lora/reviewer_followup/qwen3_4b_deep_tuning_20260924/study/RESULTS.json
qwen3_4b_deep_tuning_20260924,confirmation,qwen3_4b_base,wikisql,vocab,shared,1,False,5,80.64453125,0,True,"{""407100"": 81.0546875, ""407101"": 79.4921875, ""407102"": 81.640625, ""407103"": 80.078125, ""407104"": 80.95703125}",/commondocument/wz/cross_encoder_workspace/im_exp/lora/reviewer_followup/qwen3_4b_deep_tuning_20260924/study/RESULTS.json
qwen3_4b_deep_tuning_20260924,confirmation,qwen3_4b_base,wikisql,none,none,0,False,5,81.50390625,0,True,"{""407100"": 80.859375, ""407101"": 80.56640625, ""407102"": 81.93359375, ""407103"": 81.4453125, ""407104"": 82.71484375}",/commondocument/wz/cross_encoder_workspace/im_exp/lora/reviewer_followup/qwen3_4b_deep_tuning_20260924/study/RESULTS.json
qwen3_4b_deep_tuning_20260924,confirmation,qwen3_4b_base,cluener,affine,shared,16,True,5,69.36364594047674,0,True,"{""406100"": 68.54490155274532, ""406101"": 69.312, ""406102"": 70.0519143413368, ""406103"": 69.37713449341356, ""406104"": 69.53227931488802}",/commondocument/wz/cross_encoder_workspace/im_exp/lora/reviewer_followup/qwen3_4b_deep_tuning_20260924/study/RESULTS.json
qwen3_4b_deep_tuning_20260924,confirmation,qwen3_4b_base,wikisql,affine,shared,30,True,5,81.8359375,0,True,"{""407100"": 81.54296875, ""407101"": 80.95703125, ""407102"": 82.71484375, ""407103"": 82.12890625, ""407104"": 81.8359375}",/commondocument/wz/cross_encoder_workspace/im_exp/lora/reviewer_followup/qwen3_4b_deep_tuning_20260924/study/RESULTS.json
qwen3_4b_validation_stability_20260924,confirmation,qwen3_4b_base,wikisql,affine,shared,30,True,5,82.36328125,0,True,"{""607100"": 82.12890625, ""607101"": 82.2265625, ""607102"": 82.91015625, ""607103"": 81.73828125, ""607104"": 82.8125}",/commondocument/wz/cross_encoder_workspace/im_exp/lora/reviewer_followup/qwen3_4b_validation_stability_20260924/study/RESULTS.json
qwen3_4b_validation_stability_20260924,confirmation,qwen3_4b_base,wikisql,vocab,shared,1,False,5,82.4609375,0,True,"{""607100"": 82.32421875, ""607101"": 82.8125, ""607102"": 82.421875, ""607103"": 82.2265625, ""607104"": 82.51953125}",/commondocument/wz/cross_encoder_workspace/im_exp/lora/reviewer_followup/qwen3_4b_validation_stability_20260924/study/RESULTS.json
qwen3_4b_validation_stability_20260924,confirmation,qwen3_4b_base,wikisql,affine,shared,16,True,5,82.05078125,0,True,"{""607100"": 83.0078125, ""607101"": 81.54296875, ""607102"": 81.73828125, ""607103"": 81.8359375, ""607104"": 82.12890625}",/commondocument/wz/cross_encoder_workspace/im_exp/lora/reviewer_followup/qwen3_4b_validation_stability_20260924/study/RESULTS.json
qwen3_4b_validation_stability_20260924,confirmation,qwen3_4b_base,wikisql,vocab,shared,2,False,5,82.65625,0,True,"{""607100"": 81.93359375, ""607101"": 82.12890625, ""607102"": 84.08203125, ""607103"": 82.03125, ""607104"": 83.10546875}",/commondocument/wz/cross_encoder_workspace/im_exp/lora/reviewer_followup/qwen3_4b_validation_stability_20260924/study/RESULTS.json
qwen3_4b_validation_stability_20260924,confirmation,qwen3_4b_base,wikisql,none,none,0,False,5,81.42578125,0,True,"{""607100"": 81.73828125, ""607101"": 81.4453125, ""607102"": 81.4453125, ""607103"": 80.56640625, ""607104"": 81.93359375}",/commondocument/wz/cross_encoder_workspace/im_exp/lora/reviewer_followup/qwen3_4b_validation_stability_20260924/study/RESULTS.json
clinc150_generalization_20260925,confirmation,qwen3_06b_base,clinc150,affine,shared,16,True,5,83.47999999999999,0,True,"{""907100"": 83.77777777777777, ""907101"": 83.75555555555556, ""907102"": 83.77777777777777, ""907103"": 82.73333333333333, ""907104"": 83.35555555555555}",/commondocument/wz/cross_encoder_workspace/im_exp/lora/reviewer_followup/clinc150_generalization_20260925/study/RESULTS.json
clinc150_generalization_20260925,confirmation,llama32_1b_base,clinc150,vocab,shared,1,False,5,83.74666666666667,0,True,"{""907100"": 84.42222222222222, ""907101"": 83.44444444444444, ""907102"": 83.5111111111111, ""907103"": 83.95555555555555, ""907104"": 83.4}",/commondocument/wz/cross_encoder_workspace/im_exp/lora/reviewer_followup/clinc150_generalization_20260925/study/RESULTS.json
clinc150_generalization_20260925,confirmation,llama32_1b_base,clinc150,affine,shared,16,True,5,84.25777777777778,0,True,"{""907100"": 85.13333333333334, ""907101"": 84.35555555555555, ""907102"": 83.37777777777778, ""907103"": 84.0, ""907104"": 84.42222222222222}",/commondocument/wz/cross_encoder_workspace/im_exp/lora/reviewer_followup/clinc150_generalization_20260925/study/RESULTS.json
clinc150_generalization_20260925,confirmation,llama32_1b_base,clinc150,none,none,0,False,5,83.21333333333334,0,True,"{""907100"": 83.8, ""907101"": 83.37777777777778, ""907102"": 82.8, ""907103"": 83.17777777777778, ""907104"": 82.91111111111111}",/commondocument/wz/cross_encoder_workspace/im_exp/lora/reviewer_followup/clinc150_generalization_20260925/study/RESULTS.json
clinc150_generalization_20260925,confirmation,qwen3_06b_base,clinc150,none,none,0,False,5,82.81333333333332,0,True,"{""907100"": 82.75555555555556, ""907101"": 83.5111111111111, ""907102"": 82.91111111111111, ""907103"": 82.64444444444445, ""907104"": 82.24444444444444}",/commondocument/wz/cross_encoder_workspace/im_exp/lora/reviewer_followup/clinc150_generalization_20260925/study/RESULTS.json
clinc150_generalization_20260925,confirmation,qwen3_06b_base,clinc150,vocab,shared,1,False,5,82.02666666666667,0,True,"{""907100"": 82.5111111111111, ""907101"": 82.86666666666666, ""907102"": 81.35555555555555, ""907103"": 82.71111111111111, ""907104"": 80.68888888888888}",/commondocument/wz/cross_encoder_workspace/im_exp/lora/reviewer_followup/clinc150_generalization_20260925/study/RESULTS.json
generalization_repaired_20260925,confirmation,llama32_1b_base,clinc150,none,none,0,False,5,83.06666666666668,0,True,"{""1207100"": 83.42222222222222, ""1207101"": 82.64444444444445, ""1207102"": 82.75555555555556, ""1207103"": 82.84444444444445, ""1207104"": 83.66666666666667}",/commondocument/wz/cross_encoder_workspace/im_exp/lora/reviewer_followup/generalization_repaired_20260925/study/RESULTS.json
generalization_repaired_20260925,confirmation,qwen25_15b_base,clinc150,none,none,0,False,5,84.2,0,True,"{""1207100"": 83.5111111111111, ""1207101"": 82.82222222222222, ""1207102"": 84.91111111111111, ""1207103"": 84.71111111111111, ""1207104"": 85.04444444444445}",/commondocument/wz/cross_encoder_workspace/im_exp/lora/reviewer_followup/generalization_repaired_20260925/study/RESULTS.json
generalization_repaired_20260925,confirmation,llama32_3b_base,emotion,affine,shared,16,True,5,73.9,0,True,"{""1208100"": 74.9, ""1208101"": 74.35, ""1208102"": 73.35, ""1208103"": 72.2, ""1208104"": 74.7}",/commondocument/wz/cross_encoder_workspace/im_exp/lora/reviewer_followup/generalization_repaired_20260925/study/RESULTS.json
generalization_repaired_20260925,confirmation,llama32_3b_base,clinc150,none,none,0,False,5,91.08,0,True,"{""1207100"": 91.84444444444445, ""1207101"": 91.26666666666667, ""1207102"": 91.13333333333334, ""1207103"": 90.46666666666667, ""1207104"": 90.68888888888888}",/commondocument/wz/cross_encoder_workspace/im_exp/lora/reviewer_followup/generalization_repaired_20260925/study/RESULTS.json
generalization_repaired_20260925,confirmation,llama32_3b_base,emotion,none,none,0,False,5,73.32000000000001,0,True,"{""1208100"": 72.6, ""1208101"": 73.95, ""1208102"": 72.6, ""1208103"": 72.45, ""1208104"": 75.0}",/commondocument/wz/cross_encoder_workspace/im_exp/lora/reviewer_followup/generalization_repaired_20260925/study/RESULTS.json
generalization_repaired_20260925,confirmation,qwen25_15b_base,emotion,none,none,0,False,5,72.14999999999999,0,True,"{""1208100"": 72.7, ""1208101"": 72.1, ""1208102"": 72.15, ""1208103"": 73.5, ""1208104"": 70.3}",/commondocument/wz/cross_encoder_workspace/im_exp/lora/reviewer_followup/generalization_repaired_20260925/study/RESULTS.json
generalization_repaired_20260925,confirmation,qwen25_15b_base,clinc150,affine,shared,16,True,5,84.9511111111111,0,True,"{""1207100"": 84.2, ""1207101"": 85.08888888888889, ""1207102"": 85.97777777777777, ""1207103"": 83.88888888888889, ""1207104"": 85.6}",/commondocument/wz/cross_encoder_workspace/im_exp/lora/reviewer_followup/generalization_repaired_20260925/study/RESULTS.json
generalization_repaired_20260925,confirmation,llama32_3b_base,clinc150,affine,shared,16,True,5,91.09777777777778,0,True,"{""1207100"": 91.95555555555555, ""1207101"": 91.35555555555555, ""1207102"": 90.86666666666666, ""1207103"": 90.37777777777778, ""1207104"": 90.93333333333334}",/commondocument/wz/cross_encoder_workspace/im_exp/lora/reviewer_followup/generalization_repaired_20260925/study/RESULTS.json
generalization_repaired_20260925,confirmation,qwen25_15b_base,emotion,affine,shared,16,True,5,71.88999999999999,0,True,"{""1208100"": 72.7, ""1208101"": 72.8, ""1208102"": 73.95, ""1208103"": 71.9, ""1208104"": 68.1}",/commondocument/wz/cross_encoder_workspace/im_exp/lora/reviewer_followup/generalization_repaired_20260925/study/RESULTS.json
generalization_repaired_20260925,confirmation,llama32_3b_base,clinc150,vocab,shared,1,False,5,91.16,0,True,"{""1207100"": 91.66666666666667, ""1207101"": 91.15555555555555, ""1207102"": 91.2, ""1207103"": 90.73333333333333, ""1207104"": 91.04444444444445}",/commondocument/wz/cross_encoder_workspace/im_exp/lora/reviewer_followup/generalization_repaired_20260925/study/RESULTS.json
generalization_repaired_20260925,confirmation,llama32_1b_base,emotion,none,none,0,False,5,73.74,0,True,"{""1208100"": 74.4, ""1208101"": 73.55, ""1208102"": 72.35, ""1208103"": 73.25, ""1208104"": 75.15}",/commondocument/wz/cross_encoder_workspace/im_exp/lora/reviewer_followup/generalization_repaired_20260925/study/RESULTS.json
generalization_repaired_20260925,confirmation,llama32_3b_base,emotion,vocab,shared,1,False,5,72.88000000000001,0,True,"{""1208100"": 73.05, ""1208101"": 75.0, ""1208102"": 68.65, ""1208103"": 73.5, ""1208104"": 74.2}",/commondocument/wz/cross_encoder_workspace/im_exp/lora/reviewer_followup/generalization_repaired_20260925/study/RESULTS.json
generalization_repaired_20260925,confirmation,qwen25_15b_base,emotion,vocab,shared,1,False,1,70.1,0,False,"{""1208100"": 70.1}",/commondocument/wz/cross_encoder_workspace/im_exp/lora/reviewer_followup/generalization_repaired_20260925/study/RESULTS.json
generalization_repaired_20260925,confirmation,qwen25_15b_base,clinc150,vocab,shared,1,False,3,84.26666666666667,0,False,"{""1207100"": 84.62222222222222, ""1207101"": 83.02222222222223, ""1207102"": 85.15555555555555}",/commondocument/wz/cross_encoder_workspace/im_exp/lora/reviewer_followup/generalization_repaired_20260925/study/RESULTS.json
