phase,task,model,arm,seed,metric,value
core,cluener,qwen25_05b_base,base,,primary,0.6718346253229974
core,cluener,qwen25_05b_base,base,,span_precision_pct,0.4567814476458187
core,cluener,qwen25_05b_base,base,,span_recall_pct,1.26953125
core,cluener,qwen25_05b_base,base,,text_micro_f1,7.217915590008613
core,cluener,qwen25_05b_base,base,,content_correct,0.0
core,cluener,qwen25_05b_base,base,,schema_valid,2.4571854058078926
core,cluener,qwen25_05b_base,base,,strict_json,24.125093075204767
core,cluener,qwen25_05b_base,base,,native_eos_pct,41.548771407297096
core,cluener,qwen25_05b_base,base,,capped_pct,58.451228592702904
core,cluener,qwen25_05b_base,base,,mean_generated_tokens,395.0856291883842
core,cluener,qwen25_05b_base,hidden,6100,primary,55.96837944664031
core,cluener,qwen25_05b_base,hidden,6100,span_precision_pct,54.41131263449124
core,cluener,qwen25_05b_base,hidden,6100,span_recall_pct,57.6171875
core,cluener,qwen25_05b_base,hidden,6100,text_micro_f1,56.85375494071146
core,cluener,qwen25_05b_base,hidden,6100,content_correct,26.43335815338794
core,cluener,qwen25_05b_base,hidden,6100,schema_valid,94.71332836932241
core,cluener,qwen25_05b_base,hidden,6100,strict_json,97.54281459419211
core,cluener,qwen25_05b_base,hidden,6100,native_eos_pct,97.61727475800447
core,cluener,qwen25_05b_base,hidden,6100,capped_pct,2.3827252419955323
core,cluener,qwen25_05b_base,hidden,6100,mean_generated_tokens,51.373045420699924
core,cluener,qwen25_05b_base,hidden,6101,primary,56.405384006334124
core,cluener,qwen25_05b_base,hidden,6101,span_precision_pct,54.918285538082024
core,cluener,qwen25_05b_base,hidden,6101,span_recall_pct,57.975260416666664
core,cluener,qwen25_05b_base,hidden,6101,text_micro_f1,57.16547901821061
core,cluener,qwen25_05b_base,hidden,6101,content_correct,26.507818317200297
core,cluener,qwen25_05b_base,hidden,6101,schema_valid,95.45793000744601
core,cluener,qwen25_05b_base,hidden,6101,strict_json,98.21295606850335
core,cluener,qwen25_05b_base,hidden,6101,native_eos_pct,98.2874162323157
core,cluener,qwen25_05b_base,hidden,6101,capped_pct,1.712583767684289
core,cluener,qwen25_05b_base,hidden,6101,mean_generated_tokens,47.68205510052122
core,cluener,qwen25_05b_base,hidden,6102,primary,57.4203821656051
core,cluener,qwen25_05b_base,hidden,6102,span_precision_pct,56.20324189526185
core,cluener,qwen25_05b_base,hidden,6102,span_recall_pct,58.69140625
core,cluener,qwen25_05b_base,hidden,6102,text_micro_f1,58.18471337579618
core,cluener,qwen25_05b_base,hidden,6102,content_correct,26.805658972449738
core,cluener,qwen25_05b_base,hidden,6102,schema_valid,95.38346984363366
core,cluener,qwen25_05b_base,hidden,6102,strict_json,99.18093819806404
core,cluener,qwen25_05b_base,hidden,6102,native_eos_pct,99.18093819806404
core,cluener,qwen25_05b_base,hidden,6102,capped_pct,0.8190618019359642
core,cluener,qwen25_05b_base,hidden,6102,mean_generated_tokens,42.8391660461653
core,cluener,qwen25_05b_base,hidden_budget,6100,primary,56.145339652448655
core,cluener,qwen25_05b_base,hidden_budget,6100,span_precision_pct,54.5426642111725
core,cluener,qwen25_05b_base,hidden_budget,6100,span_recall_pct,57.845052083333336
core,cluener,qwen25_05b_base,hidden_budget,6100,text_micro_f1,56.998420221169035
core,cluener,qwen25_05b_base,hidden_budget,6100,content_correct,26.65673864482502
core,cluener,qwen25_05b_base,hidden_budget,6100,schema_valid,94.63886820551005
core,cluener,qwen25_05b_base,hidden_budget,6100,strict_json,97.54281459419211
core,cluener,qwen25_05b_base,hidden_budget,6100,native_eos_pct,97.61727475800447
core,cluener,qwen25_05b_base,hidden_budget,6100,capped_pct,2.3827252419955323
core,cluener,qwen25_05b_base,hidden_budget,6100,mean_generated_tokens,51.43261355174982
core,cluener,qwen25_05b_base,hidden_budget,6101,primary,56.44346178142767
core,cluener,qwen25_05b_base,hidden_budget,6101,span_precision_pct,54.8159509202454
core,cluener,qwen25_05b_base,hidden_budget,6101,span_recall_pct,58.170572916666664
core,cluener,qwen25_05b_base,hidden_budget,6101,text_micro_f1,57.23310170562224
core,cluener,qwen25_05b_base,hidden_budget,6101,content_correct,26.43335815338794
core,cluener,qwen25_05b_base,hidden_budget,6101,schema_valid,95.60685033507073
core,cluener,qwen25_05b_base,hidden_budget,6101,strict_json,98.43633655994043
core,cluener,qwen25_05b_base,hidden_budget,6101,native_eos_pct,98.51079672375279
core,cluener,qwen25_05b_base,hidden_budget,6101,capped_pct,1.4892032762472078
core,cluener,qwen25_05b_base,hidden_budget,6101,mean_generated_tokens,46.75949367088607
core,cluener,qwen25_05b_base,hidden_budget,6102,primary,56.943342326614825
core,cluener,qwen25_05b_base,hidden_budget,6102,span_precision_pct,55.55899659337256
core,cluener,qwen25_05b_base,hidden_budget,6102,span_recall_pct,58.3984375
core,cluener,qwen25_05b_base,hidden_budget,6102,text_micro_f1,57.705126170449134
core,cluener,qwen25_05b_base,hidden_budget,6102,content_correct,25.837676842889053
core,cluener,qwen25_05b_base,hidden_budget,6102,schema_valid,94.9367088607595
core,cluener,qwen25_05b_base,hidden_budget,6102,strict_json,98.95755770662696
core,cluener,qwen25_05b_base,hidden_budget,6102,native_eos_pct,98.95755770662696
core,cluener,qwen25_05b_base,hidden_budget,6102,capped_pct,1.0424422933730455
core,cluener,qwen25_05b_base,hidden_budget,6102,mean_generated_tokens,44.21518987341772
core,cluener,qwen25_05b_base,hidden_input,6100,primary,57.340186315451334
core,cluener,qwen25_05b_base,hidden_input,6100,span_precision_pct,56.59480025364616
core,cluener,qwen25_05b_base,hidden_input,6100,span_recall_pct,58.10546875
core,cluener,qwen25_05b_base,hidden_input,6100,text_micro_f1,58.23964021843881
core,cluener,qwen25_05b_base,hidden_input,6100,content_correct,27.922561429635145
core,cluener,qwen25_05b_base,hidden_input,6100,schema_valid,95.6813104988831
core,cluener,qwen25_05b_base,hidden_input,6100,strict_json,98.58525688756515
core,cluener,qwen25_05b_base,hidden_input,6100,native_eos_pct,98.58525688756515
core,cluener,qwen25_05b_base,hidden_input,6100,capped_pct,1.4147431124348473
core,cluener,qwen25_05b_base,hidden_input,6100,mean_generated_tokens,45.51600893521966
core,cluener,qwen25_05b_base,hidden_input,6101,primary,57.56082048020353
core,cluener,qwen25_05b_base,hidden_input,6101,span_precision_pct,56.26359962698166
core,cluener,qwen25_05b_base,hidden_input,6101,span_recall_pct,58.919270833333336
core,cluener,qwen25_05b_base,hidden_input,6101,text_micro_f1,58.26045476228335
core,cluener,qwen25_05b_base,hidden_input,6101,content_correct,27.773641102010423
core,cluener,qwen25_05b_base,hidden_input,6101,schema_valid,95.53239017125837
core,cluener,qwen25_05b_base,hidden_input,6101,strict_json,98.95755770662696
core,cluener,qwen25_05b_base,hidden_input,6101,native_eos_pct,98.95755770662696
core,cluener,qwen25_05b_base,hidden_input,6101,capped_pct,1.0424422933730455
core,cluener,qwen25_05b_base,hidden_input,6101,mean_generated_tokens,44.09605361131794
core,cluener,qwen25_05b_base,hidden_input,6102,primary,58.40229153405474
core,cluener,qwen25_05b_base,hidden_input,6102,span_precision_pct,57.12951432129514
core,cluener,qwen25_05b_base,hidden_input,6102,span_recall_pct,59.733072916666664
core,cluener,qwen25_05b_base,hidden_input,6102,text_micro_f1,59.32527052832591
core,cluener,qwen25_05b_base,hidden_input,6102,content_correct,28.145941921072225
core,cluener,qwen25_05b_base,hidden_input,6102,schema_valid,96.64929262844379
core,cluener,qwen25_05b_base,hidden_input,6102,strict_json,99.77661950856292
core,cluener,qwen25_05b_base,hidden_input,6102,native_eos_pct,99.77661950856292
core,cluener,qwen25_05b_base,hidden_input,6102,capped_pct,0.22338049143708116
core,cluener,qwen25_05b_base,hidden_input,6102,mean_generated_tokens,39.8421444527178
core,cluener,qwen25_05b_base,hidden_output,6100,primary,56.72923958001909
core,cluener,qwen25_05b_base,hidden_output,6100,span_precision_pct,55.47604231487243
core,cluener,qwen25_05b_base,hidden_output,6100,span_recall_pct,58.040364583333336
core,cluener,qwen25_05b_base,hidden_output,6100,text_micro_f1,57.62010817690105
core,cluener,qwen25_05b_base,hidden_output,6100,content_correct,27.103499627699183
core,cluener,qwen25_05b_base,hidden_output,6100,schema_valid,95.45793000744601
core,cluener,qwen25_05b_base,hidden_output,6100,strict_json,98.21295606850335
core,cluener,qwen25_05b_base,hidden_output,6100,native_eos_pct,98.21295606850335
core,cluener,qwen25_05b_base,hidden_output,6100,capped_pct,1.7870439314966493
core,cluener,qwen25_05b_base,hidden_output,6100,mean_generated_tokens,47.93968726731199
core,cluener,qwen25_05b_base,hidden_output,6101,primary,58.07888040712468
core,cluener,qwen25_05b_base,hidden_output,6101,span_precision_pct,56.77860696517413
core,cluener,qwen25_05b_base,hidden_output,6101,span_recall_pct,59.440104166666664
core,cluener,qwen25_05b_base,hidden_output,6101,text_micro_f1,58.87404580152672
core,cluener,qwen25_05b_base,hidden_output,6101,content_correct,27.550260610573343
core,cluener,qwen25_05b_base,hidden_output,6101,schema_valid,95.90469099032018
core,cluener,qwen25_05b_base,hidden_output,6101,strict_json,98.43633655994043
core,cluener,qwen25_05b_base,hidden_output,6101,native_eos_pct,98.51079672375279
core,cluener,qwen25_05b_base,hidden_output,6101,capped_pct,1.4892032762472078
core,cluener,qwen25_05b_base,hidden_output,6101,mean_generated_tokens,46.310498883097544
core,cluener,qwen25_05b_base,hidden_output,6102,primary,57.815232946414376
core,cluener,qwen25_05b_base,hidden_output,6102,span_precision_pct,56.51227852036058
core,cluener,qwen25_05b_base,hidden_output,6102,span_recall_pct,59.1796875
core,cluener,qwen25_05b_base,hidden_output,6102,text_micro_f1,58.642073461599615
core,cluener,qwen25_05b_base,hidden_output,6102,content_correct,27.773641102010423
core,cluener,qwen25_05b_base,hidden_output,6102,schema_valid,96.27699180938198
core,cluener,qwen25_05b_base,hidden_output,6102,strict_json,99.47877885331347
core,cluener,qwen25_05b_base,hidden_output,6102,native_eos_pct,99.47877885331347
core,cluener,qwen25_05b_base,hidden_output,6102,capped_pct,0.5212211466865228
core,cluener,qwen25_05b_base,hidden_output,6102,mean_generated_tokens,41.384959046909906
core,cluener,qwen25_05b_base,hidden_both,6100,primary,57.44784085395439
core,cluener,qwen25_05b_base,hidden_both,6100,span_precision_pct,57.087753134040504
core,cluener,qwen25_05b_base,hidden_both,6100,span_recall_pct,57.8125
core,cluener,qwen25_05b_base,hidden_both,6100,text_micro_f1,58.288856542131654
core,cluener,qwen25_05b_base,hidden_both,6100,content_correct,28.220402084884586
core,cluener,qwen25_05b_base,hidden_both,6100,schema_valid,96.27699180938198
core,cluener,qwen25_05b_base,hidden_both,6100,strict_json,98.73417721518987
core,cluener,qwen25_05b_base,hidden_both,6100,native_eos_pct,98.73417721518987
core,cluener,qwen25_05b_base,hidden_both,6100,capped_pct,1.2658227848101267
core,cluener,qwen25_05b_base,hidden_both,6100,mean_generated_tokens,44.271034996276995
core,cluener,qwen25_05b_base,hidden_both,6101,primary,57.79831129520471
core,cluener,qwen25_05b_base,hidden_both,6101,span_precision_pct,56.5990639625585
core,cluener,qwen25_05b_base,hidden_both,6101,span_recall_pct,59.049479166666664
core,cluener,qwen25_05b_base,hidden_both,6101,text_micro_f1,58.6267325155329
core,cluener,qwen25_05b_base,hidden_both,6101,content_correct,27.47580044676098
core,cluener,qwen25_05b_base,hidden_both,6101,schema_valid,96.4259121370067
core,cluener,qwen25_05b_base,hidden_both,6101,strict_json,99.18093819806404
core,cluener,qwen25_05b_base,hidden_both,6101,native_eos_pct,99.18093819806404
core,cluener,qwen25_05b_base,hidden_both,6101,capped_pct,0.8190618019359642
core,cluener,qwen25_05b_base,hidden_both,6101,mean_generated_tokens,42.80416976917349
core,cluener,qwen25_05b_base,hidden_both,6102,primary,58.336
core,cluener,qwen25_05b_base,hidden_both,6102,span_precision_pct,57.36312146003776
core,cluener,qwen25_05b_base,hidden_both,6102,span_recall_pct,59.342447916666664
core,cluener,qwen25_05b_base,hidden_both,6102,text_micro_f1,59.264
core,cluener,qwen25_05b_base,hidden_both,6102,content_correct,28.36932241250931
core,cluener,qwen25_05b_base,hidden_both,6102,schema_valid,96.64929262844379
core,cluener,qwen25_05b_base,hidden_both,6102,strict_json,99.6276991809382
core,cluener,qwen25_05b_base,hidden_both,6102,native_eos_pct,99.70215934475056
core,cluener,qwen25_05b_base,hidden_both,6102,capped_pct,0.29784065524944153
core,cluener,qwen25_05b_base,hidden_both,6102,mean_generated_tokens,39.808637379002235
core,cluener,qwen25_05b_base,input,6100,primary,28.012449977767897
core,cluener,qwen25_05b_base,input,6100,span_precision_pct,25.714285714285715
core,cluener,qwen25_05b_base,input,6100,span_recall_pct,30.76171875
core,cluener,qwen25_05b_base,input,6100,text_micro_f1,28.39780643248851
core,cluener,qwen25_05b_base,input,6100,content_correct,8.935219657483247
core,cluener,qwen25_05b_base,input,6100,schema_valid,88.68205510052123
core,cluener,qwen25_05b_base,input,6100,strict_json,96.72375279225615
core,cluener,qwen25_05b_base,input,6100,native_eos_pct,96.7982129560685
core,cluener,qwen25_05b_base,input,6100,capped_pct,3.2017870439314966
core,cluener,qwen25_05b_base,input,6100,mean_generated_tokens,60.22635889798958
core,cluener,qwen25_05b_base,input,6101,primary,27.627539833357694
core,cluener,qwen25_05b_base,input,6101,span_precision_pct,25.072963650835767
core,cluener,qwen25_05b_base,input,6101,span_recall_pct,30.76171875
core,cluener,qwen25_05b_base,input,6101,text_micro_f1,28.095307703552113
core,cluener,qwen25_05b_base,input,6101,content_correct,7.66939687267312
core,cluener,qwen25_05b_base,input,6101,schema_valid,89.6500372300819
core,cluener,qwen25_05b_base,input,6101,strict_json,98.51079672375279
core,cluener,qwen25_05b_base,input,6101,native_eos_pct,98.51079672375279
core,cluener,qwen25_05b_base,input,6101,capped_pct,1.4892032762472078
core,cluener,qwen25_05b_base,input,6101,mean_generated_tokens,52.38272524199553
core,cluener,qwen25_05b_base,input,6102,primary,30.120665953872003
core,cluener,qwen25_05b_base,input,6102,span_precision_pct,28.37410071942446
core,cluener,qwen25_05b_base,input,6102,span_recall_pct,32.096354166666664
core,cluener,qwen25_05b_base,input,6102,text_micro_f1,30.6399877806629
core,cluener,qwen25_05b_base,input,6102,content_correct,7.297096053611318
core,cluener,qwen25_05b_base,input,6102,schema_valid,91.66046165301563
core,cluener,qwen25_05b_base,input,6102,strict_json,99.2553983618764
core,cluener,qwen25_05b_base,input,6102,native_eos_pct,99.2553983618764
core,cluener,qwen25_05b_base,input,6102,capped_pct,0.7446016381236039
core,cluener,qwen25_05b_base,input,6102,mean_generated_tokens,45.69247952345495
core,cluener,qwen25_05b_base,output,6100,primary,21.632765255634965
core,cluener,qwen25_05b_base,output,6100,span_precision_pct,18.720266412940056
core,cluener,qwen25_05b_base,output,6100,span_recall_pct,25.618489583333332
core,cluener,qwen25_05b_base,output,6100,text_micro_f1,22.15503023639362
core,cluener,qwen25_05b_base,output,6100,content_correct,4.244229337304542
core,cluener,qwen25_05b_base,output,6100,schema_valid,90.84139985107967
core,cluener,qwen25_05b_base,output,6100,strict_json,94.48994787788533
core,cluener,qwen25_05b_base,output,6100,native_eos_pct,94.48994787788533
core,cluener,qwen25_05b_base,output,6100,capped_pct,5.5100521221146685
core,cluener,qwen25_05b_base,output,6100,mean_generated_tokens,77.37379002233804
core,cluener,qwen25_05b_base,output,6101,primary,21.148118061196858
core,cluener,qwen25_05b_base,output,6101,span_precision_pct,18.103847936949467
core,cluener,qwen25_05b_base,output,6101,span_recall_pct,25.423177083333332
core,cluener,qwen25_05b_base,output,6101,text_micro_f1,21.74383969672353
core,cluener,qwen25_05b_base,output,6101,content_correct,3.8719285182427403
core,cluener,qwen25_05b_base,output,6101,schema_valid,90.69247952345495
core,cluener,qwen25_05b_base,output,6101,strict_json,94.63886820551005
core,cluener,qwen25_05b_base,output,6101,native_eos_pct,94.63886820551005
core,cluener,qwen25_05b_base,output,6101,capped_pct,5.361131794489948
core,cluener,qwen25_05b_base,output,6101,mean_generated_tokens,77.67907669396872
core,cluener,qwen25_05b_base,output,6102,primary,22.730945327228657
core,cluener,qwen25_05b_base,output,6102,span_precision_pct,19.38447404685347
core,cluener,qwen25_05b_base,output,6102,span_recall_pct,27.473958333333332
core,cluener,qwen25_05b_base,output,6102,text_micro_f1,23.48505251817937
core,cluener,qwen25_05b_base,output,6102,content_correct,4.988830975428146
core,cluener,qwen25_05b_base,output,6102,schema_valid,93.44750558451229
core,cluener,qwen25_05b_base,output,6102,strict_json,96.7982129560685
core,cluener,qwen25_05b_base,output,6102,native_eos_pct,96.7982129560685
core,cluener,qwen25_05b_base,output,6102,capped_pct,3.2017870439314966
core,cluener,qwen25_05b_base,output,6102,mean_generated_tokens,66.74534623976173
core,cluener,qwen25_05b_base,both,6100,primary,37.36298152207955
core,cluener,qwen25_05b_base,both,6100,span_precision_pct,35.9987929993965
core,cluener,qwen25_05b_base,both,6100,span_recall_pct,38.834635416666664
core,cluener,qwen25_05b_base,both,6100,text_micro_f1,37.926714688380834
core,cluener,qwen25_05b_base,both,6100,content_correct,14.370811615785554
core,cluener,qwen25_05b_base,both,6100,schema_valid,93.74534623976173
core,cluener,qwen25_05b_base,both,6100,strict_json,98.51079672375279
core,cluener,qwen25_05b_base,both,6100,native_eos_pct,98.65971705137751
core,cluener,qwen25_05b_base,both,6100,capped_pct,1.340282948622487
core,cluener,qwen25_05b_base,both,6100,mean_generated_tokens,46.30752047654505
core,cluener,qwen25_05b_base,both,6101,primary,35.55488540410133
core,cluener,qwen25_05b_base,both,6101,span_precision_pct,33.11797752808989
core,cluener,qwen25_05b_base,both,6101,span_recall_pct,38.37890625
core,cluener,qwen25_05b_base,both,6101,text_micro_f1,36.18817852834741
core,cluener,qwen25_05b_base,both,6101,content_correct,12.062546537602383
core,cluener,qwen25_05b_base,both,6101,schema_valid,90.69247952345495
core,cluener,qwen25_05b_base,both,6101,strict_json,96.57483246463143
core,cluener,qwen25_05b_base,both,6101,native_eos_pct,96.72375279225615
core,cluener,qwen25_05b_base,both,6101,capped_pct,3.276247207743857
core,cluener,qwen25_05b_base,both,6101,mean_generated_tokens,58.84884586746091
core,cluener,qwen25_05b_base,both,6102,primary,37.874740279014546
core,cluener,qwen25_05b_base,both,6102,span_precision_pct,34.8063284233497
core,cluener,qwen25_05b_base,both,6102,span_recall_pct,41.536458333333336
core,cluener,qwen25_05b_base,both,6102,text_micro_f1,38.52775304244583
core,cluener,qwen25_05b_base,both,6102,content_correct,10.052122114668652
core,cluener,qwen25_05b_base,both,6102,schema_valid,93.59642591213701
core,cluener,qwen25_05b_base,both,6102,strict_json,99.55323901712583
core,cluener,qwen25_05b_base,both,6102,native_eos_pct,99.55323901712583
core,cluener,qwen25_05b_base,both,6102,capped_pct,0.4467609828741623
core,cluener,qwen25_05b_base,both,6102,mean_generated_tokens,45.721518987341774
core,cluener,qwen25_15b_base,base,,primary,0.0
core,cluener,qwen25_15b_base,base,,span_precision_pct,0.0
core,cluener,qwen25_15b_base,base,,span_recall_pct,0.0
core,cluener,qwen25_15b_base,base,,text_micro_f1,0.0
core,cluener,qwen25_15b_base,base,,content_correct,0.0
core,cluener,qwen25_15b_base,base,,schema_valid,98.80863737900223
core,cluener,qwen25_15b_base,base,,strict_json,87.63961280714818
core,cluener,qwen25_15b_base,base,,native_eos_pct,97.98957557706628
core,cluener,qwen25_15b_base,base,,capped_pct,2.0104244229337302
core,cluener,qwen25_15b_base,base,,mean_generated_tokens,32.1705137751303
core,cluener,qwen25_15b_base,hidden,6100,primary,59.159397303727204
core,cluener,qwen25_15b_base,hidden,6100,span_precision_pct,57.68635941849675
core,cluener,qwen25_15b_base,hidden,6100,span_recall_pct,60.709635416666664
core,cluener,qwen25_15b_base,hidden,6100,text_micro_f1,60.07930214115781
core,cluener,qwen25_15b_base,hidden,6100,content_correct,28.220402084884586
core,cluener,qwen25_15b_base,hidden,6100,schema_valid,97.09605361131794
core,cluener,qwen25_15b_base,hidden,6100,strict_json,99.55323901712583
core,cluener,qwen25_15b_base,hidden,6100,native_eos_pct,99.55323901712583
core,cluener,qwen25_15b_base,hidden,6100,capped_pct,0.4467609828741623
core,cluener,qwen25_15b_base,hidden,6100,mean_generated_tokens,41.21742367833209
core,cluener,qwen25_15b_base,hidden,6101,primary,58.995750039351485
core,cluener,qwen25_15b_base,hidden,6101,span_precision_pct,57.11673270344407
core,cluener,qwen25_15b_base,hidden,6101,span_recall_pct,61.002604166666664
core,cluener,qwen25_15b_base,hidden,6101,text_micro_f1,59.94018573902093
core,cluener,qwen25_15b_base,hidden,6101,content_correct,27.401340282948624
core,cluener,qwen25_15b_base,hidden,6101,schema_valid,96.87267311988086
core,cluener,qwen25_15b_base,hidden,6101,strict_json,99.70215934475056
core,cluener,qwen25_15b_base,hidden,6101,native_eos_pct,99.70215934475056
core,cluener,qwen25_15b_base,hidden,6101,capped_pct,0.29784065524944153
core,cluener,qwen25_15b_base,hidden,6101,mean_generated_tokens,40.918838421444526
core,cluener,qwen25_15b_base,hidden,6102,primary,58.84991190132949
core,cluener,qwen25_15b_base,hidden,6102,span_precision_pct,57.93125197098707
core,cluener,qwen25_15b_base,hidden,6102,span_recall_pct,59.798177083333336
core,cluener,qwen25_15b_base,hidden,6102,text_micro_f1,59.74691654653211
core,cluener,qwen25_15b_base,hidden,6102,content_correct,27.2524199553239
core,cluener,qwen25_15b_base,hidden,6102,schema_valid,96.94713328369322
core,cluener,qwen25_15b_base,hidden,6102,strict_json,99.6276991809382
core,cluener,qwen25_15b_base,hidden,6102,native_eos_pct,99.6276991809382
core,cluener,qwen25_15b_base,hidden,6102,capped_pct,0.37230081906180196
core,cluener,qwen25_15b_base,hidden,6102,mean_generated_tokens,40.27177959791511
core,cluener,qwen25_15b_base,hidden_budget,6100,primary,59.19339472848523
core,cluener,qwen25_15b_base,hidden_budget,6100,span_precision_pct,57.78053316800992
core,cluener,qwen25_15b_base,hidden_budget,6100,span_recall_pct,60.677083333333336
core,cluener,qwen25_15b_base,hidden_budget,6100,text_micro_f1,60.146078120038105
core,cluener,qwen25_15b_base,hidden_budget,6100,content_correct,28.145941921072225
core,cluener,qwen25_15b_base,hidden_budget,6100,schema_valid,97.02159344750558
core,cluener,qwen25_15b_base,hidden_budget,6100,strict_json,99.47877885331347
core,cluener,qwen25_15b_base,hidden_budget,6100,native_eos_pct,99.47877885331347
core,cluener,qwen25_15b_base,hidden_budget,6100,capped_pct,0.5212211466865228
core,cluener,qwen25_15b_base,hidden_budget,6100,mean_generated_tokens,41.52196574832465
core,cluener,qwen25_15b_base,hidden_budget,6101,primary,59.0122680088078
core,cluener,qwen25_15b_base,hidden_budget,6101,span_precision_pct,57.09068776628119
core,cluener,qwen25_15b_base,hidden_budget,6101,span_recall_pct,61.067708333333336
core,cluener,qwen25_15b_base,hidden_budget,6101,text_micro_f1,59.95596099402328
core,cluener,qwen25_15b_base,hidden_budget,6101,content_correct,27.47580044676098
core,cluener,qwen25_15b_base,hidden_budget,6101,schema_valid,96.64929262844379
core,cluener,qwen25_15b_base,hidden_budget,6101,strict_json,99.55323901712583
core,cluener,qwen25_15b_base,hidden_budget,6101,native_eos_pct,99.55323901712583
core,cluener,qwen25_15b_base,hidden_budget,6101,capped_pct,0.4467609828741623
core,cluener,qwen25_15b_base,hidden_budget,6101,mean_generated_tokens,41.72077438570365
core,cluener,qwen25_15b_base,hidden_budget,6102,primary,58.957497995188454
core,cluener,qwen25_15b_base,hidden_budget,6102,span_precision_pct,58.10938981979134
core,cluener,qwen25_15b_base,hidden_budget,6102,span_recall_pct,59.830729166666664
core,cluener,qwen25_15b_base,hidden_budget,6102,text_micro_f1,59.855653568564556
core,cluener,qwen25_15b_base,hidden_budget,6102,content_correct,27.326880119136263
core,cluener,qwen25_15b_base,hidden_budget,6102,schema_valid,96.87267311988086
core,cluener,qwen25_15b_base,hidden_budget,6102,strict_json,99.55323901712583
core,cluener,qwen25_15b_base,hidden_budget,6102,native_eos_pct,99.55323901712583
core,cluener,qwen25_15b_base,hidden_budget,6102,capped_pct,0.4467609828741623
core,cluener,qwen25_15b_base,hidden_budget,6102,mean_generated_tokens,40.55696202531646
core,cluener,qwen25_15b_base,hidden_input,6100,primary,61.63421640600064
core,cluener,qwen25_15b_base,hidden_input,6100,span_precision_pct,60.45710707576706
core,cluener,qwen25_15b_base,hidden_input,6100,span_recall_pct,62.858072916666664
core,cluener,qwen25_15b_base,hidden_input,6100,text_micro_f1,62.559846792211935
core,cluener,qwen25_15b_base,hidden_input,6100,content_correct,30.8265078183172
core,cluener,qwen25_15b_base,hidden_input,6100,schema_valid,97.84065524944155
core,cluener,qwen25_15b_base,hidden_input,6100,strict_json,99.70215934475056
core,cluener,qwen25_15b_base,hidden_input,6100,native_eos_pct,99.70215934475056
core,cluener,qwen25_15b_base,hidden_input,6100,capped_pct,0.29784065524944153
core,cluener,qwen25_15b_base,hidden_input,6100,mean_generated_tokens,40.064780342516755
core,cluener,qwen25_15b_base,hidden_input,6101,primary,61.768879079300014
core,cluener,qwen25_15b_base,hidden_input,6101,span_precision_pct,59.88994191378783
core,cluener,qwen25_15b_base,hidden_input,6101,span_recall_pct,63.76953125
core,cluener,qwen25_15b_base,hidden_input,6101,text_micro_f1,62.84092700614851
core,cluener,qwen25_15b_base,hidden_input,6101,content_correct,30.52866716306776
core,cluener,qwen25_15b_base,hidden_input,6101,schema_valid,97.39389426656739
core,cluener,qwen25_15b_base,hidden_input,6101,strict_json,99.77661950856292
core,cluener,qwen25_15b_base,hidden_input,6101,native_eos_pct,99.77661950856292
core,cluener,qwen25_15b_base,hidden_input,6101,capped_pct,0.22338049143708116
core,cluener,qwen25_15b_base,hidden_input,6101,mean_generated_tokens,40.52196574832465
core,cluener,qwen25_15b_base,hidden_input,6102,primary,60.42729591836735
core,cluener,qwen25_15b_base,hidden_input,6102,span_precision_pct,59.21875
core,cluener,qwen25_15b_base,hidden_input,6102,span_recall_pct,61.686197916666664
core,cluener,qwen25_15b_base,hidden_input,6102,text_micro_f1,61.32015306122449
core,cluener,qwen25_15b_base,hidden_input,6102,content_correct,29.039463886820553
core,cluener,qwen25_15b_base,hidden_input,6102,schema_valid,97.24497393894266
core,cluener,qwen25_15b_base,hidden_input,6102,strict_json,99.6276991809382
core,cluener,qwen25_15b_base,hidden_input,6102,native_eos_pct,99.6276991809382
core,cluener,qwen25_15b_base,hidden_input,6102,capped_pct,0.37230081906180196
core,cluener,qwen25_15b_base,hidden_input,6102,mean_generated_tokens,40.6120625465376
core,cluener,qwen25_15b_base,hidden_output,6100,primary,60.68335695166115
core,cluener,qwen25_15b_base,hidden_output,6100,span_precision_pct,58.76791704788045
core,cluener,qwen25_15b_base,hidden_output,6100,span_recall_pct,62.727864583333336
core,cluener,qwen25_15b_base,hidden_output,6100,text_micro_f1,61.65958116831995
core,cluener,qwen25_15b_base,hidden_output,6100,content_correct,29.784065524944154
core,cluener,qwen25_15b_base,hidden_output,6100,schema_valid,96.94713328369322
core,cluener,qwen25_15b_base,hidden_output,6100,strict_json,99.47877885331347
core,cluener,qwen25_15b_base,hidden_output,6100,native_eos_pct,99.47877885331347
core,cluener,qwen25_15b_base,hidden_output,6100,capped_pct,0.5212211466865228
core,cluener,qwen25_15b_base,hidden_output,6100,mean_generated_tokens,42.06552494415488
core,cluener,qwen25_15b_base,hidden_output,6101,primary,60.08703761268262
core,cluener,qwen25_15b_base,hidden_output,6101,span_precision_pct,57.49553837001785
core,cluener,qwen25_15b_base,hidden_output,6101,span_recall_pct,62.923177083333336
core,cluener,qwen25_15b_base,hidden_output,6101,text_micro_f1,61.17500777121542
core,cluener,qwen25_15b_base,hidden_output,6101,content_correct,28.145941921072225
core,cluener,qwen25_15b_base,hidden_output,6101,schema_valid,96.87267311988086
core,cluener,qwen25_15b_base,hidden_output,6101,strict_json,99.47877885331347
core,cluener,qwen25_15b_base,hidden_output,6101,native_eos_pct,99.47877885331347
core,cluener,qwen25_15b_base,hidden_output,6101,capped_pct,0.5212211466865228
core,cluener,qwen25_15b_base,hidden_output,6101,mean_generated_tokens,42.93894266567386
core,cluener,qwen25_15b_base,hidden_output,6102,primary,60.2502406159769
core,cluener,qwen25_15b_base,hidden_output,6102,span_precision_pct,59.39278937381404
core,cluener,qwen25_15b_base,hidden_output,6102,span_recall_pct,61.1328125
core,cluener,qwen25_15b_base,hidden_output,6102,text_micro_f1,61.08437600256657
core,cluener,qwen25_15b_base,hidden_output,6102,content_correct,28.96500372300819
core,cluener,qwen25_15b_base,hidden_output,6102,schema_valid,96.87267311988086
core,cluener,qwen25_15b_base,hidden_output,6102,strict_json,99.47877885331347
core,cluener,qwen25_15b_base,hidden_output,6102,native_eos_pct,99.47877885331347
core,cluener,qwen25_15b_base,hidden_output,6102,capped_pct,0.5212211466865228
core,cluener,qwen25_15b_base,hidden_output,6102,mean_generated_tokens,40.844378257632165
core,cluener,qwen25_15b_base,hidden_both,6100,primary,62.10542683874981
core,cluener,qwen25_15b_base,hidden_both,6100,span_precision_pct,59.45221792200059
core,cluener,qwen25_15b_base,hidden_both,6100,span_recall_pct,65.00651041666667
core,cluener,qwen25_15b_base,hidden_both,6100,text_micro_f1,63.318301974809515
core,cluener,qwen25_15b_base,hidden_both,6100,content_correct,31.422189128816083
core,cluener,qwen25_15b_base,hidden_both,6100,schema_valid,97.54281459419211
core,cluener,qwen25_15b_base,hidden_both,6100,strict_json,99.77661950856292
core,cluener,qwen25_15b_base,hidden_both,6100,native_eos_pct,99.77661950856292
core,cluener,qwen25_15b_base,hidden_both,6100,capped_pct,0.22338049143708116
core,cluener,qwen25_15b_base,hidden_both,6100,mean_generated_tokens,41.40878629932986
core,cluener,qwen25_15b_base,hidden_both,6101,primary,62.766295707472175
core,cluener,qwen25_15b_base,hidden_both,6101,span_precision_pct,61.34244872591672
core,cluener,qwen25_15b_base,hidden_both,6101,span_recall_pct,64.2578125
core,cluener,qwen25_15b_base,hidden_both,6101,text_micro_f1,63.97456279809221
core,cluener,qwen25_15b_base,hidden_both,6101,content_correct,33.13477289650037
core,cluener,qwen25_15b_base,hidden_both,6101,schema_valid,97.61727475800447
core,cluener,qwen25_15b_base,hidden_both,6101,strict_json,99.85107967237528
core,cluener,qwen25_15b_base,hidden_both,6101,native_eos_pct,99.85107967237528
core,cluener,qwen25_15b_base,hidden_both,6101,capped_pct,0.14892032762472077
core,cluener,qwen25_15b_base,hidden_both,6101,mean_generated_tokens,39.52717795979151
core,cluener,qwen25_15b_base,hidden_both,6102,primary,61.87073209464825
core,cluener,qwen25_15b_base,hidden_both,6102,span_precision_pct,60.4031007751938
core,cluener,qwen25_15b_base,hidden_both,6102,span_recall_pct,63.411458333333336
core,cluener,qwen25_15b_base,hidden_both,6102,text_micro_f1,62.76004446561855
core,cluener,qwen25_15b_base,hidden_both,6102,content_correct,30.081906180193595
core,cluener,qwen25_15b_base,hidden_both,6102,schema_valid,96.94713328369322
core,cluener,qwen25_15b_base,hidden_both,6102,strict_json,99.47877885331347
core,cluener,qwen25_15b_base,hidden_both,6102,native_eos_pct,99.47877885331347
core,cluener,qwen25_15b_base,hidden_both,6102,capped_pct,0.5212211466865228
core,cluener,qwen25_15b_base,hidden_both,6102,mean_generated_tokens,41.55174981384959
core,cluener,qwen25_15b_base,input,6100,primary,35.315813739050256
core,cluener,qwen25_15b_base,input,6100,span_precision_pct,33.44978165938865
core,cluener,qwen25_15b_base,input,6100,span_recall_pct,37.40234375
core,cluener,qwen25_15b_base,input,6100,text_micro_f1,36.11495312740126
core,cluener,qwen25_15b_base,input,6100,content_correct,12.285927029039463
core,cluener,qwen25_15b_base,input,6100,schema_valid,90.76693968726731
core,cluener,qwen25_15b_base,input,6100,strict_json,99.2553983618764
core,cluener,qwen25_15b_base,input,6100,native_eos_pct,99.40431868950111
core,cluener,qwen25_15b_base,input,6100,capped_pct,0.5956813104988831
core,cluener,qwen25_15b_base,input,6100,mean_generated_tokens,44.33581533879374
core,cluener,qwen25_15b_base,input,6101,primary,35.15417123180467
core,cluener,qwen25_15b_base,input,6101,span_precision_pct,33.85589388001206
core,cluener,qwen25_15b_base,input,6101,span_recall_pct,36.555989583333336
core,cluener,qwen25_15b_base,input,6101,text_micro_f1,35.81155110345907
core,cluener,qwen25_15b_base,input,6101,content_correct,12.807148175725986
core,cluener,qwen25_15b_base,input,6101,schema_valid,92.03276247207744
core,cluener,qwen25_15b_base,input,6101,strict_json,98.80863737900223
core,cluener,qwen25_15b_base,input,6101,native_eos_pct,99.03201787043932
core,cluener,qwen25_15b_base,input,6101,capped_pct,0.9679821295606851
core,cluener,qwen25_15b_base,input,6101,mean_generated_tokens,44.894266567386445
core,cluener,qwen25_15b_base,input,6102,primary,37.684846557481315
core,cluener,qwen25_15b_base,input,6102,span_precision_pct,36.835561081753184
core,cluener,qwen25_15b_base,input,6102,span_recall_pct,38.57421875
core,cluener,qwen25_15b_base,input,6102,text_micro_f1,38.32087772300843
core,cluener,qwen25_15b_base,input,6102,content_correct,13.030528667163068
core,cluener,qwen25_15b_base,input,6102,schema_valid,94.26656738644824
core,cluener,qwen25_15b_base,input,6102,strict_json,99.77661950856292
core,cluener,qwen25_15b_base,input,6102,native_eos_pct,99.85107967237528
core,cluener,qwen25_15b_base,input,6102,capped_pct,0.14892032762472077
core,cluener,qwen25_15b_base,input,6102,mean_generated_tokens,39.77066269545793
core,cluener,qwen25_15b_base,output,6100,primary,31.24074622445958
core,cluener,qwen25_15b_base,output,6100,span_precision_pct,28.652906029331884
core,cluener,qwen25_15b_base,output,6100,span_recall_pct,34.342447916666664
core,cluener,qwen25_15b_base,output,6100,text_micro_f1,32.129108676339946
core,cluener,qwen25_15b_base,output,6100,content_correct,12.211466865227104
core,cluener,qwen25_15b_base,output,6100,schema_valid,91.95830230826508
core,cluener,qwen25_15b_base,output,6100,strict_json,97.02159344750558
core,cluener,qwen25_15b_base,output,6100,native_eos_pct,97.1705137751303
core,cluener,qwen25_15b_base,output,6100,capped_pct,2.8294862248696946
core,cluener,qwen25_15b_base,output,6100,mean_generated_tokens,57.59121370067014
core,cluener,qwen25_15b_base,output,6101,primary,31.754623364907534
core,cluener,qwen25_15b_base,output,6101,span_precision_pct,29.50544844928751
core,cluener,qwen25_15b_base,output,6101,span_recall_pct,34.375
core,cluener,qwen25_15b_base,output,6101,text_micro_f1,32.86723800932191
core,cluener,qwen25_15b_base,output,6101,content_correct,11.54132539091586
core,cluener,qwen25_15b_base,output,6101,schema_valid,93.07520476545048
core,cluener,qwen25_15b_base,output,6101,strict_json,97.39389426656739
core,cluener,qwen25_15b_base,output,6101,native_eos_pct,97.46835443037975
core,cluener,qwen25_15b_base,output,6101,capped_pct,2.5316455696202533
core,cluener,qwen25_15b_base,output,6101,mean_generated_tokens,55.17200297840655
core,cluener,qwen25_15b_base,output,6102,primary,29.716382108085227
core,cluener,qwen25_15b_base,output,6102,span_precision_pct,26.2266500622665
core,cluener,qwen25_15b_base,output,6102,span_recall_pct,34.27734375
core,cluener,qwen25_15b_base,output,6102,text_micro_f1,30.675885424015803
core,cluener,qwen25_15b_base,output,6102,content_correct,10.349962769918093
core,cluener,qwen25_15b_base,output,6102,schema_valid,91.66046165301563
core,cluener,qwen25_15b_base,output,6102,strict_json,96.87267311988086
core,cluener,qwen25_15b_base,output,6102,native_eos_pct,97.09605361131794
core,cluener,qwen25_15b_base,output,6102,capped_pct,2.903946388682055
core,cluener,qwen25_15b_base,output,6102,mean_generated_tokens,61.79672375279225
core,cluener,qwen25_15b_base,both,6100,primary,45.016970070965755
core,cluener,qwen25_15b_base,both,6100,span_precision_pct,42.78592375366569
core,cluener,qwen25_15b_base,both,6100,span_recall_pct,47.493489583333336
core,cluener,qwen25_15b_base,both,6100,text_micro_f1,45.88090095649491
core,cluener,qwen25_15b_base,both,6100,content_correct,19.806403574087863
core,cluener,qwen25_15b_base,both,6100,schema_valid,93.67088607594937
core,cluener,qwen25_15b_base,both,6100,strict_json,97.1705137751303
core,cluener,qwen25_15b_base,both,6100,native_eos_pct,97.31943410275503
core,cluener,qwen25_15b_base,both,6100,capped_pct,2.680565897244974
core,cluener,qwen25_15b_base,both,6100,mean_generated_tokens,54.11764705882353
core,cluener,qwen25_15b_base,both,6101,primary,45.45595774429082
core,cluener,qwen25_15b_base,both,6101,span_precision_pct,43.47696879643388
core,cluener,qwen25_15b_base,both,6101,span_recall_pct,47.623697916666664
core,cluener,qwen25_15b_base,both,6101,text_micro_f1,46.41913935062917
core,cluener,qwen25_15b_base,both,6101,content_correct,20.327624720774384
core,cluener,qwen25_15b_base,both,6101,schema_valid,94.19210722263588
core,cluener,qwen25_15b_base,both,6101,strict_json,97.84065524944155
core,cluener,qwen25_15b_base,both,6101,native_eos_pct,97.91511541325391
core,cluener,qwen25_15b_base,both,6101,capped_pct,2.084884586746091
core,cluener,qwen25_15b_base,both,6101,mean_generated_tokens,50.72598659717051
core,cluener,qwen25_15b_base,both,6102,primary,46.49799444615859
core,cluener,qwen25_15b_base,both,6102,span_precision_pct,44.193548387096776
core,cluener,qwen25_15b_base,both,6102,span_recall_pct,49.055989583333336
core,cluener,qwen25_15b_base,both,6102,text_micro_f1,47.36192533168775
core,cluener,qwen25_15b_base,both,6102,content_correct,19.21072226358898
core,cluener,qwen25_15b_base,both,6102,schema_valid,94.78778853313477
core,cluener,qwen25_15b_base,both,6102,strict_json,98.51079672375279
core,cluener,qwen25_15b_base,both,6102,native_eos_pct,98.58525688756515
core,cluener,qwen25_15b_base,both,6102,capped_pct,1.4147431124348473
core,cluener,qwen25_15b_base,both,6102,mean_generated_tokens,47.808637379002235
core,cluener,qwen25_3b_base,base,,primary,27.008729734544808
core,cluener,qwen25_3b_base,base,,span_precision_pct,29.83077528532074
core,cluener,qwen25_3b_base,base,,span_recall_pct,24.674479166666668
core,cluener,qwen25_3b_base,base,,text_micro_f1,29.32478175663638
core,cluener,qwen25_3b_base,base,,content_correct,11.094564408041698
core,cluener,qwen25_3b_base,base,,schema_valid,81.08711839166047
core,cluener,qwen25_3b_base,base,,strict_json,0.0
core,cluener,qwen25_3b_base,base,,native_eos_pct,13.47728965003723
core,cluener,qwen25_3b_base,base,,capped_pct,86.52271034996276
core,cluener,qwen25_3b_base,base,,mean_generated_tokens,498.8183172002978
core,cluener,qwen25_3b_base,hidden,6100,primary,63.72990353697749
core,cluener,qwen25_3b_base,hidden,6100,span_precision_pct,62.96060991105464
core,cluener,qwen25_3b_base,hidden,6100,span_recall_pct,64.51822916666667
core,cluener,qwen25_3b_base,hidden,6100,text_micro_f1,65.20900321543408
core,cluener,qwen25_3b_base,hidden,6100,content_correct,33.730454206999255
core,cluener,qwen25_3b_base,hidden,6100,schema_valid,98.73417721518987
core,cluener,qwen25_3b_base,hidden,6100,strict_json,99.85107967237528
core,cluener,qwen25_3b_base,hidden,6100,native_eos_pct,99.85107967237528
core,cluener,qwen25_3b_base,hidden,6100,capped_pct,0.14892032762472077
core,cluener,qwen25_3b_base,hidden,6100,mean_generated_tokens,38.89873417721519
core,cluener,qwen25_3b_base,hidden,6101,primary,65.12365250475587
core,cluener,qwen25_3b_base,hidden,6101,span_precision_pct,63.4734239802225
core,cluener,qwen25_3b_base,hidden,6101,span_recall_pct,66.86197916666667
core,cluener,qwen25_3b_base,hidden,6101,text_micro_f1,66.39188332276474
core,cluener,qwen25_3b_base,hidden,6101,content_correct,34.47505584512286
core,cluener,qwen25_3b_base,hidden,6101,schema_valid,98.36187639612807
core,cluener,qwen25_3b_base,hidden,6101,strict_json,99.85107967237528
core,cluener,qwen25_3b_base,hidden,6101,native_eos_pct,99.92553983618764
core,cluener,qwen25_3b_base,hidden,6101,capped_pct,0.07446016381236038
core,cluener,qwen25_3b_base,hidden,6101,mean_generated_tokens,39.35591958302308
core,cluener,qwen25_3b_base,hidden,6102,primary,64.60063897763578
core,cluener,qwen25_3b_base,hidden,6102,span_precision_pct,63.42534504391468
core,cluener,qwen25_3b_base,hidden,6102,span_recall_pct,65.8203125
core,cluener,qwen25_3b_base,hidden,6102,text_micro_f1,65.87859424920129
core,cluener,qwen25_3b_base,hidden,6102,content_correct,33.655994043186894
core,cluener,qwen25_3b_base,hidden,6102,schema_valid,97.84065524944155
core,cluener,qwen25_3b_base,hidden,6102,strict_json,99.85107967237528
core,cluener,qwen25_3b_base,hidden,6102,native_eos_pct,99.85107967237528
core,cluener,qwen25_3b_base,hidden,6102,capped_pct,0.14892032762472077
core,cluener,qwen25_3b_base,hidden,6102,mean_generated_tokens,39.32911392405063
core,cluener,qwen25_3b_base,hidden_budget,6100,primary,63.94711383424702
core,cluener,qwen25_3b_base,hidden_budget,6100,span_precision_pct,63.35463258785943
core,cluener,qwen25_3b_base,hidden_budget,6100,span_recall_pct,64.55078125
core,cluener,qwen25_3b_base,hidden_budget,6100,text_micro_f1,65.4305062882941
core,cluener,qwen25_3b_base,hidden_budget,6100,content_correct,33.95383469843634
core,cluener,qwen25_3b_base,hidden_budget,6100,schema_valid,98.80863737900223
core,cluener,qwen25_3b_base,hidden_budget,6100,strict_json,99.85107967237528
core,cluener,qwen25_3b_base,hidden_budget,6100,native_eos_pct,99.85107967237528
core,cluener,qwen25_3b_base,hidden_budget,6100,capped_pct,0.14892032762472077
core,cluener,qwen25_3b_base,hidden_budget,6100,mean_generated_tokens,38.69992553983619
core,cluener,qwen25_3b_base,hidden_budget,6101,primary,65.2222046496916
core,cluener,qwen25_3b_base,hidden_budget,6101,span_precision_pct,63.42663795755152
core,cluener,qwen25_3b_base,hidden_budget,6101,span_recall_pct,67.12239583333333
core,cluener,qwen25_3b_base,hidden_budget,6101,text_micro_f1,66.51905740945753
core,cluener,qwen25_3b_base,hidden_budget,6101,content_correct,34.177215189873415
core,cluener,qwen25_3b_base,hidden_budget,6101,schema_valid,98.36187639612807
core,cluener,qwen25_3b_base,hidden_budget,6101,strict_json,99.92553983618764
core,cluener,qwen25_3b_base,hidden_budget,6101,native_eos_pct,99.92553983618764
core,cluener,qwen25_3b_base,hidden_budget,6101,capped_pct,0.07446016381236038
core,cluener,qwen25_3b_base,hidden_budget,6101,mean_generated_tokens,39.460163812360385
core,cluener,qwen25_3b_base,hidden_budget,6102,primary,64.56039572363173
core,cluener,qwen25_3b_base,hidden_budget,6102,span_precision_pct,63.31768388106416
core,cluener,qwen25_3b_base,hidden_budget,6102,span_recall_pct,65.85286458333333
core,cluener,qwen25_3b_base,hidden_budget,6102,text_micro_f1,65.83692356789533
core,cluener,qwen25_3b_base,hidden_budget,6102,content_correct,33.283693224125095
core,cluener,qwen25_3b_base,hidden_budget,6102,schema_valid,97.76619508562919
core,cluener,qwen25_3b_base,hidden_budget,6102,strict_json,99.85107967237528
core,cluener,qwen25_3b_base,hidden_budget,6102,native_eos_pct,99.85107967237528
core,cluener,qwen25_3b_base,hidden_budget,6102,capped_pct,0.14892032762472077
core,cluener,qwen25_3b_base,hidden_budget,6102,mean_generated_tokens,39.385703648548024
core,cluener,qwen25_3b_base,hidden_input,6100,primary,64.34727098627513
core,cluener,qwen25_3b_base,hidden_input,6100,span_precision_pct,63.11834690043832
core,cluener,qwen25_3b_base,hidden_input,6100,span_recall_pct,65.625
core,cluener,qwen25_3b_base,hidden_input,6100,text_micro_f1,65.84743057772103
core,cluener,qwen25_3b_base,hidden_input,6100,content_correct,33.95383469843634
core,cluener,qwen25_3b_base,hidden_input,6100,schema_valid,98.8830975428146
core,cluener,qwen25_3b_base,hidden_input,6100,strict_json,99.85107967237528
core,cluener,qwen25_3b_base,hidden_input,6100,native_eos_pct,99.85107967237528
core,cluener,qwen25_3b_base,hidden_input,6100,capped_pct,0.14892032762472077
core,cluener,qwen25_3b_base,hidden_input,6100,mean_generated_tokens,39.38644825018615
core,cluener,qwen25_3b_base,hidden_input,6101,primary,66.06578115117014
core,cluener,qwen25_3b_base,hidden_input,6101,span_precision_pct,64.23739237392374
core,cluener,qwen25_3b_base,hidden_input,6101,span_recall_pct,68.00130208333333
core,cluener,qwen25_3b_base,hidden_input,6101,text_micro_f1,67.36242884250474
core,cluener,qwen25_3b_base,hidden_input,6101,content_correct,34.92181682799702
core,cluener,qwen25_3b_base,hidden_input,6101,schema_valid,98.58525688756515
core,cluener,qwen25_3b_base,hidden_input,6101,strict_json,100.0
core,cluener,qwen25_3b_base,hidden_input,6101,native_eos_pct,100.0
core,cluener,qwen25_3b_base,hidden_input,6101,capped_pct,0.0
core,cluener,qwen25_3b_base,hidden_input,6101,mean_generated_tokens,39.168279970215934
core,cluener,qwen25_3b_base,hidden_input,6102,primary,65.63546483814383
core,cluener,qwen25_3b_base,hidden_input,6102,span_precision_pct,64.33260393873086
core,cluener,qwen25_3b_base,hidden_input,6102,span_recall_pct,66.9921875
core,cluener,qwen25_3b_base,hidden_input,6102,text_micro_f1,66.8473927603253
core,cluener,qwen25_3b_base,hidden_input,6102,content_correct,34.69843633655994
core,cluener,qwen25_3b_base,hidden_input,6102,schema_valid,97.84065524944155
core,cluener,qwen25_3b_base,hidden_input,6102,strict_json,99.77661950856292
core,cluener,qwen25_3b_base,hidden_input,6102,native_eos_pct,99.77661950856292
core,cluener,qwen25_3b_base,hidden_input,6102,capped_pct,0.22338049143708116
core,cluener,qwen25_3b_base,hidden_input,6102,mean_generated_tokens,39.848101265822784
core,cluener,qwen25_3b_base,hidden_output,6100,primary,65.6539814518708
core,cluener,qwen25_3b_base,hidden_output,6100,span_precision_pct,64.51917033312382
core,cluener,qwen25_3b_base,hidden_output,6100,span_recall_pct,66.82942708333333
core,cluener,qwen25_3b_base,hidden_output,6100,text_micro_f1,67.18899904061401
core,cluener,qwen25_3b_base,hidden_output,6100,content_correct,36.03871928518243
core,cluener,qwen25_3b_base,hidden_output,6100,schema_valid,98.65971705137751
core,cluener,qwen25_3b_base,hidden_output,6100,strict_json,99.77661950856292
core,cluener,qwen25_3b_base,hidden_output,6100,native_eos_pct,99.77661950856292
core,cluener,qwen25_3b_base,hidden_output,6100,capped_pct,0.22338049143708116
core,cluener,qwen25_3b_base,hidden_output,6100,mean_generated_tokens,39.7066269545793
core,cluener,qwen25_3b_base,hidden_output,6101,primary,65.87715142902258
core,cluener,qwen25_3b_base,hidden_output,6101,span_precision_pct,63.96810794234897
core,cluener,qwen25_3b_base,hidden_output,6101,span_recall_pct,67.90364583333333
core,cluener,qwen25_3b_base,hidden_output,6101,text_micro_f1,67.20353702826465
core,cluener,qwen25_3b_base,hidden_output,6101,content_correct,35.591958302308264
core,cluener,qwen25_3b_base,hidden_output,6101,schema_valid,98.80863737900223
core,cluener,qwen25_3b_base,hidden_output,6101,strict_json,99.92553983618764
core,cluener,qwen25_3b_base,hidden_output,6101,native_eos_pct,99.92553983618764
core,cluener,qwen25_3b_base,hidden_output,6101,capped_pct,0.07446016381236038
core,cluener,qwen25_3b_base,hidden_output,6101,mean_generated_tokens,39.62248696947133
core,cluener,qwen25_3b_base,hidden_output,6102,primary,66.11491325799777
core,cluener,qwen25_3b_base,hidden_output,6102,span_precision_pct,64.68389909685456
core,cluener,qwen25_3b_base,hidden_output,6102,span_recall_pct,67.61067708333333
core,cluener,qwen25_3b_base,hidden_output,6102,text_micro_f1,67.54734999204202
core,cluener,qwen25_3b_base,hidden_output,6102,content_correct,35.07073715562174
core,cluener,qwen25_3b_base,hidden_output,6102,schema_valid,97.54281459419211
core,cluener,qwen25_3b_base,hidden_output,6102,strict_json,99.85107967237528
core,cluener,qwen25_3b_base,hidden_output,6102,native_eos_pct,99.85107967237528
core,cluener,qwen25_3b_base,hidden_output,6102,capped_pct,0.14892032762472077
core,cluener,qwen25_3b_base,hidden_output,6102,mean_generated_tokens,39.59121370067014
core,cluener,qwen25_3b_base,hidden_both,6100,primary,66.6773418734988
core,cluener,qwen25_3b_base,hidden_both,6100,span_precision_pct,65.61613614875512
core,cluener,qwen25_3b_base,hidden_both,6100,span_recall_pct,67.7734375
core,cluener,qwen25_3b_base,hidden_both,6100,text_micro_f1,68.31064851881506
core,cluener,qwen25_3b_base,hidden_both,6100,content_correct,37.30454206999256
core,cluener,qwen25_3b_base,hidden_both,6100,schema_valid,98.95755770662696
core,cluener,qwen25_3b_base,hidden_both,6100,strict_json,99.77661950856292
core,cluener,qwen25_3b_base,hidden_both,6100,native_eos_pct,99.77661950856292
core,cluener,qwen25_3b_base,hidden_both,6100,capped_pct,0.22338049143708116
core,cluener,qwen25_3b_base,hidden_both,6100,mean_generated_tokens,39.580789277736415
core,cluener,qwen25_3b_base,hidden_both,6101,primary,66.41257741781801
core,cluener,qwen25_3b_base,hidden_both,6101,span_precision_pct,64.83720930232558
core,cluener,qwen25_3b_base,hidden_both,6101,span_recall_pct,68.06640625
core,cluener,qwen25_3b_base,hidden_both,6101,text_micro_f1,67.65126250595522
core,cluener,qwen25_3b_base,hidden_both,6101,content_correct,36.113179448994785
core,cluener,qwen25_3b_base,hidden_both,6101,schema_valid,98.65971705137751
core,cluener,qwen25_3b_base,hidden_both,6101,strict_json,100.0
core,cluener,qwen25_3b_base,hidden_both,6101,native_eos_pct,100.0
core,cluener,qwen25_3b_base,hidden_both,6101,capped_pct,0.0
core,cluener,qwen25_3b_base,hidden_both,6101,mean_generated_tokens,38.86671630677588
core,cluener,qwen25_3b_base,hidden_both,6102,primary,66.75204097967024
core,cluener,qwen25_3b_base,hidden_both,6102,span_precision_pct,65.66929133858268
core,cluener,qwen25_3b_base,hidden_both,6102,span_recall_pct,67.87109375
core,cluener,qwen25_3b_base,hidden_both,6102,text_micro_f1,68.22474787898192
core,cluener,qwen25_3b_base,hidden_both,6102,content_correct,36.187639612807146
core,cluener,qwen25_3b_base,hidden_both,6102,schema_valid,97.84065524944155
core,cluener,qwen25_3b_base,hidden_both,6102,strict_json,99.85107967237528
core,cluener,qwen25_3b_base,hidden_both,6102,native_eos_pct,99.92553983618764
core,cluener,qwen25_3b_base,hidden_both,6102,capped_pct,0.07446016381236038
core,cluener,qwen25_3b_base,hidden_both,6102,mean_generated_tokens,38.82055100521221
core,cluener,qwen25_3b_base,input,6100,primary,39.39685595123516
core,cluener,qwen25_3b_base,input,6100,span_precision_pct,38.83617963314358
core,cluener,qwen25_3b_base,input,6100,span_recall_pct,39.973958333333336
core,cluener,qwen25_3b_base,input,6100,text_micro_f1,40.13474494706448
core,cluener,qwen25_3b_base,input,6100,content_correct,16.083395383469842
core,cluener,qwen25_3b_base,input,6100,schema_valid,95.60685033507073
core,cluener,qwen25_3b_base,input,6100,strict_json,99.10647803425168
core,cluener,qwen25_3b_base,input,6100,native_eos_pct,99.47877885331347
core,cluener,qwen25_3b_base,input,6100,capped_pct,0.5212211466865228
core,cluener,qwen25_3b_base,input,6100,mean_generated_tokens,41.28816083395383
core,cluener,qwen25_3b_base,input,6101,primary,39.73616473616474
core,cluener,qwen25_3b_base,input,6101,span_precision_pct,39.281170483460556
core,cluener,qwen25_3b_base,input,6101,span_recall_pct,40.201822916666664
core,cluener,qwen25_3b_base,input,6101,text_micro_f1,40.765765765765764
core,cluener,qwen25_3b_base,input,6101,content_correct,15.934475055845123
core,cluener,qwen25_3b_base,input,6101,schema_valid,97.1705137751303
core,cluener,qwen25_3b_base,input,6101,strict_json,99.2553983618764
core,cluener,qwen25_3b_base,input,6101,native_eos_pct,99.32985852568876
core,cluener,qwen25_3b_base,input,6101,capped_pct,0.6701414743112435
core,cluener,qwen25_3b_base,input,6101,mean_generated_tokens,41.379746835443036
core,cluener,qwen25_3b_base,input,6102,primary,39.42168674698795
core,cluener,qwen25_3b_base,input,6102,span_precision_pct,38.91531874405328
core,cluener,qwen25_3b_base,input,6102,span_recall_pct,39.94140625
core,cluener,qwen25_3b_base,input,6102,text_micro_f1,40.35341365461847
core,cluener,qwen25_3b_base,input,6102,content_correct,16.381236038719287
core,cluener,qwen25_3b_base,input,6102,schema_valid,94.9367088607595
core,cluener,qwen25_3b_base,input,6102,strict_json,98.21295606850335
core,cluener,qwen25_3b_base,input,6102,native_eos_pct,98.36187639612807
core,cluener,qwen25_3b_base,input,6102,capped_pct,1.6381236038719285
core,cluener,qwen25_3b_base,input,6102,mean_generated_tokens,46.72524199553239
core,cluener,qwen25_3b_base,output,6100,primary,36.73651359786001
core,cluener,qwen25_3b_base,output,6100,span_precision_pct,33.79819524200164
core,cluener,qwen25_3b_base,output,6100,span_recall_pct,40.234375
core,cluener,qwen25_3b_base,output,6100,text_micro_f1,37.836231237925396
core,cluener,qwen25_3b_base,output,6100,content_correct,17.27475800446761
core,cluener,qwen25_3b_base,output,6100,schema_valid,92.92628443782576
core,cluener,qwen25_3b_base,output,6100,strict_json,95.3090096798213
core,cluener,qwen25_3b_base,output,6100,native_eos_pct,96.12807148175726
core,cluener,qwen25_3b_base,output,6100,capped_pct,3.8719285182427403
core,cluener,qwen25_3b_base,output,6100,mean_generated_tokens,64.20253164556962
core,cluener,qwen25_3b_base,output,6101,primary,36.76556137289121
core,cluener,qwen25_3b_base,output,6101,span_precision_pct,33.22818086225026
core,cluener,qwen25_3b_base,output,6101,span_recall_pct,41.145833333333336
core,cluener,qwen25_3b_base,output,6101,text_micro_f1,37.78359511343805
core,cluener,qwen25_3b_base,output,6101,content_correct,18.019359642591215
core,cluener,qwen25_3b_base,output,6101,schema_valid,94.86224869694713
core,cluener,qwen25_3b_base,output,6101,strict_json,97.1705137751303
core,cluener,qwen25_3b_base,output,6101,native_eos_pct,97.69173492181683
core,cluener,qwen25_3b_base,output,6101,capped_pct,2.308265078183172
core,cluener,qwen25_3b_base,output,6101,mean_generated_tokens,56.55770662695458
core,cluener,qwen25_3b_base,output,6102,primary,38.53937527496701
core,cluener,qwen25_3b_base,output,6102,span_precision_pct,35.06805444355484
core,cluener,qwen25_3b_base,output,6102,span_recall_pct,42.7734375
core,cluener,qwen25_3b_base,output,6102,text_micro_f1,39.74189763894999
core,cluener,qwen25_3b_base,output,6102,content_correct,17.72151898734177
core,cluener,qwen25_3b_base,output,6102,schema_valid,93.29858525688756
core,cluener,qwen25_3b_base,output,6102,strict_json,94.9367088607595
core,cluener,qwen25_3b_base,output,6102,native_eos_pct,95.60685033507073
core,cluener,qwen25_3b_base,output,6102,capped_pct,4.393149664929263
core,cluener,qwen25_3b_base,output,6102,mean_generated_tokens,67.36857781087119
core,cluener,qwen25_3b_base,both,6100,primary,47.53754238656548
core,cluener,qwen25_3b_base,both,6100,span_precision_pct,47.16437039410445
core,cluener,qwen25_3b_base,both,6100,span_recall_pct,47.916666666666664
core,cluener,qwen25_3b_base,both,6100,text_micro_f1,48.79702890360084
core,cluener,qwen25_3b_base,both,6100,content_correct,22.5614296351452
core,cluener,qwen25_3b_base,both,6100,schema_valid,94.78778853313477
core,cluener,qwen25_3b_base,both,6100,strict_json,97.1705137751303
core,cluener,qwen25_3b_base,both,6100,native_eos_pct,97.39389426656739
core,cluener,qwen25_3b_base,both,6100,capped_pct,2.6061057334326136
core,cluener,qwen25_3b_base,both,6100,mean_generated_tokens,51.04988830975428
core,cluener,qwen25_3b_base,both,6101,primary,48.6529826812059
core,cluener,qwen25_3b_base,both,6101,span_precision_pct,47.9456384323641
core,cluener,qwen25_3b_base,both,6101,span_recall_pct,49.381510416666664
core,cluener,qwen25_3b_base,both,6101,text_micro_f1,49.839640795381655
core,cluener,qwen25_3b_base,both,6101,content_correct,23.00819061801936
core,cluener,qwen25_3b_base,both,6101,schema_valid,95.6813104988831
core,cluener,qwen25_3b_base,both,6101,strict_json,97.69173492181683
core,cluener,qwen25_3b_base,both,6101,native_eos_pct,97.69173492181683
core,cluener,qwen25_3b_base,both,6101,capped_pct,2.308265078183172
core,cluener,qwen25_3b_base,both,6101,mean_generated_tokens,49.69694713328369
core,cluener,qwen25_3b_base,both,6102,primary,48.80076750879437
core,cluener,qwen25_3b_base,both,6102,span_precision_pct,47.95725958516656
core,cluener,qwen25_3b_base,both,6102,span_recall_pct,49.674479166666664
core,cluener,qwen25_3b_base,both,6102,text_micro_f1,49.95203070035178
core,cluener,qwen25_3b_base,both,6102,content_correct,22.338049143708115
core,cluener,qwen25_3b_base,both,6102,schema_valid,94.71332836932241
core,cluener,qwen25_3b_base,both,6102,strict_json,96.94713328369322
core,cluener,qwen25_3b_base,both,6102,native_eos_pct,97.09605361131794
core,cluener,qwen25_3b_base,both,6102,capped_pct,2.903946388682055
core,cluener,qwen25_3b_base,both,6102,mean_generated_tokens,53.03723008190618
core,cluener,qwen25_7b_base,base,,primary,35.822683706070286
core,cluener,qwen25_7b_base,base,,span_precision_pct,46.332644628099175
core,cluener,qwen25_7b_base,base,,span_recall_pct,29.19921875
core,cluener,qwen25_7b_base,base,,text_micro_f1,38.85782747603834
core,cluener,qwen25_7b_base,base,,content_correct,12.956068503350707
core,cluener,qwen25_7b_base,base,,schema_valid,87.93745346239761
core,cluener,qwen25_7b_base,base,,strict_json,2.4571854058078926
core,cluener,qwen25_7b_base,base,,native_eos_pct,17.34921816827997
core,cluener,qwen25_7b_base,base,,capped_pct,82.65078183172002
core,cluener,qwen25_7b_base,base,,mean_generated_tokens,484.1995532390171
core,cluener,qwen25_7b_base,hidden,6100,primary,68.26556543837357
core,cluener,qwen25_7b_base,hidden,6100,span_precision_pct,66.65632754342431
core,cluener,qwen25_7b_base,hidden,6100,span_recall_pct,69.95442708333333
core,cluener,qwen25_7b_base,hidden,6100,text_micro_f1,69.82210927573063
core,cluener,qwen25_7b_base,hidden,6100,content_correct,38.7192851824274
core,cluener,qwen25_7b_base,hidden,6100,schema_valid,98.80863737900223
core,cluener,qwen25_7b_base,hidden,6100,strict_json,100.0
core,cluener,qwen25_7b_base,hidden,6100,native_eos_pct,100.0
core,cluener,qwen25_7b_base,hidden,6100,capped_pct,0.0
core,cluener,qwen25_7b_base,hidden,6100,mean_generated_tokens,38.91064780342517
core,cluener,qwen25_7b_base,hidden,6101,primary,69.14175506268082
core,cluener,qwen25_7b_base,hidden,6101,span_precision_pct,68.28571428571429
core,cluener,qwen25_7b_base,hidden,6101,span_recall_pct,70.01953125
core,cluener,qwen25_7b_base,hidden,6101,text_micro_f1,70.26679524268724
core,cluener,qwen25_7b_base,hidden,6101,content_correct,38.7192851824274
core,cluener,qwen25_7b_base,hidden,6101,schema_valid,98.43633655994043
core,cluener,qwen25_7b_base,hidden,6101,strict_json,99.92553983618764
core,cluener,qwen25_7b_base,hidden,6101,native_eos_pct,100.0
core,cluener,qwen25_7b_base,hidden,6101,capped_pct,0.0
core,cluener,qwen25_7b_base,hidden,6101,mean_generated_tokens,38.132539091586004
core,cluener,qwen25_7b_base,hidden,6102,primary,69.44533504328311
core,cluener,qwen25_7b_base,hidden,6102,span_precision_pct,68.41440303221731
core,cluener,qwen25_7b_base,hidden,6102,span_recall_pct,70.5078125
core,cluener,qwen25_7b_base,hidden,6102,text_micro_f1,70.82398204552742
core,cluener,qwen25_7b_base,hidden,6102,content_correct,39.38942665673864
core,cluener,qwen25_7b_base,hidden,6102,schema_valid,98.8830975428146
core,cluener,qwen25_7b_base,hidden,6102,strict_json,100.0
core,cluener,qwen25_7b_base,hidden,6102,native_eos_pct,100.0
core,cluener,qwen25_7b_base,hidden,6102,capped_pct,0.0
core,cluener,qwen25_7b_base,hidden,6102,mean_generated_tokens,38.27029039463887
core,cluener,qwen25_7b_base,hidden_budget,6100,primary,68.35081029551954
core,cluener,qwen25_7b_base,hidden_budget,6100,span_precision_pct,66.75977653631286
core,cluener,qwen25_7b_base,hidden_budget,6100,span_recall_pct,70.01953125
core,cluener,qwen25_7b_base,hidden_budget,6100,text_micro_f1,69.90784874483636
core,cluener,qwen25_7b_base,hidden_budget,6100,content_correct,38.86820551005212
core,cluener,qwen25_7b_base,hidden_budget,6100,schema_valid,98.8830975428146
core,cluener,qwen25_7b_base,hidden_budget,6100,strict_json,100.0
core,cluener,qwen25_7b_base,hidden_budget,6100,native_eos_pct,100.0
core,cluener,qwen25_7b_base,hidden_budget,6100,capped_pct,0.0
core,cluener,qwen25_7b_base,hidden_budget,6100,mean_generated_tokens,38.883097542814596
core,cluener,qwen25_7b_base,hidden_budget,6101,primary,69.00208902458621
core,cluener,qwen25_7b_base,hidden_budget,6101,span_precision_pct,68.13709933354491
core,cluener,qwen25_7b_base,hidden_budget,6101,span_recall_pct,69.88932291666667
core,cluener,qwen25_7b_base,hidden_budget,6101,text_micro_f1,70.15908725695003
core,cluener,qwen25_7b_base,hidden_budget,6101,content_correct,38.79374534623976
core,cluener,qwen25_7b_base,hidden_budget,6101,schema_valid,98.36187639612807
core,cluener,qwen25_7b_base,hidden_budget,6101,strict_json,99.92553983618764
core,cluener,qwen25_7b_base,hidden_budget,6101,native_eos_pct,100.0
core,cluener,qwen25_7b_base,hidden_budget,6101,capped_pct,0.0
core,cluener,qwen25_7b_base,hidden_budget,6101,mean_generated_tokens,38.13030528667163
core,cluener,qwen25_7b_base,hidden_budget,6102,primary,69.31836407377706
core,cluener,qwen25_7b_base,hidden_budget,6102,span_precision_pct,68.32121403730635
core,cluener,qwen25_7b_base,hidden_budget,6102,span_recall_pct,70.34505208333333
core,cluener,qwen25_7b_base,hidden_budget,6102,text_micro_f1,70.69767441860465
core,cluener,qwen25_7b_base,hidden_budget,6102,content_correct,39.166046165301566
core,cluener,qwen25_7b_base,hidden_budget,6102,schema_valid,98.8830975428146
core,cluener,qwen25_7b_base,hidden_budget,6102,strict_json,100.0
core,cluener,qwen25_7b_base,hidden_budget,6102,native_eos_pct,100.0
core,cluener,qwen25_7b_base,hidden_budget,6102,capped_pct,0.0
core,cluener,qwen25_7b_base,hidden_budget,6102,mean_generated_tokens,38.228592702903946
core,cluener,qwen25_7b_base,hidden_input,6100,primary,69.06543544021653
core,cluener,qwen25_7b_base,hidden_input,6100,span_precision_pct,67.59114989093176
core,cluener,qwen25_7b_base,hidden_input,6100,span_recall_pct,70.60546875
core,cluener,qwen25_7b_base,hidden_input,6100,text_micro_f1,70.4983282916733
core,cluener,qwen25_7b_base,hidden_input,6100,content_correct,39.38942665673864
core,cluener,qwen25_7b_base,hidden_input,6100,schema_valid,99.32985852568876
core,cluener,qwen25_7b_base,hidden_input,6100,strict_json,100.0
core,cluener,qwen25_7b_base,hidden_input,6100,native_eos_pct,100.0
core,cluener,qwen25_7b_base,hidden_input,6100,capped_pct,0.0
core,cluener,qwen25_7b_base,hidden_input,6100,mean_generated_tokens,38.753536857781086
core,cluener,qwen25_7b_base,hidden_input,6101,primary,69.36231420808694
core,cluener,qwen25_7b_base,hidden_input,6101,span_precision_pct,68.13186813186813
core,cluener,qwen25_7b_base,hidden_input,6101,span_recall_pct,70.63802083333333
core,cluener,qwen25_7b_base,hidden_input,6101,text_micro_f1,70.51302541153908
core,cluener,qwen25_7b_base,hidden_input,6101,content_correct,39.38942665673864
core,cluener,qwen25_7b_base,hidden_input,6101,schema_valid,98.43633655994043
core,cluener,qwen25_7b_base,hidden_input,6101,strict_json,99.92553983618764
core,cluener,qwen25_7b_base,hidden_input,6101,native_eos_pct,100.0
core,cluener,qwen25_7b_base,hidden_input,6101,capped_pct,0.0
core,cluener,qwen25_7b_base,hidden_input,6101,mean_generated_tokens,38.56366344005957
core,cluener,qwen25_7b_base,hidden_input,6102,primary,69.77116338614178
core,cluener,qwen25_7b_base,hidden_input,6102,span_precision_pct,68.61819326408562
core,cluener,qwen25_7b_base,hidden_input,6102,span_recall_pct,70.96354166666667
core,cluener,qwen25_7b_base,hidden_input,6102,text_micro_f1,71.11537846055369
core,cluener,qwen25_7b_base,hidden_input,6102,content_correct,39.83618763961281
core,cluener,qwen25_7b_base,hidden_input,6102,schema_valid,98.8830975428146
core,cluener,qwen25_7b_base,hidden_input,6102,strict_json,100.0
core,cluener,qwen25_7b_base,hidden_input,6102,native_eos_pct,100.0
core,cluener,qwen25_7b_base,hidden_input,6102,capped_pct,0.0
core,cluener,qwen25_7b_base,hidden_input,6102,mean_generated_tokens,38.36857781087119
core,cluener,qwen25_7b_base,hidden_output,6100,primary,70.38529743672417
core,cluener,qwen25_7b_base,hidden_output,6100,span_precision_pct,69.72213350367295
core,cluener,qwen25_7b_base,hidden_output,6100,span_recall_pct,71.06119791666667
core,cluener,qwen25_7b_base,hidden_output,6100,text_micro_f1,71.73948089634048
core,cluener,qwen25_7b_base,hidden_output,6100,content_correct,41.39985107967237
core,cluener,qwen25_7b_base,hidden_output,6100,schema_valid,99.18093819806404
core,cluener,qwen25_7b_base,hidden_output,6100,strict_json,99.92553983618764
core,cluener,qwen25_7b_base,hidden_output,6100,native_eos_pct,100.0
core,cluener,qwen25_7b_base,hidden_output,6100,capped_pct,0.0
core,cluener,qwen25_7b_base,hidden_output,6100,mean_generated_tokens,38.041697691734925
core,cluener,qwen25_7b_base,hidden_output,6101,primary,70.74417119131267
core,cluener,qwen25_7b_base,hidden_output,6101,span_precision_pct,69.43573667711598
core,cluener,qwen25_7b_base,hidden_output,6101,span_recall_pct,72.10286458333333
core,cluener,qwen25_7b_base,hidden_output,6101,text_micro_f1,71.70233152347492
core,cluener,qwen25_7b_base,hidden_output,6101,content_correct,40.50632911392405
core,cluener,qwen25_7b_base,hidden_output,6101,schema_valid,98.65971705137751
core,cluener,qwen25_7b_base,hidden_output,6101,strict_json,100.0
core,cluener,qwen25_7b_base,hidden_output,6101,native_eos_pct,100.0
core,cluener,qwen25_7b_base,hidden_output,6101,capped_pct,0.0
core,cluener,qwen25_7b_base,hidden_output,6101,mean_generated_tokens,38.63291139240506
core,cluener,qwen25_7b_base,hidden_output,6102,primary,69.66580976863753
core,cluener,qwen25_7b_base,hidden_output,6102,span_precision_pct,68.78172588832487
core,cluener,qwen25_7b_base,hidden_output,6102,span_recall_pct,70.57291666666667
core,cluener,qwen25_7b_base,hidden_output,6102,text_micro_f1,70.8547557840617
core,cluener,qwen25_7b_base,hidden_output,6102,content_correct,41.102010424422936
core,cluener,qwen25_7b_base,hidden_output,6102,schema_valid,98.51079672375279
core,cluener,qwen25_7b_base,hidden_output,6102,strict_json,100.0
core,cluener,qwen25_7b_base,hidden_output,6102,native_eos_pct,100.0
core,cluener,qwen25_7b_base,hidden_output,6102,capped_pct,0.0
core,cluener,qwen25_7b_base,hidden_output,6102,mean_generated_tokens,38.137751303052866
core,cluener,qwen25_7b_base,hidden_both,6100,primary,70.4669887278583
core,cluener,qwen25_7b_base,hidden_both,6100,span_precision_pct,69.72594008922881
core,cluener,qwen25_7b_base,hidden_both,6100,span_recall_pct,71.22395833333333
core,cluener,qwen25_7b_base,hidden_both,6100,text_micro_f1,71.94847020933977
core,cluener,qwen25_7b_base,hidden_both,6100,content_correct,41.62323157110946
core,cluener,qwen25_7b_base,hidden_both,6100,schema_valid,99.32985852568876
core,cluener,qwen25_7b_base,hidden_both,6100,strict_json,99.92553983618764
core,cluener,qwen25_7b_base,hidden_both,6100,native_eos_pct,100.0
core,cluener,qwen25_7b_base,hidden_both,6100,capped_pct,0.0
core,cluener,qwen25_7b_base,hidden_both,6100,mean_generated_tokens,38.12807148175726
core,cluener,qwen25_7b_base,hidden_both,6101,primary,70.29972752043597
core,cluener,qwen25_7b_base,hidden_both,6101,span_precision_pct,69.24534259551626
core,cluener,qwen25_7b_base,hidden_both,6101,span_recall_pct,71.38671875
core,cluener,qwen25_7b_base,hidden_both,6101,text_micro_f1,71.32553293797083
core,cluener,qwen25_7b_base,hidden_both,6101,content_correct,40.50632911392405
core,cluener,qwen25_7b_base,hidden_both,6101,schema_valid,98.73417721518987
core,cluener,qwen25_7b_base,hidden_both,6101,strict_json,99.92553983618764
core,cluener,qwen25_7b_base,hidden_both,6101,native_eos_pct,100.0
core,cluener,qwen25_7b_base,hidden_both,6101,capped_pct,0.0
core,cluener,qwen25_7b_base,hidden_both,6101,mean_generated_tokens,38.463886820551004
core,cluener,qwen25_7b_base,hidden_both,6102,primary,70.29275315949448
core,cluener,qwen25_7b_base,hidden_both,6102,span_precision_pct,69.1097829506134
core,cluener,qwen25_7b_base,hidden_both,6102,span_recall_pct,71.51692708333333
core,cluener,qwen25_7b_base,hidden_both,6102,text_micro_f1,71.4125739881619
core,cluener,qwen25_7b_base,hidden_both,6102,content_correct,40.580789277736415
core,cluener,qwen25_7b_base,hidden_both,6102,schema_valid,98.80863737900223
core,cluener,qwen25_7b_base,hidden_both,6102,strict_json,100.0
core,cluener,qwen25_7b_base,hidden_both,6102,native_eos_pct,100.0
core,cluener,qwen25_7b_base,hidden_both,6102,capped_pct,0.0
core,cluener,qwen25_7b_base,hidden_both,6102,mean_generated_tokens,38.408041697691736
core,cluener,qwen25_7b_base,input,6100,primary,51.14318144965137
core,cluener,qwen25_7b_base,input,6100,span_precision_pct,50.95315024232633
core,cluener,qwen25_7b_base,input,6100,span_recall_pct,51.334635416666664
core,cluener,qwen25_7b_base,input,6100,text_micro_f1,52.116101832333385
core,cluener,qwen25_7b_base,input,6100,content_correct,23.15711094564408
core,cluener,qwen25_7b_base,input,6100,schema_valid,97.02159344750558
core,cluener,qwen25_7b_base,input,6100,strict_json,99.85107967237528
core,cluener,qwen25_7b_base,input,6100,native_eos_pct,99.92553983618764
core,cluener,qwen25_7b_base,input,6100,capped_pct,0.07446016381236038
core,cluener,qwen25_7b_base,input,6100,mean_generated_tokens,38.09084139985108
core,cluener,qwen25_7b_base,input,6101,primary,52.242302543507364
core,cluener,qwen25_7b_base,input,6101,span_precision_pct,53.7534435261708
core,cluener,qwen25_7b_base,input,6101,span_recall_pct,50.813802083333336
core,cluener,qwen25_7b_base,input,6101,text_micro_f1,53.27978580990629
core,cluener,qwen25_7b_base,input,6101,content_correct,24.422933730454208
core,cluener,qwen25_7b_base,input,6101,schema_valid,97.09605361131794
core,cluener,qwen25_7b_base,input,6101,strict_json,99.85107967237528
core,cluener,qwen25_7b_base,input,6101,native_eos_pct,99.92553983618764
core,cluener,qwen25_7b_base,input,6101,capped_pct,0.07446016381236038
core,cluener,qwen25_7b_base,input,6101,mean_generated_tokens,36.090096798212954
core,cluener,qwen25_7b_base,input,6102,primary,51.24338199903738
core,cluener,qwen25_7b_base,input,6102,span_precision_pct,50.52198671306549
core,cluener,qwen25_7b_base,input,6102,span_recall_pct,51.985677083333336
core,cluener,qwen25_7b_base,input,6102,text_micro_f1,52.30226215305631
core,cluener,qwen25_7b_base,input,6102,content_correct,21.816827997021594
core,cluener,qwen25_7b_base,input,6102,schema_valid,96.87267311988086
core,cluener,qwen25_7b_base,input,6102,strict_json,99.85107967237528
core,cluener,qwen25_7b_base,input,6102,native_eos_pct,100.0
core,cluener,qwen25_7b_base,input,6102,capped_pct,0.0
core,cluener,qwen25_7b_base,input,6102,mean_generated_tokens,38.43410275502606
core,cluener,qwen25_7b_base,output,6100,primary,54.066008846546445
core,cluener,qwen25_7b_base,output,6100,span_precision_pct,56.62865288667142
core,cluener,qwen25_7b_base,output,6100,span_recall_pct,51.725260416666664
core,cluener,qwen25_7b_base,output,6100,text_micro_f1,55.427015991833954
core,cluener,qwen25_7b_base,output,6100,content_correct,25.01861504095309
core,cluener,qwen25_7b_base,output,6100,schema_valid,96.0536113179449
core,cluener,qwen25_7b_base,output,6100,strict_json,99.18093819806404
core,cluener,qwen25_7b_base,output,6100,native_eos_pct,99.18093819806404
core,cluener,qwen25_7b_base,output,6100,capped_pct,0.8190618019359642
core,cluener,qwen25_7b_base,output,6100,mean_generated_tokens,38.45048399106478
core,cluener,qwen25_7b_base,output,6101,primary,53.74241402562374
core,cluener,qwen25_7b_base,output,6101,span_precision_pct,55.73426573426573
core,cluener,qwen25_7b_base,output,6101,span_recall_pct,51.888020833333336
core,cluener,qwen25_7b_base,output,6101,text_micro_f1,55.19217801753203
core,cluener,qwen25_7b_base,output,6101,content_correct,24.94415487714073
core,cluener,qwen25_7b_base,output,6101,schema_valid,96.50037230081907
core,cluener,qwen25_7b_base,output,6101,strict_json,99.03201787043932
core,cluener,qwen25_7b_base,output,6101,native_eos_pct,99.03201787043932
core,cluener,qwen25_7b_base,output,6101,capped_pct,0.9679821295606851
core,cluener,qwen25_7b_base,output,6101,mean_generated_tokens,39.77513030528667
core,cluener,qwen25_7b_base,output,6102,primary,53.41098169717138
core,cluener,qwen25_7b_base,output,6102,span_precision_pct,54.62899931926481
core,cluener,qwen25_7b_base,output,6102,span_recall_pct,52.24609375
core,cluener,qwen25_7b_base,output,6102,text_micro_f1,54.70881863560732
core,cluener,qwen25_7b_base,output,6102,content_correct,24.72077438570365
core,cluener,qwen25_7b_base,output,6102,schema_valid,96.4259121370067
core,cluener,qwen25_7b_base,output,6102,strict_json,98.8830975428146
core,cluener,qwen25_7b_base,output,6102,native_eos_pct,98.8830975428146
core,cluener,qwen25_7b_base,output,6102,capped_pct,1.1169024571854058
core,cluener,qwen25_7b_base,output,6102,mean_generated_tokens,41.28592702903946
core,cluener,qwen25_7b_base,both,6100,primary,59.996670551023804
core,cluener,qwen25_7b_base,both,6100,span_precision_pct,61.396933560477
core,cluener,qwen25_7b_base,both,6100,span_recall_pct,58.658854166666664
core,cluener,qwen25_7b_base,both,6100,text_micro_f1,60.92891626435825
core,cluener,qwen25_7b_base,both,6100,content_correct,29.932985852568876
core,cluener,qwen25_7b_base,both,6100,schema_valid,97.02159344750558
core,cluener,qwen25_7b_base,both,6100,strict_json,99.77661950856292
core,cluener,qwen25_7b_base,both,6100,native_eos_pct,99.77661950856292
core,cluener,qwen25_7b_base,both,6100,capped_pct,0.22338049143708116
core,cluener,qwen25_7b_base,both,6100,mean_generated_tokens,36.867460908413996
core,cluener,qwen25_7b_base,both,6101,primary,60.19041471679845
core,cluener,qwen25_7b_base,both,6101,span_precision_pct,59.68
core,cluener,qwen25_7b_base,both,6101,span_recall_pct,60.709635416666664
core,cluener,qwen25_7b_base,both,6101,text_micro_f1,61.38454090689043
core,cluener,qwen25_7b_base,both,6101,content_correct,28.66716306775875
core,cluener,qwen25_7b_base,both,6101,schema_valid,96.7982129560685
core,cluener,qwen25_7b_base,both,6101,strict_json,99.85107967237528
core,cluener,qwen25_7b_base,both,6101,native_eos_pct,99.85107967237528
core,cluener,qwen25_7b_base,both,6101,capped_pct,0.14892032762472077
core,cluener,qwen25_7b_base,both,6101,mean_generated_tokens,38.39463886820551
core,cluener,qwen25_7b_base,both,6102,primary,59.170477842611575
core,cluener,qwen25_7b_base,both,6102,span_precision_pct,57.38758029978587
core,cluener,qwen25_7b_base,both,6102,span_recall_pct,61.067708333333336
core,cluener,qwen25_7b_base,both,6102,text_micro_f1,60.3690269673553
core,cluener,qwen25_7b_base,both,6102,content_correct,28.145941921072225
core,cluener,qwen25_7b_base,both,6102,schema_valid,96.87267311988086
core,cluener,qwen25_7b_base,both,6102,strict_json,99.92553983618764
core,cluener,qwen25_7b_base,both,6102,native_eos_pct,99.92553983618764
core,cluener,qwen25_7b_base,both,6102,capped_pct,0.07446016381236038
core,cluener,qwen25_7b_base,both,6102,mean_generated_tokens,39.657483246463144
core,cluener,qwen3_06b_base,base,,primary,0.5911694069831886
core,cluener,qwen3_06b_base,base,,span_precision_pct,0.6834686031610423
core,cluener,qwen3_06b_base,base,,span_recall_pct,0.5208333333333334
core,cluener,qwen3_06b_base,base,,text_micro_f1,4.951043783484205
core,cluener,qwen3_06b_base,base,,content_correct,0.0
core,cluener,qwen3_06b_base,base,,schema_valid,5.584512285927029
core,cluener,qwen3_06b_base,base,,strict_json,29.784065524944154
core,cluener,qwen3_06b_base,base,,native_eos_pct,30.60312732688012
core,cluener,qwen3_06b_base,base,,capped_pct,69.39687267311989
core,cluener,qwen3_06b_base,base,,mean_generated_tokens,395.3224125093075
core,cluener,qwen3_06b_base,hidden,6100,primary,60.476190476190474
core,cluener,qwen3_06b_base,hidden,6100,span_precision_pct,59.014869888475836
core,cluener,qwen3_06b_base,hidden,6100,span_recall_pct,62.01171875
core,cluener,qwen3_06b_base,hidden,6100,text_micro_f1,61.111111111111114
core,cluener,qwen3_06b_base,hidden,6100,content_correct,30.67758749069248
core,cluener,qwen3_06b_base,hidden,6100,schema_valid,97.76619508562919
core,cluener,qwen3_06b_base,hidden,6100,strict_json,99.47877885331347
core,cluener,qwen3_06b_base,hidden,6100,native_eos_pct,99.47877885331347
core,cluener,qwen3_06b_base,hidden,6100,capped_pct,0.5212211466865228
core,cluener,qwen3_06b_base,hidden,6100,mean_generated_tokens,41.511541325390915
core,cluener,qwen3_06b_base,hidden,6101,primary,61.029759093056214
core,cluener,qwen3_06b_base,hidden,6101,span_precision_pct,59.103385178408054
core,cluener,qwen3_06b_base,hidden,6101,span_recall_pct,63.0859375
core,cluener,qwen3_06b_base,hidden,6101,text_micro_f1,61.628090064556766
core,cluener,qwen3_06b_base,hidden,6101,content_correct,29.932985852568876
core,cluener,qwen3_06b_base,hidden,6101,schema_valid,97.61727475800447
core,cluener,qwen3_06b_base,hidden,6101,strict_json,99.6276991809382
core,cluener,qwen3_06b_base,hidden,6101,native_eos_pct,99.6276991809382
core,cluener,qwen3_06b_base,hidden,6101,capped_pct,0.37230081906180196
core,cluener,qwen3_06b_base,hidden,6101,mean_generated_tokens,41.451228592702904
core,cluener,qwen3_06b_base,hidden,6102,primary,61.418326693227094
core,cluener,qwen3_06b_base,hidden,6102,span_precision_pct,60.1623477989385
core,cluener,qwen3_06b_base,hidden,6102,span_recall_pct,62.727864583333336
core,cluener,qwen3_06b_base,hidden,6102,text_micro_f1,62.08764940239044
core,cluener,qwen3_06b_base,hidden,6102,content_correct,31.04988830975428
core,cluener,qwen3_06b_base,hidden,6102,schema_valid,97.98957557706628
core,cluener,qwen3_06b_base,hidden,6102,strict_json,99.77661950856292
core,cluener,qwen3_06b_base,hidden,6102,native_eos_pct,99.77661950856292
core,cluener,qwen3_06b_base,hidden,6102,capped_pct,0.22338049143708116
core,cluener,qwen3_06b_base,hidden,6102,mean_generated_tokens,39.781831720029786
core,cluener,qwen3_06b_base,hidden_budget,6100,primary,60.761112887751835
core,cluener,qwen3_06b_base,hidden_budget,6100,span_precision_pct,59.71087366436203
core,cluener,qwen3_06b_base,hidden_budget,6100,span_recall_pct,61.848958333333336
core,cluener,qwen3_06b_base,hidden_budget,6100,text_micro_f1,61.36872401662936
core,cluener,qwen3_06b_base,hidden_budget,6100,content_correct,30.75204765450484
core,cluener,qwen3_06b_base,hidden_budget,6100,schema_valid,97.84065524944155
core,cluener,qwen3_06b_base,hidden_budget,6100,strict_json,99.40431868950111
core,cluener,qwen3_06b_base,hidden_budget,6100,native_eos_pct,99.40431868950111
core,cluener,qwen3_06b_base,hidden_budget,6100,capped_pct,0.5956813104988831
core,cluener,qwen3_06b_base,hidden_budget,6100,mean_generated_tokens,41.422189128816086
core,cluener,qwen3_06b_base,hidden_budget,6101,primary,60.97867001254705
core,cluener,qwen3_06b_base,hidden_budget,6101,span_precision_pct,58.83777239709443
core,cluener,qwen3_06b_base,hidden_budget,6101,span_recall_pct,63.28125
core,cluener,qwen3_06b_base,hidden_budget,6101,text_micro_f1,61.637390213299874
core,cluener,qwen3_06b_base,hidden_budget,6101,content_correct,29.858525688756515
core,cluener,qwen3_06b_base,hidden_budget,6101,schema_valid,97.46835443037975
core,cluener,qwen3_06b_base,hidden_budget,6101,strict_json,99.6276991809382
core,cluener,qwen3_06b_base,hidden_budget,6101,native_eos_pct,99.6276991809382
core,cluener,qwen3_06b_base,hidden_budget,6101,capped_pct,0.37230081906180196
core,cluener,qwen3_06b_base,hidden_budget,6101,mean_generated_tokens,41.71407297096054
core,cluener,qwen3_06b_base,hidden_budget,6102,primary,61.691542288557216
core,cluener,qwen3_06b_base,hidden_budget,6102,span_precision_pct,60.8420386198164
core,cluener,qwen3_06b_base,hidden_budget,6102,span_recall_pct,62.565104166666664
core,cluener,qwen3_06b_base,hidden_budget,6102,text_micro_f1,62.39768897448243
core,cluener,qwen3_06b_base,hidden_budget,6102,content_correct,31.571109456440805
core,cluener,qwen3_06b_base,hidden_budget,6102,schema_valid,98.36187639612807
core,cluener,qwen3_06b_base,hidden_budget,6102,strict_json,99.92553983618764
core,cluener,qwen3_06b_base,hidden_budget,6102,native_eos_pct,99.92553983618764
core,cluener,qwen3_06b_base,hidden_budget,6102,capped_pct,0.07446016381236038
core,cluener,qwen3_06b_base,hidden_budget,6102,mean_generated_tokens,38.50186150409531
core,cluener,qwen3_06b_base,hidden_input,6100,primary,60.636463395516536
core,cluener,qwen3_06b_base,hidden_input,6100,span_precision_pct,58.48200786211068
core,cluener,qwen3_06b_base,hidden_input,6100,span_recall_pct,62.955729166666664
core,cluener,qwen3_06b_base,hidden_input,6100,text_micro_f1,61.29487380467158
core,cluener,qwen3_06b_base,hidden_input,6100,content_correct,31.12434847356664
core,cluener,qwen3_06b_base,hidden_input,6100,schema_valid,97.69173492181683
core,cluener,qwen3_06b_base,hidden_input,6100,strict_json,99.32985852568876
core,cluener,qwen3_06b_base,hidden_input,6100,native_eos_pct,99.32985852568876
core,cluener,qwen3_06b_base,hidden_input,6100,capped_pct,0.6701414743112435
core,cluener,qwen3_06b_base,hidden_input,6100,mean_generated_tokens,43.13700670141474
core,cluener,qwen3_06b_base,hidden_input,6101,primary,61.924161704794734
core,cluener,qwen3_06b_base,hidden_input,6101,span_precision_pct,59.69788519637462
core,cluener,qwen3_06b_base,hidden_input,6101,span_recall_pct,64.32291666666667
core,cluener,qwen3_06b_base,hidden_input,6101,text_micro_f1,62.55092447508618
core,cluener,qwen3_06b_base,hidden_input,6101,content_correct,30.52866716306776
core,cluener,qwen3_06b_base,hidden_input,6101,schema_valid,97.54281459419211
core,cluener,qwen3_06b_base,hidden_input,6101,strict_json,99.6276991809382
core,cluener,qwen3_06b_base,hidden_input,6101,native_eos_pct,99.6276991809382
core,cluener,qwen3_06b_base,hidden_input,6101,capped_pct,0.37230081906180196
core,cluener,qwen3_06b_base,hidden_input,6101,mean_generated_tokens,41.844378257632165
core,cluener,qwen3_06b_base,hidden_input,6102,primary,61.589613679544016
core,cluener,qwen3_06b_base,hidden_input,6102,span_precision_pct,59.956843403205916
core,cluener,qwen3_06b_base,hidden_input,6102,span_recall_pct,63.313802083333336
core,cluener,qwen3_06b_base,hidden_input,6102,text_micro_f1,62.38125395820139
core,cluener,qwen3_06b_base,hidden_input,6102,content_correct,31.794489947877885
core,cluener,qwen3_06b_base,hidden_input,6102,schema_valid,97.61727475800447
core,cluener,qwen3_06b_base,hidden_input,6102,strict_json,99.70215934475056
core,cluener,qwen3_06b_base,hidden_input,6102,native_eos_pct,99.85107967237528
core,cluener,qwen3_06b_base,hidden_input,6102,capped_pct,0.14892032762472077
core,cluener,qwen3_06b_base,hidden_input,6102,mean_generated_tokens,39.87490692479523
core,cluener,qwen3_06b_base,hidden_output,6100,primary,60.94758381866835
core,cluener,qwen3_06b_base,hidden_output,6100,span_precision_pct,59.0064004876562
core,cluener,qwen3_06b_base,hidden_output,6100,span_recall_pct,63.020833333333336
core,cluener,qwen3_06b_base,hidden_output,6100,text_micro_f1,61.57720761844798
core,cluener,qwen3_06b_base,hidden_output,6100,content_correct,31.571109456440805
core,cluener,qwen3_06b_base,hidden_output,6100,schema_valid,97.46835443037975
core,cluener,qwen3_06b_base,hidden_output,6100,strict_json,99.18093819806404
core,cluener,qwen3_06b_base,hidden_output,6100,native_eos_pct,99.2553983618764
core,cluener,qwen3_06b_base,hidden_output,6100,capped_pct,0.7446016381236039
core,cluener,qwen3_06b_base,hidden_output,6100,mean_generated_tokens,43.393894266567386
core,cluener,qwen3_06b_base,hidden_output,6101,primary,62.749445676274945
core,cluener,qwen3_06b_base,hidden_output,6101,span_precision_pct,61.10425663170882
core,cluener,qwen3_06b_base,hidden_output,6101,span_recall_pct,64.48567708333333
core,cluener,qwen3_06b_base,hidden_output,6101,text_micro_f1,63.38295850490972
core,cluener,qwen3_06b_base,hidden_output,6101,content_correct,30.8265078183172
core,cluener,qwen3_06b_base,hidden_output,6101,schema_valid,97.69173492181683
core,cluener,qwen3_06b_base,hidden_output,6101,strict_json,99.55323901712583
core,cluener,qwen3_06b_base,hidden_output,6101,native_eos_pct,99.55323901712583
core,cluener,qwen3_06b_base,hidden_output,6101,capped_pct,0.4467609828741623
core,cluener,qwen3_06b_base,hidden_output,6101,mean_generated_tokens,41.48920327624721
core,cluener,qwen3_06b_base,hidden_output,6102,primary,63.09504598999516
core,cluener,qwen3_06b_base,hidden_output,6102,span_precision_pct,62.56
core,cluener,qwen3_06b_base,hidden_output,6102,span_recall_pct,63.639322916666664
core,cluener,qwen3_06b_base,hidden_output,6102,text_micro_f1,63.80506696788769
core,cluener,qwen3_06b_base,hidden_output,6102,content_correct,32.762472077438574
core,cluener,qwen3_06b_base,hidden_output,6102,schema_valid,98.13849590469098
core,cluener,qwen3_06b_base,hidden_output,6102,strict_json,99.70215934475056
core,cluener,qwen3_06b_base,hidden_output,6102,native_eos_pct,99.70215934475056
core,cluener,qwen3_06b_base,hidden_output,6102,capped_pct,0.29784065524944153
core,cluener,qwen3_06b_base,hidden_output,6102,mean_generated_tokens,39.27475800446761
core,cluener,qwen3_06b_base,hidden_both,6100,primary,60.887222742892845
core,cluener,qwen3_06b_base,hidden_both,6100,span_precision_pct,58.528528528528525
core,cluener,qwen3_06b_base,hidden_both,6100,span_recall_pct,63.444010416666664
core,cluener,qwen3_06b_base,hidden_both,6100,text_micro_f1,61.57450796626054
core,cluener,qwen3_06b_base,hidden_both,6100,content_correct,31.198808637379003
core,cluener,qwen3_06b_base,hidden_both,6100,schema_valid,97.61727475800447
core,cluener,qwen3_06b_base,hidden_both,6100,strict_json,98.95755770662696
core,cluener,qwen3_06b_base,hidden_both,6100,native_eos_pct,99.03201787043932
core,cluener,qwen3_06b_base,hidden_both,6100,capped_pct,0.9679821295606851
core,cluener,qwen3_06b_base,hidden_both,6100,mean_generated_tokens,45.06999255398362
core,cluener,qwen3_06b_base,hidden_both,6101,primary,62.58309591642925
core,cluener,qwen3_06b_base,hidden_both,6101,span_precision_pct,60.905730129390015
core,cluener,qwen3_06b_base,hidden_both,6101,span_recall_pct,64.35546875
core,cluener,qwen3_06b_base,hidden_both,6101,text_micro_f1,63.27951883507439
core,cluener,qwen3_06b_base,hidden_both,6101,content_correct,31.12434847356664
core,cluener,qwen3_06b_base,hidden_both,6101,schema_valid,97.69173492181683
core,cluener,qwen3_06b_base,hidden_both,6101,strict_json,99.47877885331347
core,cluener,qwen3_06b_base,hidden_both,6101,native_eos_pct,99.47877885331347
core,cluener,qwen3_06b_base,hidden_both,6101,capped_pct,0.5212211466865228
core,cluener,qwen3_06b_base,hidden_both,6101,mean_generated_tokens,41.908413998510795
core,cluener,qwen3_06b_base,hidden_both,6102,primary,62.63074484944533
core,cluener,qwen3_06b_base,hidden_both,6102,span_precision_pct,61.02532427424336
core,cluener,qwen3_06b_base,hidden_both,6102,span_recall_pct,64.32291666666667
core,cluener,qwen3_06b_base,hidden_both,6102,text_micro_f1,63.359746434231376
core,cluener,qwen3_06b_base,hidden_both,6102,content_correct,32.09233060312733
core,cluener,qwen3_06b_base,hidden_both,6102,schema_valid,97.98957557706628
core,cluener,qwen3_06b_base,hidden_both,6102,strict_json,99.70215934475056
core,cluener,qwen3_06b_base,hidden_both,6102,native_eos_pct,99.77661950856292
core,cluener,qwen3_06b_base,hidden_both,6102,capped_pct,0.22338049143708116
core,cluener,qwen3_06b_base,hidden_both,6102,mean_generated_tokens,40.21667907669397
core,cluener,qwen3_06b_base,input,6100,primary,28.895265423242467
core,cluener,qwen3_06b_base,input,6100,span_precision_pct,25.833760903027194
core,cluener,qwen3_06b_base,input,6100,span_recall_pct,32.779947916666664
core,cluener,qwen3_06b_base,input,6100,text_micro_f1,29.44045911047346
core,cluener,qwen3_06b_base,input,6100,content_correct,10.573343261355175
core,cluener,qwen3_06b_base,input,6100,schema_valid,92.33060312732688
core,cluener,qwen3_06b_base,input,6100,strict_json,99.2553983618764
core,cluener,qwen3_06b_base,input,6100,native_eos_pct,99.47877885331347
core,cluener,qwen3_06b_base,input,6100,capped_pct,0.5212211466865228
core,cluener,qwen3_06b_base,input,6100,mean_generated_tokens,48.6656738644825
core,cluener,qwen3_06b_base,input,6101,primary,31.01034692635423
core,cluener,qwen3_06b_base,input,6101,span_precision_pct,29.114285714285714
core,cluener,qwen3_06b_base,input,6101,span_recall_pct,33.170572916666664
core,cluener,qwen3_06b_base,input,6101,text_micro_f1,31.679853925745586
core,cluener,qwen3_06b_base,input,6101,content_correct,10.945644080416978
core,cluener,qwen3_06b_base,input,6101,schema_valid,90.9903201787044
core,cluener,qwen3_06b_base,input,6101,strict_json,99.18093819806404
core,cluener,qwen3_06b_base,input,6101,native_eos_pct,99.47877885331347
core,cluener,qwen3_06b_base,input,6101,capped_pct,0.5212211466865228
core,cluener,qwen3_06b_base,input,6101,mean_generated_tokens,44.18391660461653
core,cluener,qwen3_06b_base,input,6102,primary,30.963233059860226
core,cluener,qwen3_06b_base,input,6102,span_precision_pct,29.03133903133903
core,cluener,qwen3_06b_base,input,6102,span_recall_pct,33.170572916666664
core,cluener,qwen3_06b_base,input,6102,text_micro_f1,31.662108781525372
core,cluener,qwen3_06b_base,input,6102,content_correct,9.903201787043932
core,cluener,qwen3_06b_base,input,6102,schema_valid,91.66046165301563
core,cluener,qwen3_06b_base,input,6102,strict_json,99.03201787043932
core,cluener,qwen3_06b_base,input,6102,native_eos_pct,99.55323901712583
core,cluener,qwen3_06b_base,input,6102,capped_pct,0.4467609828741623
core,cluener,qwen3_06b_base,input,6102,mean_generated_tokens,44.342516753536856
core,cluener,qwen3_06b_base,output,6100,primary,19.25580252978018
core,cluener,qwen3_06b_base,output,6100,span_precision_pct,15.460461447446264
core,cluener,qwen3_06b_base,output,6100,span_recall_pct,25.520833333333332
core,cluener,qwen3_06b_base,output,6100,text_micro_f1,19.69790003684146
core,cluener,qwen3_06b_base,output,6100,content_correct,7.594936708860759
core,cluener,qwen3_06b_base,output,6100,schema_valid,83.84214445271779
core,cluener,qwen3_06b_base,output,6100,strict_json,97.24497393894266
core,cluener,qwen3_06b_base,output,6100,native_eos_pct,97.69173492181683
core,cluener,qwen3_06b_base,output,6100,capped_pct,2.308265078183172
core,cluener,qwen3_06b_base,output,6100,mean_generated_tokens,69.64408041697692
core,cluener,qwen3_06b_base,output,6101,primary,19.07864122847836
core,cluener,qwen3_06b_base,output,6101,span_precision_pct,14.844315713251268
core,cluener,qwen3_06b_base,output,6101,span_recall_pct,26.692708333333332
core,cluener,qwen3_06b_base,output,6101,text_micro_f1,19.520707305723594
core,cluener,qwen3_06b_base,output,6101,content_correct,7.594936708860759
core,cluener,qwen3_06b_base,output,6101,schema_valid,83.69322412509308
core,cluener,qwen3_06b_base,output,6101,strict_json,94.19210722263588
core,cluener,qwen3_06b_base,output,6101,native_eos_pct,94.3410275502606
core,cluener,qwen3_06b_base,output,6101,capped_pct,5.658972449739389
core,cluener,qwen3_06b_base,output,6101,mean_generated_tokens,90.89352196574832
core,cluener,qwen3_06b_base,output,6102,primary,18.014010897364617
core,cluener,qwen3_06b_base,output,6102,span_precision_pct,13.680121601080899
core,cluener,qwen3_06b_base,output,6102,span_recall_pct,26.3671875
core,cluener,qwen3_06b_base,output,6102,text_micro_f1,18.414322250639387
core,cluener,qwen3_06b_base,output,6102,content_correct,6.999255398361877
core,cluener,qwen3_06b_base,output,6102,schema_valid,80.49143708116158
core,cluener,qwen3_06b_base,output,6102,strict_json,94.3410275502606
core,cluener,qwen3_06b_base,output,6102,native_eos_pct,94.71332836932241
core,cluener,qwen3_06b_base,output,6102,capped_pct,5.286671630677588
core,cluener,qwen3_06b_base,output,6102,mean_generated_tokens,93.28220402084885
core,cluener,qwen3_06b_base,both,6100,primary,36.311322111926344
core,cluener,qwen3_06b_base,both,6100,span_precision_pct,32.53415828821861
core,cluener,qwen3_06b_base,both,6100,span_recall_pct,41.080729166666664
core,cluener,qwen3_06b_base,both,6100,text_micro_f1,37.03064307293914
core,cluener,qwen3_06b_base,both,6100,content_correct,11.913626209977663
core,cluener,qwen3_06b_base,both,6100,schema_valid,93.29858525688756
core,cluener,qwen3_06b_base,both,6100,strict_json,99.6276991809382
core,cluener,qwen3_06b_base,both,6100,native_eos_pct,99.6276991809382
core,cluener,qwen3_06b_base,both,6100,capped_pct,0.37230081906180196
core,cluener,qwen3_06b_base,both,6100,mean_generated_tokens,47.26135517498138
core,cluener,qwen3_06b_base,both,6101,primary,37.35432117451188
core,cluener,qwen3_06b_base,both,6101,span_precision_pct,34.908062234794905
core,cluener,qwen3_06b_base,both,6101,span_recall_pct,40.169270833333336
core,cluener,qwen3_06b_base,both,6101,text_micro_f1,37.99001059482367
core,cluener,qwen3_06b_base,both,6101,content_correct,13.253909158600148
core,cluener,qwen3_06b_base,both,6101,schema_valid,93.37304542069992
core,cluener,qwen3_06b_base,both,6101,strict_json,99.10647803425168
core,cluener,qwen3_06b_base,both,6101,native_eos_pct,99.18093819806404
core,cluener,qwen3_06b_base,both,6101,capped_pct,0.8190618019359642
core,cluener,qwen3_06b_base,both,6101,mean_generated_tokens,46.11392405063291
core,cluener,qwen3_06b_base,both,6102,primary,38.01101768628588
core,cluener,qwen3_06b_base,both,6102,span_precision_pct,34.26555148980658
core,cluener,qwen3_06b_base,both,6102,span_recall_pct,42.67578125
core,cluener,qwen3_06b_base,both,6102,text_micro_f1,38.6778776456944
core,cluener,qwen3_06b_base,both,6102,content_correct,12.137006701414743
core,cluener,qwen3_06b_base,both,6102,schema_valid,93.52196574832465
core,cluener,qwen3_06b_base,both,6102,strict_json,99.47877885331347
core,cluener,qwen3_06b_base,both,6102,native_eos_pct,99.55323901712583
core,cluener,qwen3_06b_base,both,6102,capped_pct,0.4467609828741623
core,cluener,qwen3_06b_base,both,6102,mean_generated_tokens,47.24199553239017
core,cluener,qwen3_17b_base,base,,primary,22.844383373411198
core,cluener,qwen3_17b_base,base,,span_precision_pct,24.181818181818183
core,cluener,qwen3_17b_base,base,,span_recall_pct,21.647135416666668
core,cluener,qwen3_17b_base,base,,text_micro_f1,23.497080041222947
core,cluener,qwen3_17b_base,base,,content_correct,5.435591958302308
core,cluener,qwen3_17b_base,base,,schema_valid,90.3946388682055
core,cluener,qwen3_17b_base,base,,strict_json,30.454206999255398
core,cluener,qwen3_17b_base,base,,native_eos_pct,44.00595681310499
core,cluener,qwen3_17b_base,base,,capped_pct,55.99404318689501
core,cluener,qwen3_17b_base,base,,mean_generated_tokens,351.6016381236039
core,cluener,qwen3_17b_base,hidden,6100,primary,64.08360128617363
core,cluener,qwen3_17b_base,hidden,6100,span_precision_pct,63.31003811944092
core,cluener,qwen3_17b_base,hidden,6100,span_recall_pct,64.87630208333333
core,cluener,qwen3_17b_base,hidden,6100,text_micro_f1,64.79099678456592
core,cluener,qwen3_17b_base,hidden,6100,content_correct,31.794489947877885
core,cluener,qwen3_17b_base,hidden,6100,schema_valid,96.72375279225615
core,cluener,qwen3_17b_base,hidden,6100,strict_json,99.55323901712583
core,cluener,qwen3_17b_base,hidden,6100,native_eos_pct,99.55323901712583
core,cluener,qwen3_17b_base,hidden,6100,capped_pct,0.4467609828741623
core,cluener,qwen3_17b_base,hidden,6100,mean_generated_tokens,40.38942665673864
core,cluener,qwen3_17b_base,hidden,6101,primary,63.80407124681934
core,cluener,qwen3_17b_base,hidden,6101,span_precision_pct,62.375621890547265
core,cluener,qwen3_17b_base,hidden,6101,span_recall_pct,65.29947916666667
core,cluener,qwen3_17b_base,hidden,6101,text_micro_f1,64.44020356234097
core,cluener,qwen3_17b_base,hidden,6101,content_correct,31.645569620253166
core,cluener,qwen3_17b_base,hidden,6101,schema_valid,97.31943410275503
core,cluener,qwen3_17b_base,hidden,6101,strict_json,99.6276991809382
core,cluener,qwen3_17b_base,hidden,6101,native_eos_pct,99.6276991809382
core,cluener,qwen3_17b_base,hidden,6101,capped_pct,0.37230081906180196
core,cluener,qwen3_17b_base,hidden,6101,mean_generated_tokens,40.61876396128071
core,cluener,qwen3_17b_base,hidden,6102,primary,64.45362134688692
core,cluener,qwen3_17b_base,hidden,6102,span_precision_pct,62.93424317617866
core,cluener,qwen3_17b_base,hidden,6102,span_recall_pct,66.04817708333333
core,cluener,qwen3_17b_base,hidden,6102,text_micro_f1,65.18424396442185
core,cluener,qwen3_17b_base,hidden,6102,content_correct,31.943410275502607
core,cluener,qwen3_17b_base,hidden,6102,schema_valid,97.24497393894266
core,cluener,qwen3_17b_base,hidden,6102,strict_json,99.85107967237528
core,cluener,qwen3_17b_base,hidden,6102,native_eos_pct,99.85107967237528
core,cluener,qwen3_17b_base,hidden,6102,capped_pct,0.14892032762472077
core,cluener,qwen3_17b_base,hidden,6102,mean_generated_tokens,39.63216679076694
core,cluener,qwen3_17b_base,hidden_budget,6100,primary,64.28917218008714
core,cluener,qwen3_17b_base,hidden_budget,6100,span_precision_pct,63.744
core,cluener,qwen3_17b_base,hidden_budget,6100,span_recall_pct,64.84375
core,cluener,qwen3_17b_base,hidden_budget,6100,text_micro_f1,64.96691947716637
core,cluener,qwen3_17b_base,hidden_budget,6100,content_correct,32.241250930752045
core,cluener,qwen3_17b_base,hidden_budget,6100,schema_valid,96.7982129560685
core,cluener,qwen3_17b_base,hidden_budget,6100,strict_json,99.47877885331347
core,cluener,qwen3_17b_base,hidden_budget,6100,native_eos_pct,99.47877885331347
core,cluener,qwen3_17b_base,hidden_budget,6100,capped_pct,0.5212211466865228
core,cluener,qwen3_17b_base,hidden_budget,6100,mean_generated_tokens,40.54132539091586
core,cluener,qwen3_17b_base,hidden_budget,6101,primary,64.0215838755753
core,cluener,qwen3_17b_base,hidden_budget,6101,span_precision_pct,62.46515949210282
core,cluener,qwen3_17b_base,hidden_budget,6101,span_recall_pct,65.65755208333333
core,cluener,qwen3_17b_base,hidden_budget,6101,text_micro_f1,64.71988573242342
core,cluener,qwen3_17b_base,hidden_budget,6101,content_correct,31.943410275502607
core,cluener,qwen3_17b_base,hidden_budget,6101,schema_valid,97.46835443037975
core,cluener,qwen3_17b_base,hidden_budget,6101,strict_json,99.6276991809382
core,cluener,qwen3_17b_base,hidden_budget,6101,native_eos_pct,99.6276991809382
core,cluener,qwen3_17b_base,hidden_budget,6101,capped_pct,0.37230081906180196
core,cluener,qwen3_17b_base,hidden_budget,6101,mean_generated_tokens,40.743112434847355
core,cluener,qwen3_17b_base,hidden_budget,6102,primary,64.59627329192547
core,cluener,qwen3_17b_base,hidden_budget,6102,span_precision_pct,63.23666978484565
core,cluener,qwen3_17b_base,hidden_budget,6102,span_recall_pct,66.015625
core,cluener,qwen3_17b_base,hidden_budget,6102,text_micro_f1,65.3288740245262
core,cluener,qwen3_17b_base,hidden_budget,6102,content_correct,32.46463142218913
core,cluener,qwen3_17b_base,hidden_budget,6102,schema_valid,97.24497393894266
core,cluener,qwen3_17b_base,hidden_budget,6102,strict_json,99.77661950856292
core,cluener,qwen3_17b_base,hidden_budget,6102,native_eos_pct,99.77661950856292
core,cluener,qwen3_17b_base,hidden_budget,6102,capped_pct,0.22338049143708116
core,cluener,qwen3_17b_base,hidden_budget,6102,mean_generated_tokens,39.83842144452718
core,cluener,qwen3_17b_base,hidden_input,6100,primary,65.67885327750041
core,cluener,qwen3_17b_base,hidden_input,6100,span_precision_pct,64.9984061204973
core,cluener,qwen3_17b_base,hidden_input,6100,span_recall_pct,66.37369791666667
core,cluener,qwen3_17b_base,hidden_input,6100,text_micro_f1,66.35529070703817
core,cluener,qwen3_17b_base,hidden_input,6100,content_correct,34.0282948622487
core,cluener,qwen3_17b_base,hidden_input,6100,schema_valid,96.50037230081907
core,cluener,qwen3_17b_base,hidden_input,6100,strict_json,99.47877885331347
core,cluener,qwen3_17b_base,hidden_input,6100,native_eos_pct,99.47877885331347
core,cluener,qwen3_17b_base,hidden_input,6100,capped_pct,0.5212211466865228
core,cluener,qwen3_17b_base,hidden_input,6100,mean_generated_tokens,40.717795979151155
core,cluener,qwen3_17b_base,hidden_input,6101,primary,65.69457510191283
core,cluener,qwen3_17b_base,hidden_input,6101,span_precision_pct,63.36963097398669
core,cluener,qwen3_17b_base,hidden_input,6101,span_recall_pct,68.19661458333333
core,cluener,qwen3_17b_base,hidden_input,6101,text_micro_f1,66.29037315772969
core,cluener,qwen3_17b_base,hidden_input,6101,content_correct,33.13477289650037
core,cluener,qwen3_17b_base,hidden_input,6101,schema_valid,97.24497393894266
core,cluener,qwen3_17b_base,hidden_input,6101,strict_json,99.70215934475056
core,cluener,qwen3_17b_base,hidden_input,6101,native_eos_pct,99.70215934475056
core,cluener,qwen3_17b_base,hidden_input,6101,capped_pct,0.29784065524944153
core,cluener,qwen3_17b_base,hidden_input,6101,mean_generated_tokens,41.28145941921072
core,cluener,qwen3_17b_base,hidden_input,6102,primary,65.85090967638061
core,cluener,qwen3_17b_base,hidden_input,6102,span_precision_pct,65.14813634915578
core,cluener,qwen3_17b_base,hidden_input,6102,span_recall_pct,66.56901041666667
core,cluener,qwen3_17b_base,hidden_input,6102,text_micro_f1,66.43052648526808
core,cluener,qwen3_17b_base,hidden_input,6102,content_correct,34.0282948622487
core,cluener,qwen3_17b_base,hidden_input,6102,schema_valid,97.54281459419211
core,cluener,qwen3_17b_base,hidden_input,6102,strict_json,99.77661950856292
core,cluener,qwen3_17b_base,hidden_input,6102,native_eos_pct,99.77661950856292
core,cluener,qwen3_17b_base,hidden_input,6102,capped_pct,0.22338049143708116
core,cluener,qwen3_17b_base,hidden_input,6102,mean_generated_tokens,39.16902457185406
core,cluener,qwen3_17b_base,hidden_output,6100,primary,66.3566388710712
core,cluener,qwen3_17b_base,hidden_output,6100,span_precision_pct,65.39190897597977
core,cluener,qwen3_17b_base,hidden_output,6100,span_recall_pct,67.35026041666667
core,cluener,qwen3_17b_base,hidden_output,6100,text_micro_f1,66.96600384862091
core,cluener,qwen3_17b_base,hidden_output,6100,content_correct,33.730454206999255
core,cluener,qwen3_17b_base,hidden_output,6100,schema_valid,97.02159344750558
core,cluener,qwen3_17b_base,hidden_output,6100,strict_json,99.70215934475056
core,cluener,qwen3_17b_base,hidden_output,6100,native_eos_pct,99.77661950856292
core,cluener,qwen3_17b_base,hidden_output,6100,capped_pct,0.22338049143708116
core,cluener,qwen3_17b_base,hidden_output,6100,mean_generated_tokens,39.542069992553984
core,cluener,qwen3_17b_base,hidden_output,6101,primary,66.4461247637051
core,cluener,qwen3_17b_base,hidden_output,6101,span_precision_pct,64.37728937728937
core,cluener,qwen3_17b_base,hidden_output,6101,span_recall_pct,68.65234375
core,cluener,qwen3_17b_base,hidden_output,6101,text_micro_f1,67.07624448645242
core,cluener,qwen3_17b_base,hidden_output,6101,content_correct,33.655994043186894
core,cluener,qwen3_17b_base,hidden_output,6101,schema_valid,97.31943410275503
core,cluener,qwen3_17b_base,hidden_output,6101,strict_json,99.6276991809382
core,cluener,qwen3_17b_base,hidden_output,6101,native_eos_pct,99.70215934475056
core,cluener,qwen3_17b_base,hidden_output,6101,capped_pct,0.29784065524944153
core,cluener,qwen3_17b_base,hidden_output,6101,mean_generated_tokens,40.93447505584512
core,cluener,qwen3_17b_base,hidden_output,6102,primary,66.62426458896486
core,cluener,qwen3_17b_base,hidden_output,6102,span_precision_pct,65.12278520360584
core,cluener,qwen3_17b_base,hidden_output,6102,span_recall_pct,68.19661458333333
core,cluener,qwen3_17b_base,hidden_output,6102,text_micro_f1,67.22849419621562
core,cluener,qwen3_17b_base,hidden_output,6102,content_correct,34.251675353685776
core,cluener,qwen3_17b_base,hidden_output,6102,schema_valid,96.94713328369322
core,cluener,qwen3_17b_base,hidden_output,6102,strict_json,99.70215934475056
core,cluener,qwen3_17b_base,hidden_output,6102,native_eos_pct,99.77661950856292
core,cluener,qwen3_17b_base,hidden_output,6102,capped_pct,0.22338049143708116
core,cluener,qwen3_17b_base,hidden_output,6102,mean_generated_tokens,39.93894266567386
core,cluener,qwen3_17b_base,hidden_both,6100,primary,66.50524616626312
core,cluener,qwen3_17b_base,hidden_both,6100,span_precision_pct,65.9622158181236
core,cluener,qwen3_17b_base,hidden_both,6100,span_recall_pct,67.05729166666667
core,cluener,qwen3_17b_base,hidden_both,6100,text_micro_f1,67.0863599677159
core,cluener,qwen3_17b_base,hidden_both,6100,content_correct,34.32613551749814
core,cluener,qwen3_17b_base,hidden_both,6100,schema_valid,97.1705137751303
core,cluener,qwen3_17b_base,hidden_both,6100,strict_json,99.77661950856292
core,cluener,qwen3_17b_base,hidden_both,6100,native_eos_pct,99.85107967237528
core,cluener,qwen3_17b_base,hidden_both,6100,capped_pct,0.14892032762472077
core,cluener,qwen3_17b_base,hidden_both,6100,mean_generated_tokens,38.690990320178706
core,cluener,qwen3_17b_base,hidden_both,6101,primary,66.71889689752429
core,cluener,qwen3_17b_base,hidden_both,6101,span_precision_pct,64.3202416918429
core,cluener,qwen3_17b_base,hidden_both,6101,span_recall_pct,69.30338541666667
core,cluener,qwen3_17b_base,hidden_both,6101,text_micro_f1,67.37699780633031
core,cluener,qwen3_17b_base,hidden_both,6101,content_correct,34.102755026061054
core,cluener,qwen3_17b_base,hidden_both,6101,schema_valid,97.61727475800447
core,cluener,qwen3_17b_base,hidden_both,6101,strict_json,99.70215934475056
core,cluener,qwen3_17b_base,hidden_both,6101,native_eos_pct,99.77661950856292
core,cluener,qwen3_17b_base,hidden_both,6101,capped_pct,0.22338049143708116
core,cluener,qwen3_17b_base,hidden_both,6101,mean_generated_tokens,40.897244973938946
core,cluener,qwen3_17b_base,hidden_both,6102,primary,66.99664697429347
core,cluener,qwen3_17b_base,hidden_both,6102,span_precision_pct,65.74741460357255
core,cluener,qwen3_17b_base,hidden_both,6102,span_recall_pct,68.29427083333333
core,cluener,qwen3_17b_base,hidden_both,6102,text_micro_f1,67.57145138112726
core,cluener,qwen3_17b_base,hidden_both,6102,content_correct,35.36857781087119
core,cluener,qwen3_17b_base,hidden_both,6102,schema_valid,97.09605361131794
core,cluener,qwen3_17b_base,hidden_both,6102,strict_json,99.85107967237528
core,cluener,qwen3_17b_base,hidden_both,6102,native_eos_pct,99.85107967237528
core,cluener,qwen3_17b_base,hidden_both,6102,capped_pct,0.14892032762472077
core,cluener,qwen3_17b_base,hidden_both,6102,mean_generated_tokens,39.33060312732688
core,cluener,qwen3_17b_base,input,6100,primary,41.44256179076636
core,cluener,qwen3_17b_base,input,6100,span_precision_pct,39.66081523356144
core,cluener,qwen3_17b_base,input,6100,span_recall_pct,43.391927083333336
core,cluener,qwen3_17b_base,input,6100,text_micro_f1,41.84672780973107
core,cluener,qwen3_17b_base,input,6100,content_correct,15.487714072970961
core,cluener,qwen3_17b_base,input,6100,schema_valid,87.93745346239761
core,cluener,qwen3_17b_base,input,6100,strict_json,98.36187639612807
core,cluener,qwen3_17b_base,input,6100,native_eos_pct,98.51079672375279
core,cluener,qwen3_17b_base,input,6100,capped_pct,1.4892032762472078
core,cluener,qwen3_17b_base,input,6100,mean_generated_tokens,47.8927773641102
core,cluener,qwen3_17b_base,input,6101,primary,42.02045243259994
core,cluener,qwen3_17b_base,input,6101,span_precision_pct,40.09461856889415
core,cluener,qwen3_17b_base,input,6101,span_recall_pct,44.140625
core,cluener,qwen3_17b_base,input,6101,text_micro_f1,42.547257514719554
core,cluener,qwen3_17b_base,input,6101,content_correct,16.679076693968728
core,cluener,qwen3_17b_base,input,6101,schema_valid,88.90543559195831
core,cluener,qwen3_17b_base,input,6101,strict_json,97.91511541325391
core,cluener,qwen3_17b_base,input,6101,native_eos_pct,98.06403574087862
core,cluener,qwen3_17b_base,input,6101,capped_pct,1.9359642591213702
core,cluener,qwen3_17b_base,input,6101,mean_generated_tokens,50.34475055845123
core,cluener,qwen3_17b_base,input,6102,primary,43.15185357530635
core,cluener,qwen3_17b_base,input,6102,span_precision_pct,41.214814814814815
core,cluener,qwen3_17b_base,input,6102,span_recall_pct,45.279947916666664
core,cluener,qwen3_17b_base,input,6102,text_micro_f1,43.77229719249263
core,cluener,qwen3_17b_base,input,6102,content_correct,16.008935219657484
core,cluener,qwen3_17b_base,input,6102,schema_valid,89.50111690245718
core,cluener,qwen3_17b_base,input,6102,strict_json,98.95755770662696
core,cluener,qwen3_17b_base,input,6102,native_eos_pct,99.18093819806404
core,cluener,qwen3_17b_base,input,6102,capped_pct,0.8190618019359642
core,cluener,qwen3_17b_base,input,6102,mean_generated_tokens,44.68354430379747
core,cluener,qwen3_17b_base,output,6100,primary,37.771454245918825
core,cluener,qwen3_17b_base,output,6100,span_precision_pct,34.979195561719834
core,cluener,qwen3_17b_base,output,6100,span_recall_pct,41.048177083333336
core,cluener,qwen3_17b_base,output,6100,text_micro_f1,38.520293545005245
core,cluener,qwen3_17b_base,output,6100,content_correct,16.157855547282203
core,cluener,qwen3_17b_base,output,6100,schema_valid,89.35219657483246
core,cluener,qwen3_17b_base,output,6100,strict_json,95.97915115413254
core,cluener,qwen3_17b_base,output,6100,native_eos_pct,95.97915115413254
core,cluener,qwen3_17b_base,output,6100,capped_pct,4.0208488458674605
core,cluener,qwen3_17b_base,output,6100,mean_generated_tokens,62.803425167535366
core,cluener,qwen3_17b_base,output,6101,primary,37.27140783744557
core,cluener,qwen3_17b_base,output,6101,span_precision_pct,33.63017286537454
core,cluener,qwen3_17b_base,output,6101,span_recall_pct,41.796875
core,cluener,qwen3_17b_base,output,6101,text_micro_f1,38.055152394775035
core,cluener,qwen3_17b_base,output,6101,content_correct,14.892032762472077
core,cluener,qwen3_17b_base,output,6101,schema_valid,90.3946388682055
core,cluener,qwen3_17b_base,output,6101,strict_json,96.4259121370067
core,cluener,qwen3_17b_base,output,6101,native_eos_pct,96.4259121370067
core,cluener,qwen3_17b_base,output,6101,capped_pct,3.5740878629932986
core,cluener,qwen3_17b_base,output,6101,mean_generated_tokens,62.59270290394639
core,cluener,qwen3_17b_base,output,6102,primary,37.585454545454546
core,cluener,qwen3_17b_base,output,6102,span_precision_pct,33.97317906915593
core,cluener,qwen3_17b_base,output,6102,span_recall_pct,42.057291666666664
core,cluener,qwen3_17b_base,output,6102,text_micro_f1,38.25454545454546
core,cluener,qwen3_17b_base,output,6102,content_correct,14.743112434847356
core,cluener,qwen3_17b_base,output,6102,schema_valid,90.3946388682055
core,cluener,qwen3_17b_base,output,6102,strict_json,95.60685033507073
core,cluener,qwen3_17b_base,output,6102,native_eos_pct,95.60685033507073
core,cluener,qwen3_17b_base,output,6102,capped_pct,4.393149664929263
core,cluener,qwen3_17b_base,output,6102,mean_generated_tokens,66.56515264333582
core,cluener,qwen3_17b_base,both,6100,primary,50.0157678965626
core,cluener,qwen3_17b_base,both,6100,span_precision_pct,48.50152905198777
core,cluener,qwen3_17b_base,both,6100,span_recall_pct,51.627604166666664
core,cluener,qwen3_17b_base,both,6100,text_micro_f1,50.48880479344056
core,cluener,qwen3_17b_base,both,6100,content_correct,18.763961280714817
core,cluener,qwen3_17b_base,both,6100,schema_valid,92.18168279970216
core,cluener,qwen3_17b_base,both,6100,strict_json,97.98957557706628
core,cluener,qwen3_17b_base,both,6100,native_eos_pct,97.98957557706628
core,cluener,qwen3_17b_base,both,6100,capped_pct,2.0104244229337302
core,cluener,qwen3_17b_base,both,6100,mean_generated_tokens,49.6403574087863
core,cluener,qwen3_17b_base,both,6101,primary,49.405878674171355
core,cluener,qwen3_17b_base,both,6101,span_precision_pct,47.53309265944645
core,cluener,qwen3_17b_base,both,6101,span_recall_pct,51.432291666666664
core,cluener,qwen3_17b_base,both,6101,text_micro_f1,49.96873045653533
core,cluener,qwen3_17b_base,both,6101,content_correct,19.43410275502606
core,cluener,qwen3_17b_base,both,6101,schema_valid,92.62844378257633
core,cluener,qwen3_17b_base,both,6101,strict_json,97.84065524944155
core,cluener,qwen3_17b_base,both,6101,native_eos_pct,97.91511541325391
core,cluener,qwen3_17b_base,both,6101,capped_pct,2.084884586746091
core,cluener,qwen3_17b_base,both,6101,mean_generated_tokens,50.344005956813106
core,cluener,qwen3_17b_base,both,6102,primary,51.71378929079135
core,cluener,qwen3_17b_base,both,6102,span_precision_pct,50.23013194231359
core,cluener,qwen3_17b_base,both,6102,span_recall_pct,53.287760416666664
core,cluener,qwen3_17b_base,both,6102,text_micro_f1,52.471963354920234
core,cluener,qwen3_17b_base,both,6102,content_correct,19.50856291883842
core,cluener,qwen3_17b_base,both,6102,schema_valid,92.77736411020105
core,cluener,qwen3_17b_base,both,6102,strict_json,97.76619508562919
core,cluener,qwen3_17b_base,both,6102,native_eos_pct,97.91511541325391
core,cluener,qwen3_17b_base,both,6102,capped_pct,2.084884586746091
core,cluener,qwen3_17b_base,both,6102,mean_generated_tokens,49.857036485480265
core,cluener,qwen3_4b_base,base,,primary,22.47857613711272
core,cluener,qwen3_4b_base,base,,span_precision_pct,22.763684913217624
core,cluener,qwen3_4b_base,base,,span_recall_pct,22.200520833333332
core,cluener,qwen3_4b_base,base,,text_micro_f1,33.98154251812788
core,cluener,qwen3_4b_base,base,,content_correct,8.935219657483247
core,cluener,qwen3_4b_base,base,,schema_valid,42.6656738644825
core,cluener,qwen3_4b_base,base,,strict_json,93.52196574832465
core,cluener,qwen3_4b_base,base,,native_eos_pct,93.96872673119881
core,cluener,qwen3_4b_base,base,,capped_pct,6.031273268801192
core,cluener,qwen3_4b_base,base,,mean_generated_tokens,68.89873417721519
core,cluener,qwen3_4b_base,hidden,6100,primary,68.76107620428549
core,cluener,qwen3_4b_base,hidden,6100,span_precision_pct,68.0701754385965
core,cluener,qwen3_4b_base,hidden,6100,span_recall_pct,69.46614583333333
core,cluener,qwen3_4b_base,hidden,6100,text_micro_f1,70.24327372321572
core,cluener,qwen3_4b_base,hidden,6100,content_correct,39.91064780342517
core,cluener,qwen3_4b_base,hidden,6100,schema_valid,99.85107967237528
core,cluener,qwen3_4b_base,hidden,6100,strict_json,100.0
core,cluener,qwen3_4b_base,hidden,6100,native_eos_pct,100.0
core,cluener,qwen3_4b_base,hidden,6100,capped_pct,0.0
core,cluener,qwen3_4b_base,hidden,6100,mean_generated_tokens,38.01563663440059
core,cluener,qwen3_4b_base,hidden,6101,primary,68.219794344473
core,cluener,qwen3_4b_base,hidden,6101,span_precision_pct,67.35406091370558
core,cluener,qwen3_4b_base,hidden,6101,span_recall_pct,69.10807291666667
core,cluener,qwen3_4b_base,hidden,6101,text_micro_f1,69.24807197943444
core,cluener,qwen3_4b_base,hidden,6101,content_correct,38.57036485480268
core,cluener,qwen3_4b_base,hidden,6101,schema_valid,99.40431868950111
core,cluener,qwen3_4b_base,hidden,6101,strict_json,100.0
core,cluener,qwen3_4b_base,hidden,6101,native_eos_pct,100.0
core,cluener,qwen3_4b_base,hidden,6101,capped_pct,0.0
core,cluener,qwen3_4b_base,hidden,6101,mean_generated_tokens,38.06031273268801
core,cluener,qwen3_4b_base,hidden,6102,primary,68.83870967741936
core,cluener,qwen3_4b_base,hidden,6102,span_precision_pct,68.22250639386189
core,cluener,qwen3_4b_base,hidden,6102,span_recall_pct,69.46614583333333
core,cluener,qwen3_4b_base,hidden,6102,text_micro_f1,70.25806451612904
core,cluener,qwen3_4b_base,hidden,6102,content_correct,39.38942665673864
core,cluener,qwen3_4b_base,hidden,6102,schema_valid,99.55323901712583
core,cluener,qwen3_4b_base,hidden,6102,strict_json,100.0
core,cluener,qwen3_4b_base,hidden,6102,native_eos_pct,100.0
core,cluener,qwen3_4b_base,hidden,6102,capped_pct,0.0
core,cluener,qwen3_4b_base,hidden,6102,mean_generated_tokens,37.92553983618764
core,cluener,qwen3_4b_base,hidden_budget,6100,primary,69.01884968583857
core,cluener,qwen3_4b_base,hidden_budget,6100,span_precision_pct,68.32535885167464
core,cluener,qwen3_4b_base,hidden_budget,6100,span_recall_pct,69.7265625
core,cluener,qwen3_4b_base,hidden_budget,6100,text_micro_f1,70.50104720476881
core,cluener,qwen3_4b_base,hidden_budget,6100,content_correct,39.83618763961281
core,cluener,qwen3_4b_base,hidden_budget,6100,schema_valid,99.77661950856292
core,cluener,qwen3_4b_base,hidden_budget,6100,strict_json,100.0
core,cluener,qwen3_4b_base,hidden_budget,6100,native_eos_pct,100.0
core,cluener,qwen3_4b_base,hidden_budget,6100,capped_pct,0.0
core,cluener,qwen3_4b_base,hidden_budget,6100,mean_generated_tokens,38.026061057334324
core,cluener,qwen3_4b_base,hidden_budget,6101,primary,68.93344025661588
core,cluener,qwen3_4b_base,hidden_budget,6101,span_precision_pct,67.9418273790705
core,cluener,qwen3_4b_base,hidden_budget,6101,span_recall_pct,69.95442708333333
core,cluener,qwen3_4b_base,hidden_budget,6101,text_micro_f1,70.18444266238974
core,cluener,qwen3_4b_base,hidden_budget,6101,content_correct,39.83618763961281
core,cluener,qwen3_4b_base,hidden_budget,6101,schema_valid,99.55323901712583
core,cluener,qwen3_4b_base,hidden_budget,6101,strict_json,100.0
core,cluener,qwen3_4b_base,hidden_budget,6101,native_eos_pct,100.0
core,cluener,qwen3_4b_base,hidden_budget,6101,capped_pct,0.0
core,cluener,qwen3_4b_base,hidden_budget,6101,mean_generated_tokens,38.18317200297841
core,cluener,qwen3_4b_base,hidden_budget,6102,primary,68.78323932312651
core,cluener,qwen3_4b_base,hidden_budget,6102,span_precision_pct,68.11362910947973
core,cluener,qwen3_4b_base,hidden_budget,6102,span_recall_pct,69.46614583333333
core,cluener,qwen3_4b_base,hidden_budget,6102,text_micro_f1,70.20145044319098
core,cluener,qwen3_4b_base,hidden_budget,6102,content_correct,39.91064780342517
core,cluener,qwen3_4b_base,hidden_budget,6102,schema_valid,99.70215934475056
core,cluener,qwen3_4b_base,hidden_budget,6102,strict_json,100.0
core,cluener,qwen3_4b_base,hidden_budget,6102,native_eos_pct,100.0
core,cluener,qwen3_4b_base,hidden_budget,6102,capped_pct,0.0
core,cluener,qwen3_4b_base,hidden_budget,6102,mean_generated_tokens,37.995532390171256
core,cluener,qwen3_4b_base,hidden_input,6100,primary,68.88139945434119
core,cluener,qwen3_4b_base,hidden_input,6100,span_precision_pct,67.93289015511237
core,cluener,qwen3_4b_base,hidden_input,6100,span_recall_pct,69.85677083333333
core,cluener,qwen3_4b_base,hidden_input,6100,text_micro_f1,70.38998555609051
core,cluener,qwen3_4b_base,hidden_input,6100,content_correct,39.31496649292628
core,cluener,qwen3_4b_base,hidden_input,6100,schema_valid,99.77661950856292
core,cluener,qwen3_4b_base,hidden_input,6100,strict_json,100.0
core,cluener,qwen3_4b_base,hidden_input,6100,native_eos_pct,100.0
core,cluener,qwen3_4b_base,hidden_input,6100,capped_pct,0.0
core,cluener,qwen3_4b_base,hidden_input,6100,mean_generated_tokens,38.273268801191364
core,cluener,qwen3_4b_base,hidden_input,6101,primary,69.21217979700339
core,cluener,qwen3_4b_base,hidden_input,6101,span_precision_pct,68.51674641148325
core,cluener,qwen3_4b_base,hidden_input,6101,span_recall_pct,69.921875
core,cluener,qwen3_4b_base,hidden_input,6101,text_micro_f1,70.14660866763332
core,cluener,qwen3_4b_base,hidden_input,6101,content_correct,39.538346984363365
core,cluener,qwen3_4b_base,hidden_input,6101,schema_valid,99.55323901712583
core,cluener,qwen3_4b_base,hidden_input,6101,strict_json,100.0
core,cluener,qwen3_4b_base,hidden_input,6101,native_eos_pct,100.0
core,cluener,qwen3_4b_base,hidden_input,6101,capped_pct,0.0
core,cluener,qwen3_4b_base,hidden_input,6101,mean_generated_tokens,37.92777364110201
core,cluener,qwen3_4b_base,hidden_input,6102,primary,68.50988587043884
core,cluener,qwen3_4b_base,hidden_input,6102,span_precision_pct,67.67227691330581
core,cluener,qwen3_4b_base,hidden_input,6102,span_recall_pct,69.36848958333333
core,cluener,qwen3_4b_base,hidden_input,6102,text_micro_f1,69.92444944542677
core,cluener,qwen3_4b_base,hidden_input,6102,content_correct,38.94266567386448
core,cluener,qwen3_4b_base,hidden_input,6102,schema_valid,99.77661950856292
core,cluener,qwen3_4b_base,hidden_input,6102,strict_json,100.0
core,cluener,qwen3_4b_base,hidden_input,6102,native_eos_pct,100.0
core,cluener,qwen3_4b_base,hidden_input,6102,capped_pct,0.0
core,cluener,qwen3_4b_base,hidden_input,6102,mean_generated_tokens,38.15264333581534
core,cluener,qwen3_4b_base,hidden_output,6100,primary,69.54143201930813
core,cluener,qwen3_4b_base,hidden_output,6100,span_precision_pct,68.75596563792556
core,cluener,qwen3_4b_base,hidden_output,6100,span_recall_pct,70.34505208333333
core,cluener,qwen3_4b_base,hidden_output,6100,text_micro_f1,71.08608205953338
core,cluener,qwen3_4b_base,hidden_output,6100,content_correct,40.35740878629933
core,cluener,qwen3_4b_base,hidden_output,6100,schema_valid,99.85107967237528
core,cluener,qwen3_4b_base,hidden_output,6100,strict_json,100.0
core,cluener,qwen3_4b_base,hidden_output,6100,native_eos_pct,100.0
core,cluener,qwen3_4b_base,hidden_output,6100,capped_pct,0.0
core,cluener,qwen3_4b_base,hidden_output,6100,mean_generated_tokens,38.11764705882353
core,cluener,qwen3_4b_base,hidden_output,6101,primary,69.918177442644
core,cluener,qwen3_4b_base,hidden_output,6101,span_precision_pct,68.9338816830117
core,cluener,qwen3_4b_base,hidden_output,6101,span_recall_pct,70.93098958333333
core,cluener,qwen3_4b_base,hidden_output,6101,text_micro_f1,71.33001764800257
core,cluener,qwen3_4b_base,hidden_output,6101,content_correct,40.13402829486225
core,cluener,qwen3_4b_base,hidden_output,6101,schema_valid,99.77661950856292
core,cluener,qwen3_4b_base,hidden_output,6101,strict_json,99.92553983618764
core,cluener,qwen3_4b_base,hidden_output,6101,native_eos_pct,100.0
core,cluener,qwen3_4b_base,hidden_output,6101,capped_pct,0.0
core,cluener,qwen3_4b_base,hidden_output,6101,mean_generated_tokens,38.15264333581534
core,cluener,qwen3_4b_base,hidden_output,6102,primary,70.1294498381877
core,cluener,qwen3_4b_base,hidden_output,6102,span_precision_pct,69.72329472329473
core,cluener,qwen3_4b_base,hidden_output,6102,span_recall_pct,70.54036458333333
core,cluener,qwen3_4b_base,hidden_output,6102,text_micro_f1,71.6504854368932
core,cluener,qwen3_4b_base,hidden_output,6102,content_correct,41.1764705882353
core,cluener,qwen3_4b_base,hidden_output,6102,schema_valid,99.47877885331347
core,cluener,qwen3_4b_base,hidden_output,6102,strict_json,100.0
core,cluener,qwen3_4b_base,hidden_output,6102,native_eos_pct,100.0
core,cluener,qwen3_4b_base,hidden_output,6102,capped_pct,0.0
core,cluener,qwen3_4b_base,hidden_output,6102,mean_generated_tokens,37.705882352941174
core,cluener,qwen3_4b_base,hidden_both,6100,primary,69.90166048686119
core,cluener,qwen3_4b_base,hidden_both,6100,span_precision_pct,69.24305333759182
core,cluener,qwen3_4b_base,hidden_both,6100,span_recall_pct,70.57291666666667
core,cluener,qwen3_4b_base,hidden_both,6100,text_micro_f1,71.4170562630985
core,cluener,qwen3_4b_base,hidden_both,6100,content_correct,41.102010424422936
core,cluener,qwen3_4b_base,hidden_both,6100,schema_valid,99.77661950856292
core,cluener,qwen3_4b_base,hidden_both,6100,strict_json,100.0
core,cluener,qwen3_4b_base,hidden_both,6100,native_eos_pct,100.0
core,cluener,qwen3_4b_base,hidden_both,6100,capped_pct,0.0
core,cluener,qwen3_4b_base,hidden_both,6100,mean_generated_tokens,38.00744601638124
core,cluener,qwen3_4b_base,hidden_both,6101,primary,69.64570699010532
core,cluener,qwen3_4b_base,hidden_both,6101,span_precision_pct,68.31559173450219
core,cluener,qwen3_4b_base,hidden_both,6101,span_recall_pct,71.02864583333333
core,cluener,qwen3_4b_base,hidden_both,6101,text_micro_f1,70.95435684647303
core,cluener,qwen3_4b_base,hidden_both,6101,content_correct,40.50632911392405
core,cluener,qwen3_4b_base,hidden_both,6101,schema_valid,99.85107967237528
core,cluener,qwen3_4b_base,hidden_both,6101,strict_json,100.0
core,cluener,qwen3_4b_base,hidden_both,6101,native_eos_pct,100.0
core,cluener,qwen3_4b_base,hidden_both,6101,capped_pct,0.0
core,cluener,qwen3_4b_base,hidden_both,6101,mean_generated_tokens,38.53090096798213
core,cluener,qwen3_4b_base,hidden_both,6102,primary,69.45296111021462
core,cluener,qwen3_4b_base,hidden_both,6102,span_precision_pct,68.864
core,cluener,qwen3_4b_base,hidden_both,6102,span_recall_pct,70.05208333333333
core,cluener,qwen3_4b_base,hidden_both,6102,text_micro_f1,71.06664515087945
core,cluener,qwen3_4b_base,hidden_both,6102,content_correct,40.20848845867461
core,cluener,qwen3_4b_base,hidden_both,6102,schema_valid,99.6276991809382
core,cluener,qwen3_4b_base,hidden_both,6102,strict_json,100.0
core,cluener,qwen3_4b_base,hidden_both,6102,native_eos_pct,100.0
core,cluener,qwen3_4b_base,hidden_both,6102,capped_pct,0.0
core,cluener,qwen3_4b_base,hidden_both,6102,mean_generated_tokens,37.860759493670884
core,cluener,qwen3_4b_base,input,6100,primary,46.51008931524975
core,cluener,qwen3_4b_base,input,6100,span_precision_pct,47.276395427034295
core,cluener,qwen3_4b_base,input,6100,span_recall_pct,45.768229166666664
core,cluener,qwen3_4b_base,input,6100,text_micro_f1,47.43632153489911
core,cluener,qwen3_4b_base,input,6100,content_correct,19.955323901712585
core,cluener,qwen3_4b_base,input,6100,schema_valid,96.12807148175726
core,cluener,qwen3_4b_base,input,6100,strict_json,99.18093819806404
core,cluener,qwen3_4b_base,input,6100,native_eos_pct,99.55323901712583
core,cluener,qwen3_4b_base,input,6100,capped_pct,0.4467609828741623
core,cluener,qwen3_4b_base,input,6100,mean_generated_tokens,38.67758749069248
core,cluener,qwen3_4b_base,input,6101,primary,48.37067209775967
core,cluener,qwen3_4b_base,input,6101,span_precision_pct,50.53191489361702
core,cluener,qwen3_4b_base,input,6101,span_recall_pct,46.38671875
core,cluener,qwen3_4b_base,input,6101,text_micro_f1,49.32111337406653
core,cluener,qwen3_4b_base,input,6101,content_correct,20.699925539836187
core,cluener,qwen3_4b_base,input,6101,schema_valid,97.61727475800447
core,cluener,qwen3_4b_base,input,6101,strict_json,99.18093819806404
core,cluener,qwen3_4b_base,input,6101,native_eos_pct,99.6276991809382
core,cluener,qwen3_4b_base,input,6101,capped_pct,0.37230081906180196
core,cluener,qwen3_4b_base,input,6101,mean_generated_tokens,36.82799702159345
core,cluener,qwen3_4b_base,input,6102,primary,48.219703017723134
core,cluener,qwen3_4b_base,input,6102,span_precision_pct,47.32058915700407
core,cluener,qwen3_4b_base,input,6102,span_recall_pct,49.153645833333336
core,cluener,qwen3_4b_base,input,6102,text_micro_f1,49.17771036244611
core,cluener,qwen3_4b_base,input,6102,content_correct,19.21072226358898
core,cluener,qwen3_4b_base,input,6102,schema_valid,97.46835443037975
core,cluener,qwen3_4b_base,input,6102,strict_json,99.55323901712583
core,cluener,qwen3_4b_base,input,6102,native_eos_pct,99.70215934475056
core,cluener,qwen3_4b_base,input,6102,capped_pct,0.29784065524944153
core,cluener,qwen3_4b_base,input,6102,mean_generated_tokens,40.233804914370815
core,cluener,qwen3_4b_base,output,6100,primary,48.88296098699566
core,cluener,qwen3_4b_base,output,6100,span_precision_pct,50.10252904989747
core,cluener,qwen3_4b_base,output,6100,span_recall_pct,47.721354166666664
core,cluener,qwen3_4b_base,output,6100,text_micro_f1,49.949983327775925
core,cluener,qwen3_4b_base,output,6100,content_correct,21.59344750558451
core,cluener,qwen3_4b_base,output,6100,schema_valid,95.45793000744601
core,cluener,qwen3_4b_base,output,6100,strict_json,97.61727475800447
core,cluener,qwen3_4b_base,output,6100,native_eos_pct,97.61727475800447
core,cluener,qwen3_4b_base,output,6100,capped_pct,2.3827252419955323
core,cluener,qwen3_4b_base,output,6100,mean_generated_tokens,47.83097542814594
core,cluener,qwen3_4b_base,output,6101,primary,48.9946380697051
core,cluener,qwen3_4b_base,output,6101,span_precision_pct,50.48342541436464
core,cluener,qwen3_4b_base,output,6101,span_recall_pct,47.591145833333336
core,cluener,qwen3_4b_base,output,6101,text_micro_f1,50.06702412868633
core,cluener,qwen3_4b_base,output,6101,content_correct,21.29560685033507
core,cluener,qwen3_4b_base,output,6101,schema_valid,96.57483246463143
core,cluener,qwen3_4b_base,output,6101,strict_json,98.65971705137751
core,cluener,qwen3_4b_base,output,6101,native_eos_pct,98.65971705137751
core,cluener,qwen3_4b_base,output,6101,capped_pct,1.340282948622487
core,cluener,qwen3_4b_base,output,6101,mean_generated_tokens,42.19955323901713
core,cluener,qwen3_4b_base,output,6102,primary,49.83776768332252
core,cluener,qwen3_4b_base,output,6102,span_precision_pct,49.676584734799484
core,cluener,qwen3_4b_base,output,6102,span_recall_pct,50.0
core,cluener,qwen3_4b_base,output,6102,text_micro_f1,51.200519143413366
core,cluener,qwen3_4b_base,output,6102,content_correct,20.402084884586746
core,cluener,qwen3_4b_base,output,6102,schema_valid,95.83023082650782
core,cluener,qwen3_4b_base,output,6102,strict_json,98.13849590469098
core,cluener,qwen3_4b_base,output,6102,native_eos_pct,98.13849590469098
core,cluener,qwen3_4b_base,output,6102,capped_pct,1.8615040953090096
core,cluener,qwen3_4b_base,output,6102,mean_generated_tokens,46.82874162323157
core,cluener,qwen3_4b_base,both,6100,primary,56.10305958132045
core,cluener,qwen3_4b_base,both,6100,span_precision_pct,55.513065646908856
core,cluener,qwen3_4b_base,both,6100,span_recall_pct,56.705729166666664
core,cluener,qwen3_4b_base,both,6100,text_micro_f1,57.42351046698873
core,cluener,qwen3_4b_base,both,6100,content_correct,26.209977661950855
core,cluener,qwen3_4b_base,both,6100,schema_valid,98.51079672375279
core,cluener,qwen3_4b_base,both,6100,strict_json,99.85107967237528
core,cluener,qwen3_4b_base,both,6100,native_eos_pct,99.85107967237528
core,cluener,qwen3_4b_base,both,6100,capped_pct,0.14892032762472077
core,cluener,qwen3_4b_base,both,6100,mean_generated_tokens,38.56738644825018
core,cluener,qwen3_4b_base,both,6101,primary,56.987353929886346
core,cluener,qwen3_4b_base,both,6101,span_precision_pct,56.06299212598425
core,cluener,qwen3_4b_base,both,6101,span_recall_pct,57.942708333333336
core,cluener,qwen3_4b_base,both,6101,text_micro_f1,58.043861053305584
core,cluener,qwen3_4b_base,both,6101,content_correct,26.061057334326136
core,cluener,qwen3_4b_base,both,6101,schema_valid,98.43633655994043
core,cluener,qwen3_4b_base,both,6101,strict_json,99.77661950856292
core,cluener,qwen3_4b_base,both,6101,native_eos_pct,99.77661950856292
core,cluener,qwen3_4b_base,both,6101,capped_pct,0.22338049143708116
core,cluener,qwen3_4b_base,both,6101,mean_generated_tokens,39.42814594192107
core,cluener,qwen3_4b_base,both,6102,primary,56.67138142385667
core,cluener,qwen3_4b_base,both,6102,span_precision_pct,54.78577939835916
core,cluener,qwen3_4b_base,both,6102,span_recall_pct,58.69140625
core,cluener,qwen3_4b_base,both,6102,text_micro_f1,57.70862800565771
core,cluener,qwen3_4b_base,both,6102,content_correct,26.284437825763217
core,cluener,qwen3_4b_base,both,6102,schema_valid,98.21295606850335
core,cluener,qwen3_4b_base,both,6102,strict_json,99.6276991809382
core,cluener,qwen3_4b_base,both,6102,native_eos_pct,99.70215934475056
core,cluener,qwen3_4b_base,both,6102,capped_pct,0.29784065524944153
core,cluener,qwen3_4b_base,both,6102,mean_generated_tokens,40.995532390171256
core,cluener,qwen3_8b_base,base,,primary,44.19955920657183
core,cluener,qwen3_8b_base,base,,span_precision_pct,57.47785304846274
core,cluener,qwen3_8b_base,base,,span_recall_pct,35.904947916666664
core,cluener,qwen3_8b_base,base,,text_micro_f1,44.640352634742534
core,cluener,qwen3_8b_base,base,,content_correct,19.955323901712585
core,cluener,qwen3_8b_base,base,,schema_valid,97.98957557706628
core,cluener,qwen3_8b_base,base,,strict_json,96.7982129560685
core,cluener,qwen3_8b_base,base,,native_eos_pct,97.98957557706628
core,cluener,qwen3_8b_base,base,,capped_pct,2.0104244229337302
core,cluener,qwen3_8b_base,base,,mean_generated_tokens,34.20625465376024
core,cluener,qwen3_8b_base,hidden,6100,primary,70.52563689132538
core,cluener,qwen3_8b_base,hidden,6100,span_precision_pct,69.87220447284345
core,cluener,qwen3_8b_base,hidden,6100,span_recall_pct,71.19140625
core,cluener,qwen3_8b_base,hidden,6100,text_micro_f1,71.75104804901645
core,cluener,qwen3_8b_base,hidden,6100,content_correct,42.21891288160834
core,cluener,qwen3_8b_base,hidden,6100,schema_valid,99.32985852568876
core,cluener,qwen3_8b_base,hidden,6100,strict_json,100.0
core,cluener,qwen3_8b_base,hidden,6100,native_eos_pct,100.0
core,cluener,qwen3_8b_base,hidden,6100,capped_pct,0.0
core,cluener,qwen3_8b_base,hidden,6100,mean_generated_tokens,37.95681310498883
core,cluener,qwen3_8b_base,hidden,6101,primary,71.09311740890688
core,cluener,qwen3_8b_base,hidden,6101,span_precision_pct,70.73799548823719
core,cluener,qwen3_8b_base,hidden,6101,span_recall_pct,71.45182291666667
core,cluener,qwen3_8b_base,hidden,6101,text_micro_f1,72.03238866396761
core,cluener,qwen3_8b_base,hidden,6101,content_correct,43.26135517498138
core,cluener,qwen3_8b_base,hidden,6101,schema_valid,98.58525688756515
core,cluener,qwen3_8b_base,hidden,6101,strict_json,100.0
core,cluener,qwen3_8b_base,hidden,6101,native_eos_pct,100.0
core,cluener,qwen3_8b_base,hidden,6101,capped_pct,0.0
core,cluener,qwen3_8b_base,hidden,6101,mean_generated_tokens,37.67237527922561
core,cluener,qwen3_8b_base,hidden,6102,primary,70.24249237192869
core,cluener,qwen3_8b_base,hidden,6102,span_precision_pct,69.31854199683043
core,cluener,qwen3_8b_base,hidden,6102,span_recall_pct,71.19140625
core,cluener,qwen3_8b_base,hidden,6102,text_micro_f1,71.33451100048177
core,cluener,qwen3_8b_base,hidden,6102,content_correct,42.14445271779598
core,cluener,qwen3_8b_base,hidden,6102,schema_valid,98.73417721518987
core,cluener,qwen3_8b_base,hidden,6102,strict_json,100.0
core,cluener,qwen3_8b_base,hidden,6102,native_eos_pct,100.0
core,cluener,qwen3_8b_base,hidden,6102,capped_pct,0.0
core,cluener,qwen3_8b_base,hidden,6102,mean_generated_tokens,38.2807148175726
core,cluener,qwen3_8b_base,hidden_budget,6100,primary,71.11039380245319
core,cluener,qwen3_8b_base,hidden_budget,6100,span_precision_pct,70.51856594110116
core,cluener,qwen3_8b_base,hidden_budget,6100,span_recall_pct,71.71223958333333
core,cluener,qwen3_8b_base,hidden_budget,6100,text_micro_f1,72.20787604906391
core,cluener,qwen3_8b_base,hidden_budget,6100,content_correct,42.81459419210722
core,cluener,qwen3_8b_base,hidden_budget,6100,schema_valid,99.2553983618764
core,cluener,qwen3_8b_base,hidden_budget,6100,strict_json,99.92553983618764
core,cluener,qwen3_8b_base,hidden_budget,6100,native_eos_pct,100.0
core,cluener,qwen3_8b_base,hidden_budget,6100,capped_pct,0.0
core,cluener,qwen3_8b_base,hidden_budget,6100,mean_generated_tokens,37.90171258376768
core,cluener,qwen3_8b_base,hidden_budget,6101,primary,71.03559870550161
core,cluener,qwen3_8b_base,hidden_budget,6101,span_precision_pct,70.62419562419562
core,cluener,qwen3_8b_base,hidden_budget,6101,span_recall_pct,71.45182291666667
core,cluener,qwen3_8b_base,hidden_budget,6101,text_micro_f1,71.97411003236246
core,cluener,qwen3_8b_base,hidden_budget,6101,content_correct,43.55919583023083
core,cluener,qwen3_8b_base,hidden_budget,6101,schema_valid,98.58525688756515
core,cluener,qwen3_8b_base,hidden_budget,6101,strict_json,100.0
core,cluener,qwen3_8b_base,hidden_budget,6101,native_eos_pct,100.0
core,cluener,qwen3_8b_base,hidden_budget,6101,capped_pct,0.0
core,cluener,qwen3_8b_base,hidden_budget,6101,mean_generated_tokens,37.73790022338049
core,cluener,qwen3_8b_base,hidden_budget,6102,primary,70.45344521542683
core,cluener,qwen3_8b_base,hidden_budget,6102,span_precision_pct,69.856
core,cluener,qwen3_8b_base,hidden_budget,6102,span_recall_pct,71.06119791666667
core,cluener,qwen3_8b_base,hidden_budget,6102,text_micro_f1,71.42165563982572
core,cluener,qwen3_8b_base,hidden_budget,6102,content_correct,42.88905435591958
core,cluener,qwen3_8b_base,hidden_budget,6102,schema_valid,98.51079672375279
core,cluener,qwen3_8b_base,hidden_budget,6102,strict_json,100.0
core,cluener,qwen3_8b_base,hidden_budget,6102,native_eos_pct,100.0
core,cluener,qwen3_8b_base,hidden_budget,6102,capped_pct,0.0
core,cluener,qwen3_8b_base,hidden_budget,6102,mean_generated_tokens,37.985107967237525
core,cluener,qwen3_8b_base,hidden_input,6100,primary,71.58232931726907
core,cluener,qwen3_8b_base,hidden_input,6100,span_precision_pct,70.662860767523
core,cluener,qwen3_8b_base,hidden_input,6100,span_recall_pct,72.52604166666667
core,cluener,qwen3_8b_base,hidden_input,6100,text_micro_f1,72.54618473895583
core,cluener,qwen3_8b_base,hidden_input,6100,content_correct,44.30379746835443
core,cluener,qwen3_8b_base,hidden_input,6100,schema_valid,98.95755770662696
core,cluener,qwen3_8b_base,hidden_input,6100,strict_json,100.0
core,cluener,qwen3_8b_base,hidden_input,6100,native_eos_pct,100.0
core,cluener,qwen3_8b_base,hidden_input,6100,capped_pct,0.0
core,cluener,qwen3_8b_base,hidden_input,6100,mean_generated_tokens,38.18838421444527
core,cluener,qwen3_8b_base,hidden_input,6101,primary,70.07861382961656
core,cluener,qwen3_8b_base,hidden_input,6101,span_precision_pct,69.09205947484973
core,cluener,qwen3_8b_base,hidden_input,6101,span_recall_pct,71.09375
core,cluener,qwen3_8b_base,hidden_input,6101,text_micro_f1,70.9449703192684
core,cluener,qwen3_8b_base,hidden_input,6101,content_correct,43.037974683544306
core,cluener,qwen3_8b_base,hidden_input,6101,schema_valid,98.06403574087862
core,cluener,qwen3_8b_base,hidden_input,6101,strict_json,100.0
core,cluener,qwen3_8b_base,hidden_input,6101,native_eos_pct,100.0
core,cluener,qwen3_8b_base,hidden_input,6101,capped_pct,0.0
core,cluener,qwen3_8b_base,hidden_input,6101,mean_generated_tokens,38.310498883097544
core,cluener,qwen3_8b_base,hidden_input,6102,primary,70.87222401029932
core,cluener,qwen3_8b_base,hidden_input,6102,span_precision_pct,70.08274984086569
core,cluener,qwen3_8b_base,hidden_input,6102,span_recall_pct,71.6796875
core,cluener,qwen3_8b_base,hidden_input,6102,text_micro_f1,71.9343418088188
core,cluener,qwen3_8b_base,hidden_input,6102,content_correct,44.15487714072971
core,cluener,qwen3_8b_base,hidden_input,6102,schema_valid,98.8830975428146
core,cluener,qwen3_8b_base,hidden_input,6102,strict_json,100.0
core,cluener,qwen3_8b_base,hidden_input,6102,native_eos_pct,100.0
core,cluener,qwen3_8b_base,hidden_input,6102,capped_pct,0.0
core,cluener,qwen3_8b_base,hidden_input,6102,mean_generated_tokens,38.15860014892033
core,cluener,qwen3_8b_base,hidden_output,6100,primary,72.49432371067142
core,cluener,qwen3_8b_base,hidden_output,6100,span_precision_pct,72.2365869424693
core,cluener,qwen3_8b_base,hidden_output,6100,span_recall_pct,72.75390625
core,cluener,qwen3_8b_base,hidden_output,6100,text_micro_f1,73.56470969834577
core,cluener,qwen3_8b_base,hidden_output,6100,content_correct,45.346239761727475
core,cluener,qwen3_8b_base,hidden_output,6100,schema_valid,99.18093819806404
core,cluener,qwen3_8b_base,hidden_output,6100,strict_json,100.0
core,cluener,qwen3_8b_base,hidden_output,6100,native_eos_pct,100.0
core,cluener,qwen3_8b_base,hidden_output,6100,capped_pct,0.0
core,cluener,qwen3_8b_base,hidden_output,6100,mean_generated_tokens,37.598659717051376
core,cluener,qwen3_8b_base,hidden_output,6101,primary,71.41479099678456
core,cluener,qwen3_8b_base,hidden_output,6101,span_precision_pct,70.55273189326556
core,cluener,qwen3_8b_base,hidden_output,6101,span_recall_pct,72.29817708333333
core,cluener,qwen3_8b_base,hidden_output,6101,text_micro_f1,72.47588424437299
core,cluener,qwen3_8b_base,hidden_output,6101,content_correct,43.484735666418466
core,cluener,qwen3_8b_base,hidden_output,6101,schema_valid,99.03201787043932
core,cluener,qwen3_8b_base,hidden_output,6101,strict_json,100.0
core,cluener,qwen3_8b_base,hidden_output,6101,native_eos_pct,100.0
core,cluener,qwen3_8b_base,hidden_output,6101,capped_pct,0.0
core,cluener,qwen3_8b_base,hidden_output,6101,mean_generated_tokens,38.16753536857781
core,cluener,qwen3_8b_base,hidden_output,6102,primary,71.04544724586478
core,cluener,qwen3_8b_base,hidden_output,6102,span_precision_pct,70.11093502377179
core,cluener,qwen3_8b_base,hidden_output,6102,span_recall_pct,72.00520833333333
core,cluener,qwen3_8b_base,hidden_output,6102,text_micro_f1,72.07322948450297
core,cluener,qwen3_8b_base,hidden_output,6102,content_correct,44.30379746835443
core,cluener,qwen3_8b_base,hidden_output,6102,schema_valid,99.32985852568876
core,cluener,qwen3_8b_base,hidden_output,6102,strict_json,100.0
core,cluener,qwen3_8b_base,hidden_output,6102,native_eos_pct,100.0
core,cluener,qwen3_8b_base,hidden_output,6102,capped_pct,0.0
core,cluener,qwen3_8b_base,hidden_output,6102,mean_generated_tokens,38.279970215934476
core,cluener,qwen3_8b_base,hidden_both,6100,primary,72.3589001447178
core,cluener,qwen3_8b_base,hidden_both,6100,span_precision_pct,71.49666348903718
core,cluener,qwen3_8b_base,hidden_both,6100,span_recall_pct,73.2421875
core,cluener,qwen3_8b_base,hidden_both,6100,text_micro_f1,73.25936645762984
core,cluener,qwen3_8b_base,hidden_both,6100,content_correct,44.75055845122859
core,cluener,qwen3_8b_base,hidden_both,6100,schema_valid,98.95755770662696
core,cluener,qwen3_8b_base,hidden_both,6100,strict_json,100.0
core,cluener,qwen3_8b_base,hidden_both,6100,native_eos_pct,100.0
core,cluener,qwen3_8b_base,hidden_both,6100,capped_pct,0.0
core,cluener,qwen3_8b_base,hidden_both,6100,mean_generated_tokens,38.16753536857781
core,cluener,qwen3_8b_base,hidden_both,6101,primary,71.82712465731333
core,cluener,qwen3_8b_base,hidden_both,6101,span_precision_pct,71.17289868967721
core,cluener,qwen3_8b_base,hidden_both,6101,span_recall_pct,72.49348958333333
core,cluener,qwen3_8b_base,hidden_both,6101,text_micro_f1,72.92372198032575
core,cluener,qwen3_8b_base,hidden_both,6101,content_correct,43.410275502606105
core,cluener,qwen3_8b_base,hidden_both,6101,schema_valid,99.03201787043932
core,cluener,qwen3_8b_base,hidden_both,6101,strict_json,100.0
core,cluener,qwen3_8b_base,hidden_both,6101,native_eos_pct,100.0
core,cluener,qwen3_8b_base,hidden_both,6101,capped_pct,0.0
core,cluener,qwen3_8b_base,hidden_both,6101,mean_generated_tokens,37.94862248696947
core,cluener,qwen3_8b_base,hidden_both,6102,primary,71.74052665382145
core,cluener,qwen3_8b_base,hidden_both,6102,span_precision_pct,70.78580481622306
core,cluener,qwen3_8b_base,hidden_both,6102,span_recall_pct,72.72135416666667
core,cluener,qwen3_8b_base,hidden_both,6102,text_micro_f1,72.703917790623
core,cluener,qwen3_8b_base,hidden_both,6102,content_correct,44.899478778853315
core,cluener,qwen3_8b_base,hidden_both,6102,schema_valid,99.03201787043932
core,cluener,qwen3_8b_base,hidden_both,6102,strict_json,100.0
core,cluener,qwen3_8b_base,hidden_both,6102,native_eos_pct,100.0
core,cluener,qwen3_8b_base,hidden_both,6102,capped_pct,0.0
core,cluener,qwen3_8b_base,hidden_both,6102,mean_generated_tokens,38.242740134028296
core,cluener,qwen3_8b_base,input,6100,primary,53.36182804537235
core,cluener,qwen3_8b_base,input,6100,span_precision_pct,53.902358020591166
core,cluener,qwen3_8b_base,input,6100,span_recall_pct,52.83203125
core,cluener,qwen3_8b_base,input,6100,text_micro_f1,54.38106197599868
core,cluener,qwen3_8b_base,input,6100,content_correct,23.38049143708116
core,cluener,qwen3_8b_base,input,6100,schema_valid,95.01116902457186
core,cluener,qwen3_8b_base,input,6100,strict_json,99.32985852568876
core,cluener,qwen3_8b_base,input,6100,native_eos_pct,99.70215934475056
core,cluener,qwen3_8b_base,input,6100,capped_pct,0.29784065524944153
core,cluener,qwen3_8b_base,input,6100,mean_generated_tokens,38.31273268801191
core,cluener,qwen3_8b_base,input,6101,primary,52.10587647744298
core,cluener,qwen3_8b_base,input,6101,span_precision_pct,53.32197614991482
core,cluener,qwen3_8b_base,input,6101,span_recall_pct,50.944010416666664
core,cluener,qwen3_8b_base,input,6101,text_micro_f1,53.07141668053937
core,cluener,qwen3_8b_base,input,6101,content_correct,24.050632911392405
core,cluener,qwen3_8b_base,input,6101,schema_valid,95.38346984363366
core,cluener,qwen3_8b_base,input,6101,strict_json,99.40431868950111
core,cluener,qwen3_8b_base,input,6101,native_eos_pct,99.77661950856292
core,cluener,qwen3_8b_base,input,6101,capped_pct,0.22338049143708116
core,cluener,qwen3_8b_base,input,6101,mean_generated_tokens,37.379746835443036
core,cluener,qwen3_8b_base,input,6102,primary,53.49222111883482
core,cluener,qwen3_8b_base,input,6102,span_precision_pct,54.41077441077441
core,cluener,qwen3_8b_base,input,6102,span_recall_pct,52.604166666666664
core,cluener,qwen3_8b_base,input,6102,text_micro_f1,54.45216815623966
core,cluener,qwen3_8b_base,input,6102,content_correct,23.38049143708116
core,cluener,qwen3_8b_base,input,6102,schema_valid,94.86224869694713
core,cluener,qwen3_8b_base,input,6102,strict_json,99.2553983618764
core,cluener,qwen3_8b_base,input,6102,native_eos_pct,99.70215934475056
core,cluener,qwen3_8b_base,input,6102,capped_pct,0.29784065524944153
core,cluener,qwen3_8b_base,input,6102,mean_generated_tokens,38.230081906180196
core,cluener,qwen3_8b_base,output,6100,primary,58.2059123343527
core,cluener,qwen3_8b_base,output,6100,span_precision_pct,60.87420042643923
core,cluener,qwen3_8b_base,output,6100,span_recall_pct,55.76171875
core,cluener,qwen3_8b_base,output,6100,text_micro_f1,59.25925925925926
core,cluener,qwen3_8b_base,output,6100,content_correct,28.59270290394639
core,cluener,qwen3_8b_base,output,6100,schema_valid,96.27699180938198
core,cluener,qwen3_8b_base,output,6100,strict_json,99.18093819806404
core,cluener,qwen3_8b_base,output,6100,native_eos_pct,99.32985852568876
core,cluener,qwen3_8b_base,output,6100,capped_pct,0.6701414743112435
core,cluener,qwen3_8b_base,output,6100,mean_generated_tokens,38.14594192107223
core,cluener,qwen3_8b_base,output,6101,primary,58.98866903433113
core,cluener,qwen3_8b_base,output,6101,span_precision_pct,61.38683562126012
core,cluener,qwen3_8b_base,output,6101,span_recall_pct,56.770833333333336
core,cluener,qwen3_8b_base,output,6101,text_micro_f1,60.03720615592762
core,cluener,qwen3_8b_base,output,6101,content_correct,28.66716306775875
core,cluener,qwen3_8b_base,output,6101,schema_valid,96.64929262844379
core,cluener,qwen3_8b_base,output,6101,strict_json,99.32985852568876
core,cluener,qwen3_8b_base,output,6101,native_eos_pct,99.32985852568876
core,cluener,qwen3_8b_base,output,6101,capped_pct,0.6701414743112435
core,cluener,qwen3_8b_base,output,6101,mean_generated_tokens,38.255398361876395
core,cluener,qwen3_8b_base,output,6102,primary,58.049509885363015
core,cluener,qwen3_8b_base,output,6102,span_precision_pct,59.280624363759756
core,cluener,qwen3_8b_base,output,6102,span_recall_pct,56.868489583333336
core,cluener,qwen3_8b_base,output,6102,text_micro_f1,59.278949991692976
core,cluener,qwen3_8b_base,output,6102,content_correct,26.358897989575578
core,cluener,qwen3_8b_base,output,6102,schema_valid,96.0536113179449
core,cluener,qwen3_8b_base,output,6102,strict_json,98.73417721518987
core,cluener,qwen3_8b_base,output,6102,native_eos_pct,98.80863737900223
core,cluener,qwen3_8b_base,output,6102,capped_pct,1.1913626209977661
core,cluener,qwen3_8b_base,output,6102,mean_generated_tokens,42.09903201787044
core,cluener,qwen3_8b_base,both,6100,primary,62.76067527308838
core,cluener,qwen3_8b_base,both,6100,span_precision_pct,63.83838383838384
core,cluener,qwen3_8b_base,both,6100,span_recall_pct,61.71875
core,cluener,qwen3_8b_base,both,6100,text_micro_f1,63.81992717643165
core,cluener,qwen3_8b_base,both,6100,content_correct,32.68801191362621
core,cluener,qwen3_8b_base,both,6100,schema_valid,97.1705137751303
core,cluener,qwen3_8b_base,both,6100,strict_json,99.77661950856292
core,cluener,qwen3_8b_base,both,6100,native_eos_pct,99.85107967237528
core,cluener,qwen3_8b_base,both,6100,capped_pct,0.14892032762472077
core,cluener,qwen3_8b_base,both,6100,mean_generated_tokens,37.000744601638125
core,cluener,qwen3_8b_base,both,6101,primary,61.87141947803946
core,cluener,qwen3_8b_base,both,6101,span_precision_pct,60.52303860523038
core,cluener,qwen3_8b_base,both,6101,span_recall_pct,63.28125
core,cluener,qwen3_8b_base,both,6101,text_micro_f1,63.017186505410564
core,cluener,qwen3_8b_base,both,6101,content_correct,30.454206999255398
core,cluener,qwen3_8b_base,both,6101,schema_valid,97.39389426656739
core,cluener,qwen3_8b_base,both,6101,strict_json,99.77661950856292
core,cluener,qwen3_8b_base,both,6101,native_eos_pct,99.85107967237528
core,cluener,qwen3_8b_base,both,6101,capped_pct,0.14892032762472077
core,cluener,qwen3_8b_base,both,6101,mean_generated_tokens,39.51228592702904
core,cluener,qwen3_8b_base,both,6102,primary,63.26002587322122
core,cluener,qwen3_8b_base,both,6102,span_precision_pct,62.853470437018
core,cluener,qwen3_8b_base,both,6102,span_recall_pct,63.671875
core,cluener,qwen3_8b_base,both,6102,text_micro_f1,64.32729624838292
core,cluener,qwen3_8b_base,both,6102,content_correct,31.720029784065524
core,cluener,qwen3_8b_base,both,6102,schema_valid,97.31943410275503
core,cluener,qwen3_8b_base,both,6102,strict_json,99.85107967237528
core,cluener,qwen3_8b_base,both,6102,native_eos_pct,99.85107967237528
core,cluener,qwen3_8b_base,both,6102,capped_pct,0.14892032762472077
core,cluener,qwen3_8b_base,both,6102,mean_generated_tokens,38.425912137006705
core,wikisql,qwen25_05b_base,base,,primary,0.0
core,wikisql,qwen25_05b_base,base,,lf_correct_pct,0.0
core,wikisql,qwen25_05b_base,base,,query_valid_pct,0.1953125
core,wikisql,qwen25_05b_base,base,,execution_ok_pct,0.09765625
core,wikisql,qwen25_05b_base,base,,empty_prediction_pct,0.09765625
core,wikisql,qwen25_05b_base,base,,strict_json_pct,5.37109375
core,wikisql,qwen25_05b_base,base,,native_eos_pct,97.94921875
core,wikisql,qwen25_05b_base,base,,capped_pct,2.05078125
core,wikisql,qwen25_05b_base,base,,mean_generated_tokens,9.015625
core,wikisql,qwen25_05b_base,hidden,7100,primary,35.9375
core,wikisql,qwen25_05b_base,hidden,7100,lf_correct_pct,29.296875
core,wikisql,qwen25_05b_base,hidden,7100,query_valid_pct,97.8515625
core,wikisql,qwen25_05b_base,hidden,7100,execution_ok_pct,92.48046875
core,wikisql,qwen25_05b_base,hidden,7100,empty_prediction_pct,37.109375
core,wikisql,qwen25_05b_base,hidden,7100,strict_json_pct,99.609375
core,wikisql,qwen25_05b_base,hidden,7100,native_eos_pct,99.90234375
core,wikisql,qwen25_05b_base,hidden,7100,capped_pct,0.09765625
core,wikisql,qwen25_05b_base,hidden,7100,mean_generated_tokens,26.08984375
core,wikisql,qwen25_05b_base,hidden,7101,primary,37.109375
core,wikisql,qwen25_05b_base,hidden,7101,lf_correct_pct,30.17578125
core,wikisql,qwen25_05b_base,hidden,7101,query_valid_pct,98.2421875
core,wikisql,qwen25_05b_base,hidden,7101,execution_ok_pct,92.96875
core,wikisql,qwen25_05b_base,hidden,7101,empty_prediction_pct,40.8203125
core,wikisql,qwen25_05b_base,hidden,7101,strict_json_pct,99.609375
core,wikisql,qwen25_05b_base,hidden,7101,native_eos_pct,100.0
core,wikisql,qwen25_05b_base,hidden,7101,capped_pct,0.0
core,wikisql,qwen25_05b_base,hidden,7101,mean_generated_tokens,25.748046875
core,wikisql,qwen25_05b_base,hidden,7102,primary,36.03515625
core,wikisql,qwen25_05b_base,hidden,7102,lf_correct_pct,29.58984375
core,wikisql,qwen25_05b_base,hidden,7102,query_valid_pct,98.33984375
core,wikisql,qwen25_05b_base,hidden,7102,execution_ok_pct,92.28515625
core,wikisql,qwen25_05b_base,hidden,7102,empty_prediction_pct,41.89453125
core,wikisql,qwen25_05b_base,hidden,7102,strict_json_pct,99.51171875
core,wikisql,qwen25_05b_base,hidden,7102,native_eos_pct,100.0
core,wikisql,qwen25_05b_base,hidden,7102,capped_pct,0.0
core,wikisql,qwen25_05b_base,hidden,7102,mean_generated_tokens,25.8134765625
core,wikisql,qwen25_05b_base,hidden_budget,7100,primary,36.03515625
core,wikisql,qwen25_05b_base,hidden_budget,7100,lf_correct_pct,29.58984375
core,wikisql,qwen25_05b_base,hidden_budget,7100,query_valid_pct,97.75390625
core,wikisql,qwen25_05b_base,hidden_budget,7100,execution_ok_pct,92.1875
core,wikisql,qwen25_05b_base,hidden_budget,7100,empty_prediction_pct,36.328125
core,wikisql,qwen25_05b_base,hidden_budget,7100,strict_json_pct,99.51171875
core,wikisql,qwen25_05b_base,hidden_budget,7100,native_eos_pct,99.90234375
core,wikisql,qwen25_05b_base,hidden_budget,7100,capped_pct,0.09765625
core,wikisql,qwen25_05b_base,hidden_budget,7100,mean_generated_tokens,26.13671875
core,wikisql,qwen25_05b_base,hidden_budget,7101,primary,37.59765625
core,wikisql,qwen25_05b_base,hidden_budget,7101,lf_correct_pct,30.56640625
core,wikisql,qwen25_05b_base,hidden_budget,7101,query_valid_pct,98.53515625
core,wikisql,qwen25_05b_base,hidden_budget,7101,execution_ok_pct,93.1640625
core,wikisql,qwen25_05b_base,hidden_budget,7101,empty_prediction_pct,41.11328125
core,wikisql,qwen25_05b_base,hidden_budget,7101,strict_json_pct,99.609375
core,wikisql,qwen25_05b_base,hidden_budget,7101,native_eos_pct,100.0
core,wikisql,qwen25_05b_base,hidden_budget,7101,capped_pct,0.0
core,wikisql,qwen25_05b_base,hidden_budget,7101,mean_generated_tokens,25.7392578125
core,wikisql,qwen25_05b_base,hidden_budget,7102,primary,35.83984375
core,wikisql,qwen25_05b_base,hidden_budget,7102,lf_correct_pct,29.39453125
core,wikisql,qwen25_05b_base,hidden_budget,7102,query_valid_pct,98.2421875
core,wikisql,qwen25_05b_base,hidden_budget,7102,execution_ok_pct,92.08984375
core,wikisql,qwen25_05b_base,hidden_budget,7102,empty_prediction_pct,41.6015625
core,wikisql,qwen25_05b_base,hidden_budget,7102,strict_json_pct,99.4140625
core,wikisql,qwen25_05b_base,hidden_budget,7102,native_eos_pct,100.0
core,wikisql,qwen25_05b_base,hidden_budget,7102,capped_pct,0.0
core,wikisql,qwen25_05b_base,hidden_budget,7102,mean_generated_tokens,25.859375
core,wikisql,qwen25_05b_base,hidden_input,7100,primary,37.98828125
core,wikisql,qwen25_05b_base,hidden_input,7100,lf_correct_pct,30.6640625
core,wikisql,qwen25_05b_base,hidden_input,7100,query_valid_pct,98.14453125
core,wikisql,qwen25_05b_base,hidden_input,7100,execution_ok_pct,93.84765625
core,wikisql,qwen25_05b_base,hidden_input,7100,empty_prediction_pct,33.59375
core,wikisql,qwen25_05b_base,hidden_input,7100,strict_json_pct,99.8046875
core,wikisql,qwen25_05b_base,hidden_input,7100,native_eos_pct,100.0
core,wikisql,qwen25_05b_base,hidden_input,7100,capped_pct,0.0
core,wikisql,qwen25_05b_base,hidden_input,7100,mean_generated_tokens,25.7958984375
core,wikisql,qwen25_05b_base,hidden_input,7101,primary,38.671875
core,wikisql,qwen25_05b_base,hidden_input,7101,lf_correct_pct,31.8359375
core,wikisql,qwen25_05b_base,hidden_input,7101,query_valid_pct,99.21875
core,wikisql,qwen25_05b_base,hidden_input,7101,execution_ok_pct,94.53125
core,wikisql,qwen25_05b_base,hidden_input,7101,empty_prediction_pct,41.30859375
core,wikisql,qwen25_05b_base,hidden_input,7101,strict_json_pct,99.90234375
core,wikisql,qwen25_05b_base,hidden_input,7101,native_eos_pct,100.0
core,wikisql,qwen25_05b_base,hidden_input,7101,capped_pct,0.0
core,wikisql,qwen25_05b_base,hidden_input,7101,mean_generated_tokens,25.87890625
core,wikisql,qwen25_05b_base,hidden_input,7102,primary,39.74609375
core,wikisql,qwen25_05b_base,hidden_input,7102,lf_correct_pct,33.10546875
core,wikisql,qwen25_05b_base,hidden_input,7102,query_valid_pct,98.046875
core,wikisql,qwen25_05b_base,hidden_input,7102,execution_ok_pct,93.06640625
core,wikisql,qwen25_05b_base,hidden_input,7102,empty_prediction_pct,37.890625
core,wikisql,qwen25_05b_base,hidden_input,7102,strict_json_pct,99.51171875
core,wikisql,qwen25_05b_base,hidden_input,7102,native_eos_pct,100.0
core,wikisql,qwen25_05b_base,hidden_input,7102,capped_pct,0.0
core,wikisql,qwen25_05b_base,hidden_input,7102,mean_generated_tokens,25.8779296875
core,wikisql,qwen25_05b_base,hidden_output,7100,primary,37.3046875
core,wikisql,qwen25_05b_base,hidden_output,7100,lf_correct_pct,30.46875
core,wikisql,qwen25_05b_base,hidden_output,7100,query_valid_pct,98.046875
core,wikisql,qwen25_05b_base,hidden_output,7100,execution_ok_pct,92.87109375
core,wikisql,qwen25_05b_base,hidden_output,7100,empty_prediction_pct,35.15625
core,wikisql,qwen25_05b_base,hidden_output,7100,strict_json_pct,99.609375
core,wikisql,qwen25_05b_base,hidden_output,7100,native_eos_pct,99.90234375
core,wikisql,qwen25_05b_base,hidden_output,7100,capped_pct,0.09765625
core,wikisql,qwen25_05b_base,hidden_output,7100,mean_generated_tokens,26.0732421875
core,wikisql,qwen25_05b_base,hidden_output,7101,primary,36.71875
core,wikisql,qwen25_05b_base,hidden_output,7101,lf_correct_pct,30.17578125
core,wikisql,qwen25_05b_base,hidden_output,7101,query_valid_pct,98.33984375
core,wikisql,qwen25_05b_base,hidden_output,7101,execution_ok_pct,92.96875
core,wikisql,qwen25_05b_base,hidden_output,7101,empty_prediction_pct,40.4296875
core,wikisql,qwen25_05b_base,hidden_output,7101,strict_json_pct,99.8046875
core,wikisql,qwen25_05b_base,hidden_output,7101,native_eos_pct,100.0
core,wikisql,qwen25_05b_base,hidden_output,7101,capped_pct,0.0
core,wikisql,qwen25_05b_base,hidden_output,7101,mean_generated_tokens,25.8212890625
core,wikisql,qwen25_05b_base,hidden_output,7102,primary,35.9375
core,wikisql,qwen25_05b_base,hidden_output,7102,lf_correct_pct,29.4921875
core,wikisql,qwen25_05b_base,hidden_output,7102,query_valid_pct,98.2421875
core,wikisql,qwen25_05b_base,hidden_output,7102,execution_ok_pct,91.9921875
core,wikisql,qwen25_05b_base,hidden_output,7102,empty_prediction_pct,40.91796875
core,wikisql,qwen25_05b_base,hidden_output,7102,strict_json_pct,99.4140625
core,wikisql,qwen25_05b_base,hidden_output,7102,native_eos_pct,100.0
core,wikisql,qwen25_05b_base,hidden_output,7102,capped_pct,0.0
core,wikisql,qwen25_05b_base,hidden_output,7102,mean_generated_tokens,25.884765625
core,wikisql,qwen25_05b_base,hidden_both,7100,primary,39.6484375
core,wikisql,qwen25_05b_base,hidden_both,7100,lf_correct_pct,32.71484375
core,wikisql,qwen25_05b_base,hidden_both,7100,query_valid_pct,98.14453125
core,wikisql,qwen25_05b_base,hidden_both,7100,execution_ok_pct,93.5546875
core,wikisql,qwen25_05b_base,hidden_both,7100,empty_prediction_pct,31.73828125
core,wikisql,qwen25_05b_base,hidden_both,7100,strict_json_pct,99.70703125
core,wikisql,qwen25_05b_base,hidden_both,7100,native_eos_pct,100.0
core,wikisql,qwen25_05b_base,hidden_both,7100,capped_pct,0.0
core,wikisql,qwen25_05b_base,hidden_both,7100,mean_generated_tokens,25.798828125
core,wikisql,qwen25_05b_base,hidden_both,7101,primary,38.0859375
core,wikisql,qwen25_05b_base,hidden_both,7101,lf_correct_pct,31.73828125
core,wikisql,qwen25_05b_base,hidden_both,7101,query_valid_pct,98.73046875
core,wikisql,qwen25_05b_base,hidden_both,7101,execution_ok_pct,94.23828125
core,wikisql,qwen25_05b_base,hidden_both,7101,empty_prediction_pct,39.84375
core,wikisql,qwen25_05b_base,hidden_both,7101,strict_json_pct,99.609375
core,wikisql,qwen25_05b_base,hidden_both,7101,native_eos_pct,100.0
core,wikisql,qwen25_05b_base,hidden_both,7101,capped_pct,0.0
core,wikisql,qwen25_05b_base,hidden_both,7101,mean_generated_tokens,25.896484375
core,wikisql,qwen25_05b_base,hidden_both,7102,primary,37.890625
core,wikisql,qwen25_05b_base,hidden_both,7102,lf_correct_pct,31.25
core,wikisql,qwen25_05b_base,hidden_both,7102,query_valid_pct,98.33984375
core,wikisql,qwen25_05b_base,hidden_both,7102,execution_ok_pct,93.26171875
core,wikisql,qwen25_05b_base,hidden_both,7102,empty_prediction_pct,40.13671875
core,wikisql,qwen25_05b_base,hidden_both,7102,strict_json_pct,99.51171875
core,wikisql,qwen25_05b_base,hidden_both,7102,native_eos_pct,100.0
core,wikisql,qwen25_05b_base,hidden_both,7102,capped_pct,0.0
core,wikisql,qwen25_05b_base,hidden_both,7102,mean_generated_tokens,25.9130859375
core,wikisql,qwen25_05b_base,input,7100,primary,7.2265625
core,wikisql,qwen25_05b_base,input,7100,lf_correct_pct,5.2734375
core,wikisql,qwen25_05b_base,input,7100,query_valid_pct,95.60546875
core,wikisql,qwen25_05b_base,input,7100,execution_ok_pct,89.35546875
core,wikisql,qwen25_05b_base,input,7100,empty_prediction_pct,71.6796875
core,wikisql,qwen25_05b_base,input,7100,strict_json_pct,97.265625
core,wikisql,qwen25_05b_base,input,7100,native_eos_pct,99.70703125
core,wikisql,qwen25_05b_base,input,7100,capped_pct,0.29296875
core,wikisql,qwen25_05b_base,input,7100,mean_generated_tokens,26.0341796875
core,wikisql,qwen25_05b_base,input,7101,primary,7.03125
core,wikisql,qwen25_05b_base,input,7101,lf_correct_pct,4.4921875
core,wikisql,qwen25_05b_base,input,7101,query_valid_pct,95.8984375
core,wikisql,qwen25_05b_base,input,7101,execution_ok_pct,88.96484375
core,wikisql,qwen25_05b_base,input,7101,empty_prediction_pct,71.97265625
core,wikisql,qwen25_05b_base,input,7101,strict_json_pct,97.36328125
core,wikisql,qwen25_05b_base,input,7101,native_eos_pct,99.21875
core,wikisql,qwen25_05b_base,input,7101,capped_pct,0.78125
core,wikisql,qwen25_05b_base,input,7101,mean_generated_tokens,28.3857421875
core,wikisql,qwen25_05b_base,input,7102,primary,6.8359375
core,wikisql,qwen25_05b_base,input,7102,lf_correct_pct,5.17578125
core,wikisql,qwen25_05b_base,input,7102,query_valid_pct,93.9453125
core,wikisql,qwen25_05b_base,input,7102,execution_ok_pct,88.18359375
core,wikisql,qwen25_05b_base,input,7102,empty_prediction_pct,69.7265625
core,wikisql,qwen25_05b_base,input,7102,strict_json_pct,95.21484375
core,wikisql,qwen25_05b_base,input,7102,native_eos_pct,98.4375
core,wikisql,qwen25_05b_base,input,7102,capped_pct,1.5625
core,wikisql,qwen25_05b_base,input,7102,mean_generated_tokens,28.291015625
core,wikisql,qwen25_05b_base,output,7100,primary,1.66015625
core,wikisql,qwen25_05b_base,output,7100,lf_correct_pct,0.5859375
core,wikisql,qwen25_05b_base,output,7100,query_valid_pct,96.875
core,wikisql,qwen25_05b_base,output,7100,execution_ok_pct,83.30078125
core,wikisql,qwen25_05b_base,output,7100,empty_prediction_pct,71.97265625
core,wikisql,qwen25_05b_base,output,7100,strict_json_pct,97.36328125
core,wikisql,qwen25_05b_base,output,7100,native_eos_pct,97.36328125
core,wikisql,qwen25_05b_base,output,7100,capped_pct,2.63671875
core,wikisql,qwen25_05b_base,output,7100,mean_generated_tokens,29.4853515625
core,wikisql,qwen25_05b_base,output,7101,primary,1.7578125
core,wikisql,qwen25_05b_base,output,7101,lf_correct_pct,0.68359375
core,wikisql,qwen25_05b_base,output,7101,query_valid_pct,98.33984375
core,wikisql,qwen25_05b_base,output,7101,execution_ok_pct,89.16015625
core,wikisql,qwen25_05b_base,output,7101,empty_prediction_pct,78.125
core,wikisql,qwen25_05b_base,output,7101,strict_json_pct,98.53515625
core,wikisql,qwen25_05b_base,output,7101,native_eos_pct,98.6328125
core,wikisql,qwen25_05b_base,output,7101,capped_pct,1.3671875
core,wikisql,qwen25_05b_base,output,7101,mean_generated_tokens,25.904296875
core,wikisql,qwen25_05b_base,output,7102,primary,0.87890625
core,wikisql,qwen25_05b_base,output,7102,lf_correct_pct,0.29296875
core,wikisql,qwen25_05b_base,output,7102,query_valid_pct,98.4375
core,wikisql,qwen25_05b_base,output,7102,execution_ok_pct,85.3515625
core,wikisql,qwen25_05b_base,output,7102,empty_prediction_pct,75.0
core,wikisql,qwen25_05b_base,output,7102,strict_json_pct,98.73046875
core,wikisql,qwen25_05b_base,output,7102,native_eos_pct,98.92578125
core,wikisql,qwen25_05b_base,output,7102,capped_pct,1.07421875
core,wikisql,qwen25_05b_base,output,7102,mean_generated_tokens,25.8291015625
core,wikisql,qwen25_05b_base,both,7100,primary,6.73828125
core,wikisql,qwen25_05b_base,both,7100,lf_correct_pct,5.078125
core,wikisql,qwen25_05b_base,both,7100,query_valid_pct,98.73046875
core,wikisql,qwen25_05b_base,both,7100,execution_ok_pct,86.62109375
core,wikisql,qwen25_05b_base,both,7100,empty_prediction_pct,71.38671875
core,wikisql,qwen25_05b_base,both,7100,strict_json_pct,99.21875
core,wikisql,qwen25_05b_base,both,7100,native_eos_pct,99.8046875
core,wikisql,qwen25_05b_base,both,7100,capped_pct,0.1953125
core,wikisql,qwen25_05b_base,both,7100,mean_generated_tokens,26.0537109375
core,wikisql,qwen25_05b_base,both,7101,primary,7.71484375
core,wikisql,qwen25_05b_base,both,7101,lf_correct_pct,5.76171875
core,wikisql,qwen25_05b_base,both,7101,query_valid_pct,98.6328125
core,wikisql,qwen25_05b_base,both,7101,execution_ok_pct,88.37890625
core,wikisql,qwen25_05b_base,both,7101,empty_prediction_pct,67.7734375
core,wikisql,qwen25_05b_base,both,7101,strict_json_pct,99.0234375
core,wikisql,qwen25_05b_base,both,7101,native_eos_pct,99.51171875
core,wikisql,qwen25_05b_base,both,7101,capped_pct,0.48828125
core,wikisql,qwen25_05b_base,both,7101,mean_generated_tokens,25.54296875
core,wikisql,qwen25_05b_base,both,7102,primary,8.0078125
core,wikisql,qwen25_05b_base,both,7102,lf_correct_pct,6.25
core,wikisql,qwen25_05b_base,both,7102,query_valid_pct,99.0234375
core,wikisql,qwen25_05b_base,both,7102,execution_ok_pct,86.9140625
core,wikisql,qwen25_05b_base,both,7102,empty_prediction_pct,68.5546875
core,wikisql,qwen25_05b_base,both,7102,strict_json_pct,99.4140625
core,wikisql,qwen25_05b_base,both,7102,native_eos_pct,99.90234375
core,wikisql,qwen25_05b_base,both,7102,capped_pct,0.09765625
core,wikisql,qwen25_05b_base,both,7102,mean_generated_tokens,25.09375
core,wikisql,qwen25_15b_base,base,,primary,7.12890625
core,wikisql,qwen25_15b_base,base,,lf_correct_pct,1.26953125
core,wikisql,qwen25_15b_base,base,,query_valid_pct,95.1171875
core,wikisql,qwen25_15b_base,base,,execution_ok_pct,94.7265625
core,wikisql,qwen25_15b_base,base,,empty_prediction_pct,28.02734375
core,wikisql,qwen25_15b_base,base,,strict_json_pct,94.921875
core,wikisql,qwen25_15b_base,base,,native_eos_pct,97.4609375
core,wikisql,qwen25_15b_base,base,,capped_pct,2.5390625
core,wikisql,qwen25_15b_base,base,,mean_generated_tokens,30.6572265625
core,wikisql,qwen25_15b_base,hidden,7100,primary,70.80078125
core,wikisql,qwen25_15b_base,hidden,7100,lf_correct_pct,64.94140625
core,wikisql,qwen25_15b_base,hidden,7100,query_valid_pct,98.4375
core,wikisql,qwen25_15b_base,hidden,7100,execution_ok_pct,97.94921875
core,wikisql,qwen25_15b_base,hidden,7100,empty_prediction_pct,15.13671875
core,wikisql,qwen25_15b_base,hidden,7100,strict_json_pct,99.90234375
core,wikisql,qwen25_15b_base,hidden,7100,native_eos_pct,100.0
core,wikisql,qwen25_15b_base,hidden,7100,capped_pct,0.0
core,wikisql,qwen25_15b_base,hidden,7100,mean_generated_tokens,25.826171875
core,wikisql,qwen25_15b_base,hidden,7101,primary,69.82421875
core,wikisql,qwen25_15b_base,hidden,7101,lf_correct_pct,64.0625
core,wikisql,qwen25_15b_base,hidden,7101,query_valid_pct,98.4375
core,wikisql,qwen25_15b_base,hidden,7101,execution_ok_pct,98.33984375
core,wikisql,qwen25_15b_base,hidden,7101,empty_prediction_pct,14.55078125
core,wikisql,qwen25_15b_base,hidden,7101,strict_json_pct,99.8046875
core,wikisql,qwen25_15b_base,hidden,7101,native_eos_pct,99.90234375
core,wikisql,qwen25_15b_base,hidden,7101,capped_pct,0.09765625
core,wikisql,qwen25_15b_base,hidden,7101,mean_generated_tokens,26.1572265625
core,wikisql,qwen25_15b_base,hidden,7102,primary,70.80078125
core,wikisql,qwen25_15b_base,hidden,7102,lf_correct_pct,65.33203125
core,wikisql,qwen25_15b_base,hidden,7102,query_valid_pct,98.6328125
core,wikisql,qwen25_15b_base,hidden,7102,execution_ok_pct,98.2421875
core,wikisql,qwen25_15b_base,hidden,7102,empty_prediction_pct,15.4296875
core,wikisql,qwen25_15b_base,hidden,7102,strict_json_pct,99.8046875
core,wikisql,qwen25_15b_base,hidden,7102,native_eos_pct,99.90234375
core,wikisql,qwen25_15b_base,hidden,7102,capped_pct,0.09765625
core,wikisql,qwen25_15b_base,hidden,7102,mean_generated_tokens,26.1728515625
core,wikisql,qwen25_15b_base,hidden_budget,7100,primary,70.8984375
core,wikisql,qwen25_15b_base,hidden_budget,7100,lf_correct_pct,64.94140625
core,wikisql,qwen25_15b_base,hidden_budget,7100,query_valid_pct,98.4375
core,wikisql,qwen25_15b_base,hidden_budget,7100,execution_ok_pct,98.046875
core,wikisql,qwen25_15b_base,hidden_budget,7100,empty_prediction_pct,15.33203125
core,wikisql,qwen25_15b_base,hidden_budget,7100,strict_json_pct,99.90234375
core,wikisql,qwen25_15b_base,hidden_budget,7100,native_eos_pct,100.0
core,wikisql,qwen25_15b_base,hidden_budget,7100,capped_pct,0.0
core,wikisql,qwen25_15b_base,hidden_budget,7100,mean_generated_tokens,25.8486328125
core,wikisql,qwen25_15b_base,hidden_budget,7101,primary,70.1171875
core,wikisql,qwen25_15b_base,hidden_budget,7101,lf_correct_pct,64.35546875
core,wikisql,qwen25_15b_base,hidden_budget,7101,query_valid_pct,98.53515625
core,wikisql,qwen25_15b_base,hidden_budget,7101,execution_ok_pct,98.4375
core,wikisql,qwen25_15b_base,hidden_budget,7101,empty_prediction_pct,14.35546875
core,wikisql,qwen25_15b_base,hidden_budget,7101,strict_json_pct,99.90234375
core,wikisql,qwen25_15b_base,hidden_budget,7101,native_eos_pct,99.90234375
core,wikisql,qwen25_15b_base,hidden_budget,7101,capped_pct,0.09765625
core,wikisql,qwen25_15b_base,hidden_budget,7101,mean_generated_tokens,26.16796875
core,wikisql,qwen25_15b_base,hidden_budget,7102,primary,71.38671875
core,wikisql,qwen25_15b_base,hidden_budget,7102,lf_correct_pct,65.8203125
core,wikisql,qwen25_15b_base,hidden_budget,7102,query_valid_pct,98.53515625
core,wikisql,qwen25_15b_base,hidden_budget,7102,execution_ok_pct,98.14453125
core,wikisql,qwen25_15b_base,hidden_budget,7102,empty_prediction_pct,15.0390625
core,wikisql,qwen25_15b_base,hidden_budget,7102,strict_json_pct,99.70703125
core,wikisql,qwen25_15b_base,hidden_budget,7102,native_eos_pct,99.90234375
core,wikisql,qwen25_15b_base,hidden_budget,7102,capped_pct,0.09765625
core,wikisql,qwen25_15b_base,hidden_budget,7102,mean_generated_tokens,26.14453125
core,wikisql,qwen25_15b_base,hidden_both,7100,primary,73.046875
core,wikisql,qwen25_15b_base,hidden_both,7100,lf_correct_pct,67.67578125
core,wikisql,qwen25_15b_base,hidden_both,7100,query_valid_pct,98.33984375
core,wikisql,qwen25_15b_base,hidden_both,7100,execution_ok_pct,98.33984375
core,wikisql,qwen25_15b_base,hidden_both,7100,empty_prediction_pct,13.0859375
core,wikisql,qwen25_15b_base,hidden_both,7100,strict_json_pct,99.90234375
core,wikisql,qwen25_15b_base,hidden_both,7100,native_eos_pct,100.0
core,wikisql,qwen25_15b_base,hidden_both,7100,capped_pct,0.0
core,wikisql,qwen25_15b_base,hidden_both,7100,mean_generated_tokens,25.8955078125
core,wikisql,qwen25_15b_base,hidden_both,7101,primary,73.14453125
core,wikisql,qwen25_15b_base,hidden_both,7101,lf_correct_pct,68.75
core,wikisql,qwen25_15b_base,hidden_both,7101,query_valid_pct,98.046875
core,wikisql,qwen25_15b_base,hidden_both,7101,execution_ok_pct,97.75390625
core,wikisql,qwen25_15b_base,hidden_both,7101,empty_prediction_pct,12.98828125
core,wikisql,qwen25_15b_base,hidden_both,7101,strict_json_pct,99.4140625
core,wikisql,qwen25_15b_base,hidden_both,7101,native_eos_pct,99.90234375
core,wikisql,qwen25_15b_base,hidden_both,7101,capped_pct,0.09765625
core,wikisql,qwen25_15b_base,hidden_both,7101,mean_generated_tokens,26.2294921875
core,wikisql,qwen25_15b_base,hidden_both,7102,primary,72.16796875
core,wikisql,qwen25_15b_base,hidden_both,7102,lf_correct_pct,67.1875
core,wikisql,qwen25_15b_base,hidden_both,7102,query_valid_pct,98.6328125
core,wikisql,qwen25_15b_base,hidden_both,7102,execution_ok_pct,98.4375
core,wikisql,qwen25_15b_base,hidden_both,7102,empty_prediction_pct,13.28125
core,wikisql,qwen25_15b_base,hidden_both,7102,strict_json_pct,100.0
core,wikisql,qwen25_15b_base,hidden_both,7102,native_eos_pct,100.0
core,wikisql,qwen25_15b_base,hidden_both,7102,capped_pct,0.0
core,wikisql,qwen25_15b_base,hidden_both,7102,mean_generated_tokens,25.8779296875
core,wikisql,qwen25_3b_base,base,,primary,6.640625
core,wikisql,qwen25_3b_base,base,,lf_correct_pct,3.90625
core,wikisql,qwen25_3b_base,base,,query_valid_pct,31.15234375
core,wikisql,qwen25_3b_base,base,,execution_ok_pct,30.17578125
core,wikisql,qwen25_3b_base,base,,empty_prediction_pct,7.6171875
core,wikisql,qwen25_3b_base,base,,strict_json_pct,89.0625
core,wikisql,qwen25_3b_base,base,,native_eos_pct,94.62890625
core,wikisql,qwen25_3b_base,base,,capped_pct,5.37109375
core,wikisql,qwen25_3b_base,base,,mean_generated_tokens,50.953125
core,wikisql,qwen25_3b_base,hidden,7100,primary,76.171875
core,wikisql,qwen25_3b_base,hidden,7100,lf_correct_pct,69.43359375
core,wikisql,qwen25_3b_base,hidden,7100,query_valid_pct,99.70703125
core,wikisql,qwen25_3b_base,hidden,7100,execution_ok_pct,99.51171875
core,wikisql,qwen25_3b_base,hidden,7100,empty_prediction_pct,11.81640625
core,wikisql,qwen25_3b_base,hidden,7100,strict_json_pct,99.90234375
core,wikisql,qwen25_3b_base,hidden,7100,native_eos_pct,100.0
core,wikisql,qwen25_3b_base,hidden,7100,capped_pct,0.0
core,wikisql,qwen25_3b_base,hidden,7100,mean_generated_tokens,25.6318359375
core,wikisql,qwen25_3b_base,hidden,7101,primary,76.953125
core,wikisql,qwen25_3b_base,hidden,7101,lf_correct_pct,70.3125
core,wikisql,qwen25_3b_base,hidden,7101,query_valid_pct,99.8046875
core,wikisql,qwen25_3b_base,hidden,7101,execution_ok_pct,99.70703125
core,wikisql,qwen25_3b_base,hidden,7101,empty_prediction_pct,11.23046875
core,wikisql,qwen25_3b_base,hidden,7101,strict_json_pct,99.90234375
core,wikisql,qwen25_3b_base,hidden,7101,native_eos_pct,100.0
core,wikisql,qwen25_3b_base,hidden,7101,capped_pct,0.0
core,wikisql,qwen25_3b_base,hidden,7101,mean_generated_tokens,25.828125
core,wikisql,qwen25_3b_base,hidden,7102,primary,77.5390625
core,wikisql,qwen25_3b_base,hidden,7102,lf_correct_pct,71.484375
core,wikisql,qwen25_3b_base,hidden,7102,query_valid_pct,99.70703125
core,wikisql,qwen25_3b_base,hidden,7102,execution_ok_pct,99.609375
core,wikisql,qwen25_3b_base,hidden,7102,empty_prediction_pct,10.7421875
core,wikisql,qwen25_3b_base,hidden,7102,strict_json_pct,99.90234375
core,wikisql,qwen25_3b_base,hidden,7102,native_eos_pct,100.0
core,wikisql,qwen25_3b_base,hidden,7102,capped_pct,0.0
core,wikisql,qwen25_3b_base,hidden,7102,mean_generated_tokens,25.8544921875
core,wikisql,qwen25_3b_base,hidden_budget,7100,primary,76.171875
core,wikisql,qwen25_3b_base,hidden_budget,7100,lf_correct_pct,69.23828125
core,wikisql,qwen25_3b_base,hidden_budget,7100,query_valid_pct,99.4140625
core,wikisql,qwen25_3b_base,hidden_budget,7100,execution_ok_pct,99.31640625
core,wikisql,qwen25_3b_base,hidden_budget,7100,empty_prediction_pct,11.71875
core,wikisql,qwen25_3b_base,hidden_budget,7100,strict_json_pct,99.90234375
core,wikisql,qwen25_3b_base,hidden_budget,7100,native_eos_pct,100.0
core,wikisql,qwen25_3b_base,hidden_budget,7100,capped_pct,0.0
core,wikisql,qwen25_3b_base,hidden_budget,7100,mean_generated_tokens,25.5966796875
core,wikisql,qwen25_3b_base,hidden_budget,7101,primary,76.5625
core,wikisql,qwen25_3b_base,hidden_budget,7101,lf_correct_pct,69.921875
core,wikisql,qwen25_3b_base,hidden_budget,7101,query_valid_pct,99.8046875
core,wikisql,qwen25_3b_base,hidden_budget,7101,execution_ok_pct,99.70703125
core,wikisql,qwen25_3b_base,hidden_budget,7101,empty_prediction_pct,11.42578125
core,wikisql,qwen25_3b_base,hidden_budget,7101,strict_json_pct,99.90234375
core,wikisql,qwen25_3b_base,hidden_budget,7101,native_eos_pct,100.0
core,wikisql,qwen25_3b_base,hidden_budget,7101,capped_pct,0.0
core,wikisql,qwen25_3b_base,hidden_budget,7101,mean_generated_tokens,25.8056640625
core,wikisql,qwen25_3b_base,hidden_budget,7102,primary,76.7578125
core,wikisql,qwen25_3b_base,hidden_budget,7102,lf_correct_pct,70.8984375
core,wikisql,qwen25_3b_base,hidden_budget,7102,query_valid_pct,99.4140625
core,wikisql,qwen25_3b_base,hidden_budget,7102,execution_ok_pct,99.31640625
core,wikisql,qwen25_3b_base,hidden_budget,7102,empty_prediction_pct,11.23046875
core,wikisql,qwen25_3b_base,hidden_budget,7102,strict_json_pct,99.70703125
core,wikisql,qwen25_3b_base,hidden_budget,7102,native_eos_pct,100.0
core,wikisql,qwen25_3b_base,hidden_budget,7102,capped_pct,0.0
core,wikisql,qwen25_3b_base,hidden_budget,7102,mean_generated_tokens,25.8232421875
core,wikisql,qwen25_3b_base,hidden_both,7100,primary,77.83203125
core,wikisql,qwen25_3b_base,hidden_both,7100,lf_correct_pct,71.6796875
core,wikisql,qwen25_3b_base,hidden_both,7100,query_valid_pct,99.8046875
core,wikisql,qwen25_3b_base,hidden_both,7100,execution_ok_pct,99.8046875
core,wikisql,qwen25_3b_base,hidden_both,7100,empty_prediction_pct,10.83984375
core,wikisql,qwen25_3b_base,hidden_both,7100,strict_json_pct,100.0
core,wikisql,qwen25_3b_base,hidden_both,7100,native_eos_pct,100.0
core,wikisql,qwen25_3b_base,hidden_both,7100,capped_pct,0.0
core,wikisql,qwen25_3b_base,hidden_both,7100,mean_generated_tokens,25.66796875
core,wikisql,qwen25_3b_base,hidden_both,7101,primary,77.83203125
core,wikisql,qwen25_3b_base,hidden_both,7101,lf_correct_pct,72.0703125
core,wikisql,qwen25_3b_base,hidden_both,7101,query_valid_pct,99.8046875
core,wikisql,qwen25_3b_base,hidden_both,7101,execution_ok_pct,99.8046875
core,wikisql,qwen25_3b_base,hidden_both,7101,empty_prediction_pct,10.64453125
core,wikisql,qwen25_3b_base,hidden_both,7101,strict_json_pct,99.90234375
core,wikisql,qwen25_3b_base,hidden_both,7101,native_eos_pct,100.0
core,wikisql,qwen25_3b_base,hidden_both,7101,capped_pct,0.0
core,wikisql,qwen25_3b_base,hidden_both,7101,mean_generated_tokens,25.74609375
core,wikisql,qwen25_3b_base,hidden_both,7102,primary,77.9296875
core,wikisql,qwen25_3b_base,hidden_both,7102,lf_correct_pct,71.77734375
core,wikisql,qwen25_3b_base,hidden_both,7102,query_valid_pct,99.609375
core,wikisql,qwen25_3b_base,hidden_both,7102,execution_ok_pct,99.51171875
core,wikisql,qwen25_3b_base,hidden_both,7102,empty_prediction_pct,10.25390625
core,wikisql,qwen25_3b_base,hidden_both,7102,strict_json_pct,99.8046875
core,wikisql,qwen25_3b_base,hidden_both,7102,native_eos_pct,99.90234375
core,wikisql,qwen25_3b_base,hidden_both,7102,capped_pct,0.09765625
core,wikisql,qwen25_3b_base,hidden_both,7102,mean_generated_tokens,26.1064453125
core,wikisql,qwen25_7b_base,base,,primary,50.29296875
core,wikisql,qwen25_7b_base,base,,lf_correct_pct,42.1875
core,wikisql,qwen25_7b_base,base,,query_valid_pct,99.31640625
core,wikisql,qwen25_7b_base,base,,execution_ok_pct,98.92578125
core,wikisql,qwen25_7b_base,base,,empty_prediction_pct,22.265625
core,wikisql,qwen25_7b_base,base,,strict_json_pct,98.33984375
core,wikisql,qwen25_7b_base,base,,native_eos_pct,99.8046875
core,wikisql,qwen25_7b_base,base,,capped_pct,0.1953125
core,wikisql,qwen25_7b_base,base,,mean_generated_tokens,34.80859375
core,wikisql,qwen25_7b_base,hidden,7100,primary,81.4453125
core,wikisql,qwen25_7b_base,hidden,7100,lf_correct_pct,75.68359375
core,wikisql,qwen25_7b_base,hidden,7100,query_valid_pct,99.90234375
core,wikisql,qwen25_7b_base,hidden,7100,execution_ok_pct,99.90234375
core,wikisql,qwen25_7b_base,hidden,7100,empty_prediction_pct,9.5703125
core,wikisql,qwen25_7b_base,hidden,7100,strict_json_pct,100.0
core,wikisql,qwen25_7b_base,hidden,7100,native_eos_pct,100.0
core,wikisql,qwen25_7b_base,hidden,7100,capped_pct,0.0
core,wikisql,qwen25_7b_base,hidden,7100,mean_generated_tokens,25.8095703125
core,wikisql,qwen25_7b_base,hidden,7101,primary,81.8359375
core,wikisql,qwen25_7b_base,hidden,7101,lf_correct_pct,75.29296875
core,wikisql,qwen25_7b_base,hidden,7101,query_valid_pct,100.0
core,wikisql,qwen25_7b_base,hidden,7101,execution_ok_pct,99.90234375
core,wikisql,qwen25_7b_base,hidden,7101,empty_prediction_pct,8.59375
core,wikisql,qwen25_7b_base,hidden,7101,strict_json_pct,100.0
core,wikisql,qwen25_7b_base,hidden,7101,native_eos_pct,100.0
core,wikisql,qwen25_7b_base,hidden,7101,capped_pct,0.0
core,wikisql,qwen25_7b_base,hidden,7101,mean_generated_tokens,25.796875
core,wikisql,qwen25_7b_base,hidden,7102,primary,81.25
core,wikisql,qwen25_7b_base,hidden,7102,lf_correct_pct,75.5859375
core,wikisql,qwen25_7b_base,hidden,7102,query_valid_pct,100.0
core,wikisql,qwen25_7b_base,hidden,7102,execution_ok_pct,99.90234375
core,wikisql,qwen25_7b_base,hidden,7102,empty_prediction_pct,9.47265625
core,wikisql,qwen25_7b_base,hidden,7102,strict_json_pct,100.0
core,wikisql,qwen25_7b_base,hidden,7102,native_eos_pct,100.0
core,wikisql,qwen25_7b_base,hidden,7102,capped_pct,0.0
core,wikisql,qwen25_7b_base,hidden,7102,mean_generated_tokens,25.8125
core,wikisql,qwen25_7b_base,hidden_budget,7100,primary,81.0546875
core,wikisql,qwen25_7b_base,hidden_budget,7100,lf_correct_pct,75.390625
core,wikisql,qwen25_7b_base,hidden_budget,7100,query_valid_pct,100.0
core,wikisql,qwen25_7b_base,hidden_budget,7100,execution_ok_pct,100.0
core,wikisql,qwen25_7b_base,hidden_budget,7100,empty_prediction_pct,9.66796875
core,wikisql,qwen25_7b_base,hidden_budget,7100,strict_json_pct,100.0
core,wikisql,qwen25_7b_base,hidden_budget,7100,native_eos_pct,100.0
core,wikisql,qwen25_7b_base,hidden_budget,7100,capped_pct,0.0
core,wikisql,qwen25_7b_base,hidden_budget,7100,mean_generated_tokens,25.80859375
core,wikisql,qwen25_7b_base,hidden_budget,7101,primary,81.8359375
core,wikisql,qwen25_7b_base,hidden_budget,7101,lf_correct_pct,75.68359375
core,wikisql,qwen25_7b_base,hidden_budget,7101,query_valid_pct,100.0
core,wikisql,qwen25_7b_base,hidden_budget,7101,execution_ok_pct,99.90234375
core,wikisql,qwen25_7b_base,hidden_budget,7101,empty_prediction_pct,8.59375
core,wikisql,qwen25_7b_base,hidden_budget,7101,strict_json_pct,100.0
core,wikisql,qwen25_7b_base,hidden_budget,7101,native_eos_pct,100.0
core,wikisql,qwen25_7b_base,hidden_budget,7101,capped_pct,0.0
core,wikisql,qwen25_7b_base,hidden_budget,7101,mean_generated_tokens,25.7861328125
core,wikisql,qwen25_7b_base,hidden_budget,7102,primary,81.0546875
core,wikisql,qwen25_7b_base,hidden_budget,7102,lf_correct_pct,75.5859375
core,wikisql,qwen25_7b_base,hidden_budget,7102,query_valid_pct,100.0
core,wikisql,qwen25_7b_base,hidden_budget,7102,execution_ok_pct,99.90234375
core,wikisql,qwen25_7b_base,hidden_budget,7102,empty_prediction_pct,9.66796875
core,wikisql,qwen25_7b_base,hidden_budget,7102,strict_json_pct,100.0
core,wikisql,qwen25_7b_base,hidden_budget,7102,native_eos_pct,100.0
core,wikisql,qwen25_7b_base,hidden_budget,7102,capped_pct,0.0
core,wikisql,qwen25_7b_base,hidden_budget,7102,mean_generated_tokens,25.8046875
core,wikisql,qwen25_7b_base,hidden_input,7100,primary,81.25
core,wikisql,qwen25_7b_base,hidden_input,7100,lf_correct_pct,75.29296875
core,wikisql,qwen25_7b_base,hidden_input,7100,query_valid_pct,99.90234375
core,wikisql,qwen25_7b_base,hidden_input,7100,execution_ok_pct,99.90234375
core,wikisql,qwen25_7b_base,hidden_input,7100,empty_prediction_pct,9.66796875
core,wikisql,qwen25_7b_base,hidden_input,7100,strict_json_pct,100.0
core,wikisql,qwen25_7b_base,hidden_input,7100,native_eos_pct,100.0
core,wikisql,qwen25_7b_base,hidden_input,7100,capped_pct,0.0
core,wikisql,qwen25_7b_base,hidden_input,7100,mean_generated_tokens,25.890625
core,wikisql,qwen25_7b_base,hidden_input,7101,primary,82.91015625
core,wikisql,qwen25_7b_base,hidden_input,7101,lf_correct_pct,77.24609375
core,wikisql,qwen25_7b_base,hidden_input,7101,query_valid_pct,99.90234375
core,wikisql,qwen25_7b_base,hidden_input,7101,execution_ok_pct,99.90234375
core,wikisql,qwen25_7b_base,hidden_input,7101,empty_prediction_pct,7.71484375
core,wikisql,qwen25_7b_base,hidden_input,7101,strict_json_pct,99.90234375
core,wikisql,qwen25_7b_base,hidden_input,7101,native_eos_pct,100.0
core,wikisql,qwen25_7b_base,hidden_input,7101,capped_pct,0.0
core,wikisql,qwen25_7b_base,hidden_input,7101,mean_generated_tokens,25.8291015625
core,wikisql,qwen25_7b_base,hidden_input,7102,primary,81.4453125
core,wikisql,qwen25_7b_base,hidden_input,7102,lf_correct_pct,76.26953125
core,wikisql,qwen25_7b_base,hidden_input,7102,query_valid_pct,100.0
core,wikisql,qwen25_7b_base,hidden_input,7102,execution_ok_pct,100.0
core,wikisql,qwen25_7b_base,hidden_input,7102,empty_prediction_pct,9.86328125
core,wikisql,qwen25_7b_base,hidden_input,7102,strict_json_pct,100.0
core,wikisql,qwen25_7b_base,hidden_input,7102,native_eos_pct,100.0
core,wikisql,qwen25_7b_base,hidden_input,7102,capped_pct,0.0
core,wikisql,qwen25_7b_base,hidden_input,7102,mean_generated_tokens,25.853515625
core,wikisql,qwen25_7b_base,hidden_output,7100,primary,81.8359375
core,wikisql,qwen25_7b_base,hidden_output,7100,lf_correct_pct,76.07421875
core,wikisql,qwen25_7b_base,hidden_output,7100,query_valid_pct,99.90234375
core,wikisql,qwen25_7b_base,hidden_output,7100,execution_ok_pct,99.90234375
core,wikisql,qwen25_7b_base,hidden_output,7100,empty_prediction_pct,8.984375
core,wikisql,qwen25_7b_base,hidden_output,7100,strict_json_pct,100.0
core,wikisql,qwen25_7b_base,hidden_output,7100,native_eos_pct,100.0
core,wikisql,qwen25_7b_base,hidden_output,7100,capped_pct,0.0
core,wikisql,qwen25_7b_base,hidden_output,7100,mean_generated_tokens,25.814453125
core,wikisql,qwen25_7b_base,hidden_output,7101,primary,82.32421875
core,wikisql,qwen25_7b_base,hidden_output,7101,lf_correct_pct,76.953125
core,wikisql,qwen25_7b_base,hidden_output,7101,query_valid_pct,99.8046875
core,wikisql,qwen25_7b_base,hidden_output,7101,execution_ok_pct,99.8046875
core,wikisql,qwen25_7b_base,hidden_output,7101,empty_prediction_pct,8.203125
core,wikisql,qwen25_7b_base,hidden_output,7101,strict_json_pct,100.0
core,wikisql,qwen25_7b_base,hidden_output,7101,native_eos_pct,100.0
core,wikisql,qwen25_7b_base,hidden_output,7101,capped_pct,0.0
core,wikisql,qwen25_7b_base,hidden_output,7101,mean_generated_tokens,25.888671875
core,wikisql,qwen25_7b_base,hidden_output,7102,primary,81.4453125
core,wikisql,qwen25_7b_base,hidden_output,7102,lf_correct_pct,75.87890625
core,wikisql,qwen25_7b_base,hidden_output,7102,query_valid_pct,100.0
core,wikisql,qwen25_7b_base,hidden_output,7102,execution_ok_pct,99.90234375
core,wikisql,qwen25_7b_base,hidden_output,7102,empty_prediction_pct,9.27734375
core,wikisql,qwen25_7b_base,hidden_output,7102,strict_json_pct,100.0
core,wikisql,qwen25_7b_base,hidden_output,7102,native_eos_pct,100.0
core,wikisql,qwen25_7b_base,hidden_output,7102,capped_pct,0.0
core,wikisql,qwen25_7b_base,hidden_output,7102,mean_generated_tokens,25.8369140625
core,wikisql,qwen25_7b_base,hidden_both,7100,primary,82.6171875
core,wikisql,qwen25_7b_base,hidden_both,7100,lf_correct_pct,77.05078125
core,wikisql,qwen25_7b_base,hidden_both,7100,query_valid_pct,99.90234375
core,wikisql,qwen25_7b_base,hidden_both,7100,execution_ok_pct,99.90234375
core,wikisql,qwen25_7b_base,hidden_both,7100,empty_prediction_pct,8.3984375
core,wikisql,qwen25_7b_base,hidden_both,7100,strict_json_pct,100.0
core,wikisql,qwen25_7b_base,hidden_both,7100,native_eos_pct,100.0
core,wikisql,qwen25_7b_base,hidden_both,7100,capped_pct,0.0
core,wikisql,qwen25_7b_base,hidden_both,7100,mean_generated_tokens,25.837890625
core,wikisql,qwen25_7b_base,hidden_both,7101,primary,82.8125
core,wikisql,qwen25_7b_base,hidden_both,7101,lf_correct_pct,77.1484375
core,wikisql,qwen25_7b_base,hidden_both,7101,query_valid_pct,100.0
core,wikisql,qwen25_7b_base,hidden_both,7101,execution_ok_pct,100.0
core,wikisql,qwen25_7b_base,hidden_both,7101,empty_prediction_pct,8.10546875
core,wikisql,qwen25_7b_base,hidden_both,7101,strict_json_pct,100.0
core,wikisql,qwen25_7b_base,hidden_both,7101,native_eos_pct,100.0
core,wikisql,qwen25_7b_base,hidden_both,7101,capped_pct,0.0
core,wikisql,qwen25_7b_base,hidden_both,7101,mean_generated_tokens,25.8251953125
core,wikisql,qwen25_7b_base,hidden_both,7102,primary,81.8359375
core,wikisql,qwen25_7b_base,hidden_both,7102,lf_correct_pct,76.26953125
core,wikisql,qwen25_7b_base,hidden_both,7102,query_valid_pct,100.0
core,wikisql,qwen25_7b_base,hidden_both,7102,execution_ok_pct,100.0
core,wikisql,qwen25_7b_base,hidden_both,7102,empty_prediction_pct,9.1796875
core,wikisql,qwen25_7b_base,hidden_both,7102,strict_json_pct,100.0
core,wikisql,qwen25_7b_base,hidden_both,7102,native_eos_pct,100.0
core,wikisql,qwen25_7b_base,hidden_both,7102,capped_pct,0.0
core,wikisql,qwen25_7b_base,hidden_both,7102,mean_generated_tokens,25.8544921875
core,wikisql,qwen25_7b_base,input,7100,primary,62.79296875
core,wikisql,qwen25_7b_base,input,7100,lf_correct_pct,53.3203125
core,wikisql,qwen25_7b_base,input,7100,query_valid_pct,98.92578125
core,wikisql,qwen25_7b_base,input,7100,execution_ok_pct,98.33984375
core,wikisql,qwen25_7b_base,input,7100,empty_prediction_pct,17.7734375
core,wikisql,qwen25_7b_base,input,7100,strict_json_pct,99.21875
core,wikisql,qwen25_7b_base,input,7100,native_eos_pct,100.0
core,wikisql,qwen25_7b_base,input,7100,capped_pct,0.0
core,wikisql,qwen25_7b_base,input,7100,mean_generated_tokens,25.89453125
core,wikisql,qwen25_7b_base,input,7101,primary,64.0625
core,wikisql,qwen25_7b_base,input,7101,lf_correct_pct,55.078125
core,wikisql,qwen25_7b_base,input,7101,query_valid_pct,99.4140625
core,wikisql,qwen25_7b_base,input,7101,execution_ok_pct,98.828125
core,wikisql,qwen25_7b_base,input,7101,empty_prediction_pct,18.359375
core,wikisql,qwen25_7b_base,input,7101,strict_json_pct,99.51171875
core,wikisql,qwen25_7b_base,input,7101,native_eos_pct,100.0
core,wikisql,qwen25_7b_base,input,7101,capped_pct,0.0
core,wikisql,qwen25_7b_base,input,7101,mean_generated_tokens,25.869140625
core,wikisql,qwen25_7b_base,input,7102,primary,61.71875
core,wikisql,qwen25_7b_base,input,7102,lf_correct_pct,53.02734375
core,wikisql,qwen25_7b_base,input,7102,query_valid_pct,98.53515625
core,wikisql,qwen25_7b_base,input,7102,execution_ok_pct,98.14453125
core,wikisql,qwen25_7b_base,input,7102,empty_prediction_pct,20.21484375
core,wikisql,qwen25_7b_base,input,7102,strict_json_pct,98.92578125
core,wikisql,qwen25_7b_base,input,7102,native_eos_pct,100.0
core,wikisql,qwen25_7b_base,input,7102,capped_pct,0.0
core,wikisql,qwen25_7b_base,input,7102,mean_generated_tokens,26.1591796875
core,wikisql,qwen25_7b_base,output,7100,primary,52.9296875
core,wikisql,qwen25_7b_base,output,7100,lf_correct_pct,44.62890625
core,wikisql,qwen25_7b_base,output,7100,query_valid_pct,99.8046875
core,wikisql,qwen25_7b_base,output,7100,execution_ok_pct,98.828125
core,wikisql,qwen25_7b_base,output,7100,empty_prediction_pct,28.80859375
core,wikisql,qwen25_7b_base,output,7100,strict_json_pct,100.0
core,wikisql,qwen25_7b_base,output,7100,native_eos_pct,100.0
core,wikisql,qwen25_7b_base,output,7100,capped_pct,0.0
core,wikisql,qwen25_7b_base,output,7100,mean_generated_tokens,25.603515625
core,wikisql,qwen25_7b_base,output,7101,primary,51.07421875
core,wikisql,qwen25_7b_base,output,7101,lf_correct_pct,42.7734375
core,wikisql,qwen25_7b_base,output,7101,query_valid_pct,99.51171875
core,wikisql,qwen25_7b_base,output,7101,execution_ok_pct,98.6328125
core,wikisql,qwen25_7b_base,output,7101,empty_prediction_pct,30.17578125
core,wikisql,qwen25_7b_base,output,7101,strict_json_pct,99.8046875
core,wikisql,qwen25_7b_base,output,7101,native_eos_pct,100.0
core,wikisql,qwen25_7b_base,output,7101,capped_pct,0.0
core,wikisql,qwen25_7b_base,output,7101,mean_generated_tokens,25.6630859375
core,wikisql,qwen25_7b_base,output,7102,primary,50.1953125
core,wikisql,qwen25_7b_base,output,7102,lf_correct_pct,42.578125
core,wikisql,qwen25_7b_base,output,7102,query_valid_pct,99.609375
core,wikisql,qwen25_7b_base,output,7102,execution_ok_pct,98.53515625
core,wikisql,qwen25_7b_base,output,7102,empty_prediction_pct,31.34765625
core,wikisql,qwen25_7b_base,output,7102,strict_json_pct,99.8046875
core,wikisql,qwen25_7b_base,output,7102,native_eos_pct,99.90234375
core,wikisql,qwen25_7b_base,output,7102,capped_pct,0.09765625
core,wikisql,qwen25_7b_base,output,7102,mean_generated_tokens,25.880859375
core,wikisql,qwen25_7b_base,both,7100,primary,71.484375
core,wikisql,qwen25_7b_base,both,7100,lf_correct_pct,63.37890625
core,wikisql,qwen25_7b_base,both,7100,query_valid_pct,99.70703125
core,wikisql,qwen25_7b_base,both,7100,execution_ok_pct,99.4140625
core,wikisql,qwen25_7b_base,both,7100,empty_prediction_pct,15.0390625
core,wikisql,qwen25_7b_base,both,7100,strict_json_pct,100.0
core,wikisql,qwen25_7b_base,both,7100,native_eos_pct,100.0
core,wikisql,qwen25_7b_base,both,7100,capped_pct,0.0
core,wikisql,qwen25_7b_base,both,7100,mean_generated_tokens,25.771484375
core,wikisql,qwen25_7b_base,both,7101,primary,70.1171875
core,wikisql,qwen25_7b_base,both,7101,lf_correct_pct,62.79296875
core,wikisql,qwen25_7b_base,both,7101,query_valid_pct,99.8046875
core,wikisql,qwen25_7b_base,both,7101,execution_ok_pct,99.31640625
core,wikisql,qwen25_7b_base,both,7101,empty_prediction_pct,15.91796875
core,wikisql,qwen25_7b_base,both,7101,strict_json_pct,99.90234375
core,wikisql,qwen25_7b_base,both,7101,native_eos_pct,99.90234375
core,wikisql,qwen25_7b_base,both,7101,capped_pct,0.09765625
core,wikisql,qwen25_7b_base,both,7101,mean_generated_tokens,26.08984375
core,wikisql,qwen25_7b_base,both,7102,primary,69.7265625
core,wikisql,qwen25_7b_base,both,7102,lf_correct_pct,62.20703125
core,wikisql,qwen25_7b_base,both,7102,query_valid_pct,99.51171875
core,wikisql,qwen25_7b_base,both,7102,execution_ok_pct,99.21875
core,wikisql,qwen25_7b_base,both,7102,empty_prediction_pct,16.015625
core,wikisql,qwen25_7b_base,both,7102,strict_json_pct,99.90234375
core,wikisql,qwen25_7b_base,both,7102,native_eos_pct,99.90234375
core,wikisql,qwen25_7b_base,both,7102,capped_pct,0.09765625
core,wikisql,qwen25_7b_base,both,7102,mean_generated_tokens,26.001953125
core,wikisql,qwen3_06b_base,base,,primary,5.37109375
core,wikisql,qwen3_06b_base,base,,lf_correct_pct,0.29296875
core,wikisql,qwen3_06b_base,base,,query_valid_pct,72.55859375
core,wikisql,qwen3_06b_base,base,,execution_ok_pct,70.8984375
core,wikisql,qwen3_06b_base,base,,empty_prediction_pct,9.5703125
core,wikisql,qwen3_06b_base,base,,strict_json_pct,91.11328125
core,wikisql,qwen3_06b_base,base,,native_eos_pct,95.01953125
core,wikisql,qwen3_06b_base,base,,capped_pct,4.98046875
core,wikisql,qwen3_06b_base,base,,mean_generated_tokens,38.29296875
core,wikisql,qwen3_06b_base,hidden,7100,primary,72.55859375
core,wikisql,qwen3_06b_base,hidden,7100,lf_correct_pct,66.2109375
core,wikisql,qwen3_06b_base,hidden,7100,query_valid_pct,98.4375
core,wikisql,qwen3_06b_base,hidden,7100,execution_ok_pct,98.14453125
core,wikisql,qwen3_06b_base,hidden,7100,empty_prediction_pct,13.0859375
core,wikisql,qwen3_06b_base,hidden,7100,strict_json_pct,99.8046875
core,wikisql,qwen3_06b_base,hidden,7100,native_eos_pct,100.0
core,wikisql,qwen3_06b_base,hidden,7100,capped_pct,0.0
core,wikisql,qwen3_06b_base,hidden,7100,mean_generated_tokens,25.77734375
core,wikisql,qwen3_06b_base,hidden,7101,primary,70.01953125
core,wikisql,qwen3_06b_base,hidden,7101,lf_correct_pct,64.2578125
core,wikisql,qwen3_06b_base,hidden,7101,query_valid_pct,98.33984375
core,wikisql,qwen3_06b_base,hidden,7101,execution_ok_pct,98.14453125
core,wikisql,qwen3_06b_base,hidden,7101,empty_prediction_pct,14.453125
core,wikisql,qwen3_06b_base,hidden,7101,strict_json_pct,99.70703125
core,wikisql,qwen3_06b_base,hidden,7101,native_eos_pct,100.0
core,wikisql,qwen3_06b_base,hidden,7101,capped_pct,0.0
core,wikisql,qwen3_06b_base,hidden,7101,mean_generated_tokens,25.73828125
core,wikisql,qwen3_06b_base,hidden,7102,primary,70.3125
core,wikisql,qwen3_06b_base,hidden,7102,lf_correct_pct,64.16015625
core,wikisql,qwen3_06b_base,hidden,7102,query_valid_pct,98.33984375
core,wikisql,qwen3_06b_base,hidden,7102,execution_ok_pct,98.046875
core,wikisql,qwen3_06b_base,hidden,7102,empty_prediction_pct,15.13671875
core,wikisql,qwen3_06b_base,hidden,7102,strict_json_pct,99.70703125
core,wikisql,qwen3_06b_base,hidden,7102,native_eos_pct,100.0
core,wikisql,qwen3_06b_base,hidden,7102,capped_pct,0.0
core,wikisql,qwen3_06b_base,hidden,7102,mean_generated_tokens,25.9130859375
core,wikisql,qwen3_06b_base,hidden_budget,7100,primary,72.4609375
core,wikisql,qwen3_06b_base,hidden_budget,7100,lf_correct_pct,65.91796875
core,wikisql,qwen3_06b_base,hidden_budget,7100,query_valid_pct,98.33984375
core,wikisql,qwen3_06b_base,hidden_budget,7100,execution_ok_pct,97.8515625
core,wikisql,qwen3_06b_base,hidden_budget,7100,empty_prediction_pct,13.18359375
core,wikisql,qwen3_06b_base,hidden_budget,7100,strict_json_pct,99.8046875
core,wikisql,qwen3_06b_base,hidden_budget,7100,native_eos_pct,100.0
core,wikisql,qwen3_06b_base,hidden_budget,7100,capped_pct,0.0
core,wikisql,qwen3_06b_base,hidden_budget,7100,mean_generated_tokens,25.8466796875
core,wikisql,qwen3_06b_base,hidden_budget,7101,primary,70.3125
core,wikisql,qwen3_06b_base,hidden_budget,7101,lf_correct_pct,63.96484375
core,wikisql,qwen3_06b_base,hidden_budget,7101,query_valid_pct,98.2421875
core,wikisql,qwen3_06b_base,hidden_budget,7101,execution_ok_pct,98.046875
core,wikisql,qwen3_06b_base,hidden_budget,7101,empty_prediction_pct,14.6484375
core,wikisql,qwen3_06b_base,hidden_budget,7101,strict_json_pct,99.51171875
core,wikisql,qwen3_06b_base,hidden_budget,7101,native_eos_pct,100.0
core,wikisql,qwen3_06b_base,hidden_budget,7101,capped_pct,0.0
core,wikisql,qwen3_06b_base,hidden_budget,7101,mean_generated_tokens,25.798828125
core,wikisql,qwen3_06b_base,hidden_budget,7102,primary,70.8984375
core,wikisql,qwen3_06b_base,hidden_budget,7102,lf_correct_pct,64.2578125
core,wikisql,qwen3_06b_base,hidden_budget,7102,query_valid_pct,98.046875
core,wikisql,qwen3_06b_base,hidden_budget,7102,execution_ok_pct,97.55859375
core,wikisql,qwen3_06b_base,hidden_budget,7102,empty_prediction_pct,14.55078125
core,wikisql,qwen3_06b_base,hidden_budget,7102,strict_json_pct,99.51171875
core,wikisql,qwen3_06b_base,hidden_budget,7102,native_eos_pct,100.0
core,wikisql,qwen3_06b_base,hidden_budget,7102,capped_pct,0.0
core,wikisql,qwen3_06b_base,hidden_budget,7102,mean_generated_tokens,25.9638671875
core,wikisql,qwen3_06b_base,hidden_input,7100,primary,72.265625
core,wikisql,qwen3_06b_base,hidden_input,7100,lf_correct_pct,66.6015625
core,wikisql,qwen3_06b_base,hidden_input,7100,query_valid_pct,98.14453125
core,wikisql,qwen3_06b_base,hidden_input,7100,execution_ok_pct,97.94921875
core,wikisql,qwen3_06b_base,hidden_input,7100,empty_prediction_pct,13.57421875
core,wikisql,qwen3_06b_base,hidden_input,7100,strict_json_pct,99.609375
core,wikisql,qwen3_06b_base,hidden_input,7100,native_eos_pct,100.0
core,wikisql,qwen3_06b_base,hidden_input,7100,capped_pct,0.0
core,wikisql,qwen3_06b_base,hidden_input,7100,mean_generated_tokens,25.890625
core,wikisql,qwen3_06b_base,hidden_input,7101,primary,71.38671875
core,wikisql,qwen3_06b_base,hidden_input,7101,lf_correct_pct,65.4296875
core,wikisql,qwen3_06b_base,hidden_input,7101,query_valid_pct,98.2421875
core,wikisql,qwen3_06b_base,hidden_input,7101,execution_ok_pct,98.046875
core,wikisql,qwen3_06b_base,hidden_input,7101,empty_prediction_pct,13.18359375
core,wikisql,qwen3_06b_base,hidden_input,7101,strict_json_pct,99.51171875
core,wikisql,qwen3_06b_base,hidden_input,7101,native_eos_pct,99.90234375
core,wikisql,qwen3_06b_base,hidden_input,7101,capped_pct,0.09765625
core,wikisql,qwen3_06b_base,hidden_input,7101,mean_generated_tokens,26.03125
core,wikisql,qwen3_06b_base,hidden_input,7102,primary,70.60546875
core,wikisql,qwen3_06b_base,hidden_input,7102,lf_correct_pct,64.84375
core,wikisql,qwen3_06b_base,hidden_input,7102,query_valid_pct,98.14453125
core,wikisql,qwen3_06b_base,hidden_input,7102,execution_ok_pct,97.94921875
core,wikisql,qwen3_06b_base,hidden_input,7102,empty_prediction_pct,14.55078125
core,wikisql,qwen3_06b_base,hidden_input,7102,strict_json_pct,99.70703125
core,wikisql,qwen3_06b_base,hidden_input,7102,native_eos_pct,100.0
core,wikisql,qwen3_06b_base,hidden_input,7102,capped_pct,0.0
core,wikisql,qwen3_06b_base,hidden_input,7102,mean_generated_tokens,25.9189453125
core,wikisql,qwen3_06b_base,hidden_output,7100,primary,73.046875
core,wikisql,qwen3_06b_base,hidden_output,7100,lf_correct_pct,66.69921875
core,wikisql,qwen3_06b_base,hidden_output,7100,query_valid_pct,98.2421875
core,wikisql,qwen3_06b_base,hidden_output,7100,execution_ok_pct,98.046875
core,wikisql,qwen3_06b_base,hidden_output,7100,empty_prediction_pct,13.8671875
core,wikisql,qwen3_06b_base,hidden_output,7100,strict_json_pct,99.8046875
core,wikisql,qwen3_06b_base,hidden_output,7100,native_eos_pct,100.0
core,wikisql,qwen3_06b_base,hidden_output,7100,capped_pct,0.0
core,wikisql,qwen3_06b_base,hidden_output,7100,mean_generated_tokens,25.75390625
core,wikisql,qwen3_06b_base,hidden_output,7101,primary,70.80078125
core,wikisql,qwen3_06b_base,hidden_output,7101,lf_correct_pct,64.94140625
core,wikisql,qwen3_06b_base,hidden_output,7101,query_valid_pct,98.2421875
core,wikisql,qwen3_06b_base,hidden_output,7101,execution_ok_pct,98.14453125
core,wikisql,qwen3_06b_base,hidden_output,7101,empty_prediction_pct,14.16015625
core,wikisql,qwen3_06b_base,hidden_output,7101,strict_json_pct,99.609375
core,wikisql,qwen3_06b_base,hidden_output,7101,native_eos_pct,100.0
core,wikisql,qwen3_06b_base,hidden_output,7101,capped_pct,0.0
core,wikisql,qwen3_06b_base,hidden_output,7101,mean_generated_tokens,25.744140625
core,wikisql,qwen3_06b_base,hidden_output,7102,primary,71.2890625
core,wikisql,qwen3_06b_base,hidden_output,7102,lf_correct_pct,65.4296875
core,wikisql,qwen3_06b_base,hidden_output,7102,query_valid_pct,98.33984375
core,wikisql,qwen3_06b_base,hidden_output,7102,execution_ok_pct,97.94921875
core,wikisql,qwen3_06b_base,hidden_output,7102,empty_prediction_pct,14.453125
core,wikisql,qwen3_06b_base,hidden_output,7102,strict_json_pct,99.609375
core,wikisql,qwen3_06b_base,hidden_output,7102,native_eos_pct,100.0
core,wikisql,qwen3_06b_base,hidden_output,7102,capped_pct,0.0
core,wikisql,qwen3_06b_base,hidden_output,7102,mean_generated_tokens,25.9365234375
core,wikisql,qwen3_06b_base,hidden_both,7100,primary,73.4375
core,wikisql,qwen3_06b_base,hidden_both,7100,lf_correct_pct,67.578125
core,wikisql,qwen3_06b_base,hidden_both,7100,query_valid_pct,98.4375
core,wikisql,qwen3_06b_base,hidden_both,7100,execution_ok_pct,98.4375
core,wikisql,qwen3_06b_base,hidden_both,7100,empty_prediction_pct,13.671875
core,wikisql,qwen3_06b_base,hidden_both,7100,strict_json_pct,99.8046875
core,wikisql,qwen3_06b_base,hidden_both,7100,native_eos_pct,100.0
core,wikisql,qwen3_06b_base,hidden_both,7100,capped_pct,0.0
core,wikisql,qwen3_06b_base,hidden_both,7100,mean_generated_tokens,25.9296875
core,wikisql,qwen3_06b_base,hidden_both,7101,primary,71.2890625
core,wikisql,qwen3_06b_base,hidden_both,7101,lf_correct_pct,66.015625
core,wikisql,qwen3_06b_base,hidden_both,7101,query_valid_pct,98.53515625
core,wikisql,qwen3_06b_base,hidden_both,7101,execution_ok_pct,98.4375
core,wikisql,qwen3_06b_base,hidden_both,7101,empty_prediction_pct,13.4765625
core,wikisql,qwen3_06b_base,hidden_both,7101,strict_json_pct,99.90234375
core,wikisql,qwen3_06b_base,hidden_both,7101,native_eos_pct,100.0
core,wikisql,qwen3_06b_base,hidden_both,7101,capped_pct,0.0
core,wikisql,qwen3_06b_base,hidden_both,7101,mean_generated_tokens,25.6796875
core,wikisql,qwen3_06b_base,hidden_both,7102,primary,72.4609375
core,wikisql,qwen3_06b_base,hidden_both,7102,lf_correct_pct,66.796875
core,wikisql,qwen3_06b_base,hidden_both,7102,query_valid_pct,97.8515625
core,wikisql,qwen3_06b_base,hidden_both,7102,execution_ok_pct,97.65625
core,wikisql,qwen3_06b_base,hidden_both,7102,empty_prediction_pct,13.4765625
core,wikisql,qwen3_06b_base,hidden_both,7102,strict_json_pct,99.609375
core,wikisql,qwen3_06b_base,hidden_both,7102,native_eos_pct,100.0
core,wikisql,qwen3_06b_base,hidden_both,7102,capped_pct,0.0
core,wikisql,qwen3_06b_base,hidden_both,7102,mean_generated_tokens,25.9375
core,wikisql,qwen3_06b_base,input,7100,primary,14.35546875
core,wikisql,qwen3_06b_base,input,7100,lf_correct_pct,11.03515625
core,wikisql,qwen3_06b_base,input,7100,query_valid_pct,97.36328125
core,wikisql,qwen3_06b_base,input,7100,execution_ok_pct,92.96875
core,wikisql,qwen3_06b_base,input,7100,empty_prediction_pct,63.28125
core,wikisql,qwen3_06b_base,input,7100,strict_json_pct,98.2421875
core,wikisql,qwen3_06b_base,input,7100,native_eos_pct,99.12109375
core,wikisql,qwen3_06b_base,input,7100,capped_pct,0.87890625
core,wikisql,qwen3_06b_base,input,7100,mean_generated_tokens,27.8828125
core,wikisql,qwen3_06b_base,input,7101,primary,15.13671875
core,wikisql,qwen3_06b_base,input,7101,lf_correct_pct,11.23046875
core,wikisql,qwen3_06b_base,input,7101,query_valid_pct,96.09375
core,wikisql,qwen3_06b_base,input,7101,execution_ok_pct,91.40625
core,wikisql,qwen3_06b_base,input,7101,empty_prediction_pct,62.3046875
core,wikisql,qwen3_06b_base,input,7101,strict_json_pct,97.94921875
core,wikisql,qwen3_06b_base,input,7101,native_eos_pct,99.31640625
core,wikisql,qwen3_06b_base,input,7101,capped_pct,0.68359375
core,wikisql,qwen3_06b_base,input,7101,mean_generated_tokens,27.6142578125
core,wikisql,qwen3_06b_base,input,7102,primary,13.4765625
core,wikisql,qwen3_06b_base,input,7102,lf_correct_pct,11.03515625
core,wikisql,qwen3_06b_base,input,7102,query_valid_pct,96.484375
core,wikisql,qwen3_06b_base,input,7102,execution_ok_pct,92.578125
core,wikisql,qwen3_06b_base,input,7102,empty_prediction_pct,66.69921875
core,wikisql,qwen3_06b_base,input,7102,strict_json_pct,97.4609375
core,wikisql,qwen3_06b_base,input,7102,native_eos_pct,98.828125
core,wikisql,qwen3_06b_base,input,7102,capped_pct,1.171875
core,wikisql,qwen3_06b_base,input,7102,mean_generated_tokens,29.01171875
core,wikisql,qwen3_06b_base,output,7100,primary,3.7109375
core,wikisql,qwen3_06b_base,output,7100,lf_correct_pct,2.734375
core,wikisql,qwen3_06b_base,output,7100,query_valid_pct,96.2890625
core,wikisql,qwen3_06b_base,output,7100,execution_ok_pct,92.3828125
core,wikisql,qwen3_06b_base,output,7100,empty_prediction_pct,72.55859375
core,wikisql,qwen3_06b_base,output,7100,strict_json_pct,96.77734375
core,wikisql,qwen3_06b_base,output,7100,native_eos_pct,96.97265625
core,wikisql,qwen3_06b_base,output,7100,capped_pct,3.02734375
core,wikisql,qwen3_06b_base,output,7100,mean_generated_tokens,31.5322265625
core,wikisql,qwen3_06b_base,output,7101,primary,4.296875
core,wikisql,qwen3_06b_base,output,7101,lf_correct_pct,3.125
core,wikisql,qwen3_06b_base,output,7101,query_valid_pct,96.19140625
core,wikisql,qwen3_06b_base,output,7101,execution_ok_pct,92.67578125
core,wikisql,qwen3_06b_base,output,7101,empty_prediction_pct,72.55859375
core,wikisql,qwen3_06b_base,output,7101,strict_json_pct,96.38671875
core,wikisql,qwen3_06b_base,output,7101,native_eos_pct,96.38671875
core,wikisql,qwen3_06b_base,output,7101,capped_pct,3.61328125
core,wikisql,qwen3_06b_base,output,7101,mean_generated_tokens,32.6435546875
core,wikisql,qwen3_06b_base,output,7102,primary,3.3203125
core,wikisql,qwen3_06b_base,output,7102,lf_correct_pct,1.953125
core,wikisql,qwen3_06b_base,output,7102,query_valid_pct,97.55859375
core,wikisql,qwen3_06b_base,output,7102,execution_ok_pct,93.1640625
core,wikisql,qwen3_06b_base,output,7102,empty_prediction_pct,72.55859375
core,wikisql,qwen3_06b_base,output,7102,strict_json_pct,97.94921875
core,wikisql,qwen3_06b_base,output,7102,native_eos_pct,98.046875
core,wikisql,qwen3_06b_base,output,7102,capped_pct,1.953125
core,wikisql,qwen3_06b_base,output,7102,mean_generated_tokens,28.751953125
core,wikisql,qwen3_06b_base,both,7100,primary,19.62890625
core,wikisql,qwen3_06b_base,both,7100,lf_correct_pct,15.13671875
core,wikisql,qwen3_06b_base,both,7100,query_valid_pct,98.046875
core,wikisql,qwen3_06b_base,both,7100,execution_ok_pct,93.5546875
core,wikisql,qwen3_06b_base,both,7100,empty_prediction_pct,56.640625
core,wikisql,qwen3_06b_base,both,7100,strict_json_pct,98.73046875
core,wikisql,qwen3_06b_base,both,7100,native_eos_pct,99.12109375
core,wikisql,qwen3_06b_base,both,7100,capped_pct,0.87890625
core,wikisql,qwen3_06b_base,both,7100,mean_generated_tokens,28.0693359375
core,wikisql,qwen3_06b_base,both,7101,primary,19.140625
core,wikisql,qwen3_06b_base,both,7101,lf_correct_pct,15.234375
core,wikisql,qwen3_06b_base,both,7101,query_valid_pct,97.0703125
core,wikisql,qwen3_06b_base,both,7101,execution_ok_pct,91.796875
core,wikisql,qwen3_06b_base,both,7101,empty_prediction_pct,59.375
core,wikisql,qwen3_06b_base,both,7101,strict_json_pct,98.14453125
core,wikisql,qwen3_06b_base,both,7101,native_eos_pct,98.4375
core,wikisql,qwen3_06b_base,both,7101,capped_pct,1.5625
core,wikisql,qwen3_06b_base,both,7101,mean_generated_tokens,29.5009765625
core,wikisql,qwen3_06b_base,both,7102,primary,18.5546875
core,wikisql,qwen3_06b_base,both,7102,lf_correct_pct,14.16015625
core,wikisql,qwen3_06b_base,both,7102,query_valid_pct,98.53515625
core,wikisql,qwen3_06b_base,both,7102,execution_ok_pct,91.9921875
core,wikisql,qwen3_06b_base,both,7102,empty_prediction_pct,61.42578125
core,wikisql,qwen3_06b_base,both,7102,strict_json_pct,99.21875
core,wikisql,qwen3_06b_base,both,7102,native_eos_pct,99.51171875
core,wikisql,qwen3_06b_base,both,7102,capped_pct,0.48828125
core,wikisql,qwen3_06b_base,both,7102,mean_generated_tokens,26.9990234375
core,wikisql,qwen3_17b_base,base,,primary,5.2734375
core,wikisql,qwen3_17b_base,base,,lf_correct_pct,2.5390625
core,wikisql,qwen3_17b_base,base,,query_valid_pct,70.703125
core,wikisql,qwen3_17b_base,base,,execution_ok_pct,70.21484375
core,wikisql,qwen3_17b_base,base,,empty_prediction_pct,16.11328125
core,wikisql,qwen3_17b_base,base,,strict_json_pct,92.3828125
core,wikisql,qwen3_17b_base,base,,native_eos_pct,99.51171875
core,wikisql,qwen3_17b_base,base,,capped_pct,0.48828125
core,wikisql,qwen3_17b_base,base,,mean_generated_tokens,20.3154296875
core,wikisql,qwen3_17b_base,hidden,7100,primary,73.53515625
core,wikisql,qwen3_17b_base,hidden,7100,lf_correct_pct,67.1875
core,wikisql,qwen3_17b_base,hidden,7100,query_valid_pct,98.2421875
core,wikisql,qwen3_17b_base,hidden,7100,execution_ok_pct,98.14453125
core,wikisql,qwen3_17b_base,hidden,7100,empty_prediction_pct,12.5
core,wikisql,qwen3_17b_base,hidden,7100,strict_json_pct,99.90234375
core,wikisql,qwen3_17b_base,hidden,7100,native_eos_pct,100.0
core,wikisql,qwen3_17b_base,hidden,7100,capped_pct,0.0
core,wikisql,qwen3_17b_base,hidden,7100,mean_generated_tokens,25.73828125
core,wikisql,qwen3_17b_base,hidden,7101,primary,73.2421875
core,wikisql,qwen3_17b_base,hidden,7101,lf_correct_pct,66.6015625
core,wikisql,qwen3_17b_base,hidden,7101,query_valid_pct,98.53515625
core,wikisql,qwen3_17b_base,hidden,7101,execution_ok_pct,98.33984375
core,wikisql,qwen3_17b_base,hidden,7101,empty_prediction_pct,12.79296875
core,wikisql,qwen3_17b_base,hidden,7101,strict_json_pct,99.70703125
core,wikisql,qwen3_17b_base,hidden,7101,native_eos_pct,100.0
core,wikisql,qwen3_17b_base,hidden,7101,capped_pct,0.0
core,wikisql,qwen3_17b_base,hidden,7101,mean_generated_tokens,25.8681640625
core,wikisql,qwen3_17b_base,hidden,7102,primary,73.33984375
core,wikisql,qwen3_17b_base,hidden,7102,lf_correct_pct,66.89453125
core,wikisql,qwen3_17b_base,hidden,7102,query_valid_pct,98.6328125
core,wikisql,qwen3_17b_base,hidden,7102,execution_ok_pct,98.14453125
core,wikisql,qwen3_17b_base,hidden,7102,empty_prediction_pct,12.59765625
core,wikisql,qwen3_17b_base,hidden,7102,strict_json_pct,99.8046875
core,wikisql,qwen3_17b_base,hidden,7102,native_eos_pct,100.0
core,wikisql,qwen3_17b_base,hidden,7102,capped_pct,0.0
core,wikisql,qwen3_17b_base,hidden,7102,mean_generated_tokens,25.982421875
core,wikisql,qwen3_17b_base,hidden_budget,7100,primary,73.92578125
core,wikisql,qwen3_17b_base,hidden_budget,7100,lf_correct_pct,67.578125
core,wikisql,qwen3_17b_base,hidden_budget,7100,query_valid_pct,98.4375
core,wikisql,qwen3_17b_base,hidden_budget,7100,execution_ok_pct,98.4375
core,wikisql,qwen3_17b_base,hidden_budget,7100,empty_prediction_pct,12.109375
core,wikisql,qwen3_17b_base,hidden_budget,7100,strict_json_pct,99.90234375
core,wikisql,qwen3_17b_base,hidden_budget,7100,native_eos_pct,100.0
core,wikisql,qwen3_17b_base,hidden_budget,7100,capped_pct,0.0
core,wikisql,qwen3_17b_base,hidden_budget,7100,mean_generated_tokens,25.69921875
core,wikisql,qwen3_17b_base,hidden_budget,7101,primary,73.33984375
core,wikisql,qwen3_17b_base,hidden_budget,7101,lf_correct_pct,66.796875
core,wikisql,qwen3_17b_base,hidden_budget,7101,query_valid_pct,98.4375
core,wikisql,qwen3_17b_base,hidden_budget,7101,execution_ok_pct,98.2421875
core,wikisql,qwen3_17b_base,hidden_budget,7101,empty_prediction_pct,12.59765625
core,wikisql,qwen3_17b_base,hidden_budget,7101,strict_json_pct,99.70703125
core,wikisql,qwen3_17b_base,hidden_budget,7101,native_eos_pct,100.0
core,wikisql,qwen3_17b_base,hidden_budget,7101,capped_pct,0.0
core,wikisql,qwen3_17b_base,hidden_budget,7101,mean_generated_tokens,25.85546875
core,wikisql,qwen3_17b_base,hidden_budget,7102,primary,72.94921875
core,wikisql,qwen3_17b_base,hidden_budget,7102,lf_correct_pct,66.50390625
core,wikisql,qwen3_17b_base,hidden_budget,7102,query_valid_pct,98.828125
core,wikisql,qwen3_17b_base,hidden_budget,7102,execution_ok_pct,98.4375
core,wikisql,qwen3_17b_base,hidden_budget,7102,empty_prediction_pct,12.79296875
core,wikisql,qwen3_17b_base,hidden_budget,7102,strict_json_pct,99.8046875
core,wikisql,qwen3_17b_base,hidden_budget,7102,native_eos_pct,100.0
core,wikisql,qwen3_17b_base,hidden_budget,7102,capped_pct,0.0
core,wikisql,qwen3_17b_base,hidden_budget,7102,mean_generated_tokens,26.044921875
core,wikisql,qwen3_17b_base,hidden_input,7100,primary,74.4140625
core,wikisql,qwen3_17b_base,hidden_input,7100,lf_correct_pct,68.84765625
core,wikisql,qwen3_17b_base,hidden_input,7100,query_valid_pct,98.046875
core,wikisql,qwen3_17b_base,hidden_input,7100,execution_ok_pct,97.94921875
core,wikisql,qwen3_17b_base,hidden_input,7100,empty_prediction_pct,11.42578125
core,wikisql,qwen3_17b_base,hidden_input,7100,strict_json_pct,99.70703125
core,wikisql,qwen3_17b_base,hidden_input,7100,native_eos_pct,100.0
core,wikisql,qwen3_17b_base,hidden_input,7100,capped_pct,0.0
core,wikisql,qwen3_17b_base,hidden_input,7100,mean_generated_tokens,25.7119140625
core,wikisql,qwen3_17b_base,hidden_input,7101,primary,73.92578125
core,wikisql,qwen3_17b_base,hidden_input,7101,lf_correct_pct,68.359375
core,wikisql,qwen3_17b_base,hidden_input,7101,query_valid_pct,98.2421875
core,wikisql,qwen3_17b_base,hidden_input,7101,execution_ok_pct,97.8515625
core,wikisql,qwen3_17b_base,hidden_input,7101,empty_prediction_pct,11.62109375
core,wikisql,qwen3_17b_base,hidden_input,7101,strict_json_pct,99.70703125
core,wikisql,qwen3_17b_base,hidden_input,7101,native_eos_pct,100.0
core,wikisql,qwen3_17b_base,hidden_input,7101,capped_pct,0.0
core,wikisql,qwen3_17b_base,hidden_input,7101,mean_generated_tokens,25.8876953125
core,wikisql,qwen3_17b_base,hidden_input,7102,primary,74.31640625
core,wikisql,qwen3_17b_base,hidden_input,7102,lf_correct_pct,68.9453125
core,wikisql,qwen3_17b_base,hidden_input,7102,query_valid_pct,98.33984375
core,wikisql,qwen3_17b_base,hidden_input,7102,execution_ok_pct,98.14453125
core,wikisql,qwen3_17b_base,hidden_input,7102,empty_prediction_pct,12.109375
core,wikisql,qwen3_17b_base,hidden_input,7102,strict_json_pct,99.90234375
core,wikisql,qwen3_17b_base,hidden_input,7102,native_eos_pct,100.0
core,wikisql,qwen3_17b_base,hidden_input,7102,capped_pct,0.0
core,wikisql,qwen3_17b_base,hidden_input,7102,mean_generated_tokens,25.9296875
core,wikisql,qwen3_17b_base,hidden_output,7100,primary,75.1953125
core,wikisql,qwen3_17b_base,hidden_output,7100,lf_correct_pct,69.04296875
core,wikisql,qwen3_17b_base,hidden_output,7100,query_valid_pct,98.828125
core,wikisql,qwen3_17b_base,hidden_output,7100,execution_ok_pct,98.828125
core,wikisql,qwen3_17b_base,hidden_output,7100,empty_prediction_pct,12.109375
core,wikisql,qwen3_17b_base,hidden_output,7100,strict_json_pct,99.8046875
core,wikisql,qwen3_17b_base,hidden_output,7100,native_eos_pct,100.0
core,wikisql,qwen3_17b_base,hidden_output,7100,capped_pct,0.0
core,wikisql,qwen3_17b_base,hidden_output,7100,mean_generated_tokens,25.69140625
core,wikisql,qwen3_17b_base,hidden_output,7101,primary,73.33984375
core,wikisql,qwen3_17b_base,hidden_output,7101,lf_correct_pct,67.578125
core,wikisql,qwen3_17b_base,hidden_output,7101,query_valid_pct,98.6328125
core,wikisql,qwen3_17b_base,hidden_output,7101,execution_ok_pct,98.2421875
core,wikisql,qwen3_17b_base,hidden_output,7101,empty_prediction_pct,12.109375
core,wikisql,qwen3_17b_base,hidden_output,7101,strict_json_pct,99.70703125
core,wikisql,qwen3_17b_base,hidden_output,7101,native_eos_pct,100.0
core,wikisql,qwen3_17b_base,hidden_output,7101,capped_pct,0.0
core,wikisql,qwen3_17b_base,hidden_output,7101,mean_generated_tokens,25.900390625
core,wikisql,qwen3_17b_base,hidden_output,7102,primary,74.51171875
core,wikisql,qwen3_17b_base,hidden_output,7102,lf_correct_pct,68.75
core,wikisql,qwen3_17b_base,hidden_output,7102,query_valid_pct,99.12109375
core,wikisql,qwen3_17b_base,hidden_output,7102,execution_ok_pct,98.92578125
core,wikisql,qwen3_17b_base,hidden_output,7102,empty_prediction_pct,12.40234375
core,wikisql,qwen3_17b_base,hidden_output,7102,strict_json_pct,99.90234375
core,wikisql,qwen3_17b_base,hidden_output,7102,native_eos_pct,100.0
core,wikisql,qwen3_17b_base,hidden_output,7102,capped_pct,0.0
core,wikisql,qwen3_17b_base,hidden_output,7102,mean_generated_tokens,25.91015625
core,wikisql,qwen3_17b_base,hidden_both,7100,primary,76.26953125
core,wikisql,qwen3_17b_base,hidden_both,7100,lf_correct_pct,70.01953125
core,wikisql,qwen3_17b_base,hidden_both,7100,query_valid_pct,98.92578125
core,wikisql,qwen3_17b_base,hidden_both,7100,execution_ok_pct,98.92578125
core,wikisql,qwen3_17b_base,hidden_both,7100,empty_prediction_pct,11.328125
core,wikisql,qwen3_17b_base,hidden_both,7100,strict_json_pct,99.90234375
core,wikisql,qwen3_17b_base,hidden_both,7100,native_eos_pct,100.0
core,wikisql,qwen3_17b_base,hidden_both,7100,capped_pct,0.0
core,wikisql,qwen3_17b_base,hidden_both,7100,mean_generated_tokens,25.61328125
core,wikisql,qwen3_17b_base,hidden_both,7101,primary,73.73046875
core,wikisql,qwen3_17b_base,hidden_both,7101,lf_correct_pct,67.578125
core,wikisql,qwen3_17b_base,hidden_both,7101,query_valid_pct,98.92578125
core,wikisql,qwen3_17b_base,hidden_both,7101,execution_ok_pct,98.6328125
core,wikisql,qwen3_17b_base,hidden_both,7101,empty_prediction_pct,12.20703125
core,wikisql,qwen3_17b_base,hidden_both,7101,strict_json_pct,99.8046875
core,wikisql,qwen3_17b_base,hidden_both,7101,native_eos_pct,100.0
core,wikisql,qwen3_17b_base,hidden_both,7101,capped_pct,0.0
core,wikisql,qwen3_17b_base,hidden_both,7101,mean_generated_tokens,25.8193359375
core,wikisql,qwen3_17b_base,hidden_both,7102,primary,74.70703125
core,wikisql,qwen3_17b_base,hidden_both,7102,lf_correct_pct,68.84765625
core,wikisql,qwen3_17b_base,hidden_both,7102,query_valid_pct,99.12109375
core,wikisql,qwen3_17b_base,hidden_both,7102,execution_ok_pct,99.12109375
core,wikisql,qwen3_17b_base,hidden_both,7102,empty_prediction_pct,12.59765625
core,wikisql,qwen3_17b_base,hidden_both,7102,strict_json_pct,99.90234375
core,wikisql,qwen3_17b_base,hidden_both,7102,native_eos_pct,100.0
core,wikisql,qwen3_17b_base,hidden_both,7102,capped_pct,0.0
core,wikisql,qwen3_17b_base,hidden_both,7102,mean_generated_tokens,25.8896484375
core,wikisql,qwen3_17b_base,input,7100,primary,46.19140625
core,wikisql,qwen3_17b_base,input,7100,lf_correct_pct,37.109375
core,wikisql,qwen3_17b_base,input,7100,query_valid_pct,97.36328125
core,wikisql,qwen3_17b_base,input,7100,execution_ok_pct,96.38671875
core,wikisql,qwen3_17b_base,input,7100,empty_prediction_pct,30.76171875
core,wikisql,qwen3_17b_base,input,7100,strict_json_pct,99.8046875
core,wikisql,qwen3_17b_base,input,7100,native_eos_pct,100.0
core,wikisql,qwen3_17b_base,input,7100,capped_pct,0.0
core,wikisql,qwen3_17b_base,input,7100,mean_generated_tokens,25.7626953125
core,wikisql,qwen3_17b_base,input,7101,primary,42.1875
core,wikisql,qwen3_17b_base,input,7101,lf_correct_pct,33.203125
core,wikisql,qwen3_17b_base,input,7101,query_valid_pct,97.16796875
core,wikisql,qwen3_17b_base,input,7101,execution_ok_pct,96.97265625
core,wikisql,qwen3_17b_base,input,7101,empty_prediction_pct,34.9609375
core,wikisql,qwen3_17b_base,input,7101,strict_json_pct,99.0234375
core,wikisql,qwen3_17b_base,input,7101,native_eos_pct,99.90234375
core,wikisql,qwen3_17b_base,input,7101,capped_pct,0.09765625
core,wikisql,qwen3_17b_base,input,7101,mean_generated_tokens,26.1787109375
core,wikisql,qwen3_17b_base,input,7102,primary,41.2109375
core,wikisql,qwen3_17b_base,input,7102,lf_correct_pct,32.6171875
core,wikisql,qwen3_17b_base,input,7102,query_valid_pct,95.99609375
core,wikisql,qwen3_17b_base,input,7102,execution_ok_pct,94.921875
core,wikisql,qwen3_17b_base,input,7102,empty_prediction_pct,33.3984375
core,wikisql,qwen3_17b_base,input,7102,strict_json_pct,99.0234375
core,wikisql,qwen3_17b_base,input,7102,native_eos_pct,99.8046875
core,wikisql,qwen3_17b_base,input,7102,capped_pct,0.1953125
core,wikisql,qwen3_17b_base,input,7102,mean_generated_tokens,26.5078125
core,wikisql,qwen3_17b_base,output,7100,primary,13.18359375
core,wikisql,qwen3_17b_base,output,7100,lf_correct_pct,9.765625
core,wikisql,qwen3_17b_base,output,7100,query_valid_pct,97.16796875
core,wikisql,qwen3_17b_base,output,7100,execution_ok_pct,90.8203125
core,wikisql,qwen3_17b_base,output,7100,empty_prediction_pct,65.72265625
core,wikisql,qwen3_17b_base,output,7100,strict_json_pct,98.2421875
core,wikisql,qwen3_17b_base,output,7100,native_eos_pct,98.53515625
core,wikisql,qwen3_17b_base,output,7100,capped_pct,1.46484375
core,wikisql,qwen3_17b_base,output,7100,mean_generated_tokens,28.78515625
core,wikisql,qwen3_17b_base,output,7101,primary,12.40234375
core,wikisql,qwen3_17b_base,output,7101,lf_correct_pct,8.984375
core,wikisql,qwen3_17b_base,output,7101,query_valid_pct,96.484375
core,wikisql,qwen3_17b_base,output,7101,execution_ok_pct,90.13671875
core,wikisql,qwen3_17b_base,output,7101,empty_prediction_pct,66.50390625
core,wikisql,qwen3_17b_base,output,7101,strict_json_pct,98.14453125
core,wikisql,qwen3_17b_base,output,7101,native_eos_pct,98.33984375
core,wikisql,qwen3_17b_base,output,7101,capped_pct,1.66015625
core,wikisql,qwen3_17b_base,output,7101,mean_generated_tokens,29.03515625
core,wikisql,qwen3_17b_base,output,7102,primary,11.42578125
core,wikisql,qwen3_17b_base,output,7102,lf_correct_pct,8.203125
core,wikisql,qwen3_17b_base,output,7102,query_valid_pct,96.58203125
core,wikisql,qwen3_17b_base,output,7102,execution_ok_pct,90.72265625
core,wikisql,qwen3_17b_base,output,7102,empty_prediction_pct,66.40625
core,wikisql,qwen3_17b_base,output,7102,strict_json_pct,97.55859375
core,wikisql,qwen3_17b_base,output,7102,native_eos_pct,97.75390625
core,wikisql,qwen3_17b_base,output,7102,capped_pct,2.24609375
core,wikisql,qwen3_17b_base,output,7102,mean_generated_tokens,30.359375
core,wikisql,qwen3_17b_base,both,7100,primary,54.00390625
core,wikisql,qwen3_17b_base,both,7100,lf_correct_pct,45.703125
core,wikisql,qwen3_17b_base,both,7100,query_valid_pct,99.12109375
core,wikisql,qwen3_17b_base,both,7100,execution_ok_pct,98.73046875
core,wikisql,qwen3_17b_base,both,7100,empty_prediction_pct,24.21875
core,wikisql,qwen3_17b_base,both,7100,strict_json_pct,99.8046875
core,wikisql,qwen3_17b_base,both,7100,native_eos_pct,100.0
core,wikisql,qwen3_17b_base,both,7100,capped_pct,0.0
core,wikisql,qwen3_17b_base,both,7100,mean_generated_tokens,25.62109375
core,wikisql,qwen3_17b_base,both,7101,primary,52.9296875
core,wikisql,qwen3_17b_base,both,7101,lf_correct_pct,43.45703125
core,wikisql,qwen3_17b_base,both,7101,query_valid_pct,98.33984375
core,wikisql,qwen3_17b_base,both,7101,execution_ok_pct,98.046875
core,wikisql,qwen3_17b_base,both,7101,empty_prediction_pct,27.44140625
core,wikisql,qwen3_17b_base,both,7101,strict_json_pct,99.31640625
core,wikisql,qwen3_17b_base,both,7101,native_eos_pct,99.8046875
core,wikisql,qwen3_17b_base,both,7101,capped_pct,0.1953125
core,wikisql,qwen3_17b_base,both,7101,mean_generated_tokens,26.177734375
core,wikisql,qwen3_17b_base,both,7102,primary,55.37109375
core,wikisql,qwen3_17b_base,both,7102,lf_correct_pct,46.6796875
core,wikisql,qwen3_17b_base,both,7102,query_valid_pct,99.21875
core,wikisql,qwen3_17b_base,both,7102,execution_ok_pct,98.73046875
core,wikisql,qwen3_17b_base,both,7102,empty_prediction_pct,24.12109375
core,wikisql,qwen3_17b_base,both,7102,strict_json_pct,99.90234375
core,wikisql,qwen3_17b_base,both,7102,native_eos_pct,99.90234375
core,wikisql,qwen3_17b_base,both,7102,capped_pct,0.09765625
core,wikisql,qwen3_17b_base,both,7102,mean_generated_tokens,25.8193359375
core,wikisql,qwen3_4b_base,base,,primary,39.0625
core,wikisql,qwen3_4b_base,base,,lf_correct_pct,30.17578125
core,wikisql,qwen3_4b_base,base,,query_valid_pct,98.53515625
core,wikisql,qwen3_4b_base,base,,execution_ok_pct,98.14453125
core,wikisql,qwen3_4b_base,base,,empty_prediction_pct,22.265625
core,wikisql,qwen3_4b_base,base,,strict_json_pct,94.43359375
core,wikisql,qwen3_4b_base,base,,native_eos_pct,99.8046875
core,wikisql,qwen3_4b_base,base,,capped_pct,0.1953125
core,wikisql,qwen3_4b_base,base,,mean_generated_tokens,37.3974609375
core,wikisql,qwen3_4b_base,hidden,7100,primary,81.93359375
core,wikisql,qwen3_4b_base,hidden,7100,lf_correct_pct,76.46484375
core,wikisql,qwen3_4b_base,hidden,7100,query_valid_pct,99.51171875
core,wikisql,qwen3_4b_base,hidden,7100,execution_ok_pct,99.4140625
core,wikisql,qwen3_4b_base,hidden,7100,empty_prediction_pct,8.69140625
core,wikisql,qwen3_4b_base,hidden,7100,strict_json_pct,100.0
core,wikisql,qwen3_4b_base,hidden,7100,native_eos_pct,100.0
core,wikisql,qwen3_4b_base,hidden,7100,capped_pct,0.0
core,wikisql,qwen3_4b_base,hidden,7100,mean_generated_tokens,25.853515625
core,wikisql,qwen3_4b_base,hidden,7101,primary,81.15234375
core,wikisql,qwen3_4b_base,hidden,7101,lf_correct_pct,75.48828125
core,wikisql,qwen3_4b_base,hidden,7101,query_valid_pct,99.70703125
core,wikisql,qwen3_4b_base,hidden,7101,execution_ok_pct,99.31640625
core,wikisql,qwen3_4b_base,hidden,7101,empty_prediction_pct,9.1796875
core,wikisql,qwen3_4b_base,hidden,7101,strict_json_pct,100.0
core,wikisql,qwen3_4b_base,hidden,7101,native_eos_pct,100.0
core,wikisql,qwen3_4b_base,hidden,7101,capped_pct,0.0
core,wikisql,qwen3_4b_base,hidden,7101,mean_generated_tokens,25.759765625
core,wikisql,qwen3_4b_base,hidden,7102,primary,79.98046875
core,wikisql,qwen3_4b_base,hidden,7102,lf_correct_pct,74.609375
core,wikisql,qwen3_4b_base,hidden,7102,query_valid_pct,99.4140625
core,wikisql,qwen3_4b_base,hidden,7102,execution_ok_pct,99.12109375
core,wikisql,qwen3_4b_base,hidden,7102,empty_prediction_pct,8.984375
core,wikisql,qwen3_4b_base,hidden,7102,strict_json_pct,100.0
core,wikisql,qwen3_4b_base,hidden,7102,native_eos_pct,100.0
core,wikisql,qwen3_4b_base,hidden,7102,capped_pct,0.0
core,wikisql,qwen3_4b_base,hidden,7102,mean_generated_tokens,25.759765625
core,wikisql,qwen3_4b_base,hidden_budget,7100,primary,81.73828125
core,wikisql,qwen3_4b_base,hidden_budget,7100,lf_correct_pct,76.07421875
core,wikisql,qwen3_4b_base,hidden_budget,7100,query_valid_pct,99.51171875
core,wikisql,qwen3_4b_base,hidden_budget,7100,execution_ok_pct,99.31640625
core,wikisql,qwen3_4b_base,hidden_budget,7100,empty_prediction_pct,8.88671875
core,wikisql,qwen3_4b_base,hidden_budget,7100,strict_json_pct,100.0
core,wikisql,qwen3_4b_base,hidden_budget,7100,native_eos_pct,100.0
core,wikisql,qwen3_4b_base,hidden_budget,7100,capped_pct,0.0
core,wikisql,qwen3_4b_base,hidden_budget,7100,mean_generated_tokens,25.873046875
core,wikisql,qwen3_4b_base,hidden_budget,7101,primary,81.4453125
core,wikisql,qwen3_4b_base,hidden_budget,7101,lf_correct_pct,75.5859375
core,wikisql,qwen3_4b_base,hidden_budget,7101,query_valid_pct,99.70703125
core,wikisql,qwen3_4b_base,hidden_budget,7101,execution_ok_pct,99.31640625
core,wikisql,qwen3_4b_base,hidden_budget,7101,empty_prediction_pct,8.7890625
core,wikisql,qwen3_4b_base,hidden_budget,7101,strict_json_pct,100.0
core,wikisql,qwen3_4b_base,hidden_budget,7101,native_eos_pct,100.0
core,wikisql,qwen3_4b_base,hidden_budget,7101,capped_pct,0.0
core,wikisql,qwen3_4b_base,hidden_budget,7101,mean_generated_tokens,25.7451171875
core,wikisql,qwen3_4b_base,hidden_budget,7102,primary,81.15234375
core,wikisql,qwen3_4b_base,hidden_budget,7102,lf_correct_pct,75.390625
core,wikisql,qwen3_4b_base,hidden_budget,7102,query_valid_pct,99.609375
core,wikisql,qwen3_4b_base,hidden_budget,7102,execution_ok_pct,99.21875
core,wikisql,qwen3_4b_base,hidden_budget,7102,empty_prediction_pct,8.7890625
core,wikisql,qwen3_4b_base,hidden_budget,7102,strict_json_pct,100.0
core,wikisql,qwen3_4b_base,hidden_budget,7102,native_eos_pct,100.0
core,wikisql,qwen3_4b_base,hidden_budget,7102,capped_pct,0.0
core,wikisql,qwen3_4b_base,hidden_budget,7102,mean_generated_tokens,25.7978515625
core,wikisql,qwen3_4b_base,hidden_input,7100,primary,81.34765625
core,wikisql,qwen3_4b_base,hidden_input,7100,lf_correct_pct,75.390625
core,wikisql,qwen3_4b_base,hidden_input,7100,query_valid_pct,99.51171875
core,wikisql,qwen3_4b_base,hidden_input,7100,execution_ok_pct,99.51171875
core,wikisql,qwen3_4b_base,hidden_input,7100,empty_prediction_pct,8.7890625
core,wikisql,qwen3_4b_base,hidden_input,7100,strict_json_pct,100.0
core,wikisql,qwen3_4b_base,hidden_input,7100,native_eos_pct,100.0
core,wikisql,qwen3_4b_base,hidden_input,7100,capped_pct,0.0
core,wikisql,qwen3_4b_base,hidden_input,7100,mean_generated_tokens,25.8173828125
core,wikisql,qwen3_4b_base,hidden_input,7101,primary,81.73828125
core,wikisql,qwen3_4b_base,hidden_input,7101,lf_correct_pct,76.171875
core,wikisql,qwen3_4b_base,hidden_input,7101,query_valid_pct,99.51171875
core,wikisql,qwen3_4b_base,hidden_input,7101,execution_ok_pct,99.51171875
core,wikisql,qwen3_4b_base,hidden_input,7101,empty_prediction_pct,8.7890625
core,wikisql,qwen3_4b_base,hidden_input,7101,strict_json_pct,100.0
core,wikisql,qwen3_4b_base,hidden_input,7101,native_eos_pct,100.0
core,wikisql,qwen3_4b_base,hidden_input,7101,capped_pct,0.0
core,wikisql,qwen3_4b_base,hidden_input,7101,mean_generated_tokens,25.8017578125
core,wikisql,qwen3_4b_base,hidden_input,7102,primary,80.95703125
core,wikisql,qwen3_4b_base,hidden_input,7102,lf_correct_pct,75.48828125
core,wikisql,qwen3_4b_base,hidden_input,7102,query_valid_pct,99.4140625
core,wikisql,qwen3_4b_base,hidden_input,7102,execution_ok_pct,99.21875
core,wikisql,qwen3_4b_base,hidden_input,7102,empty_prediction_pct,8.59375
core,wikisql,qwen3_4b_base,hidden_input,7102,strict_json_pct,99.90234375
core,wikisql,qwen3_4b_base,hidden_input,7102,native_eos_pct,100.0
core,wikisql,qwen3_4b_base,hidden_input,7102,capped_pct,0.0
core,wikisql,qwen3_4b_base,hidden_input,7102,mean_generated_tokens,25.755859375
core,wikisql,qwen3_4b_base,hidden_output,7100,primary,82.421875
core,wikisql,qwen3_4b_base,hidden_output,7100,lf_correct_pct,77.05078125
core,wikisql,qwen3_4b_base,hidden_output,7100,query_valid_pct,99.51171875
core,wikisql,qwen3_4b_base,hidden_output,7100,execution_ok_pct,99.51171875
core,wikisql,qwen3_4b_base,hidden_output,7100,empty_prediction_pct,8.0078125
core,wikisql,qwen3_4b_base,hidden_output,7100,strict_json_pct,100.0
core,wikisql,qwen3_4b_base,hidden_output,7100,native_eos_pct,100.0
core,wikisql,qwen3_4b_base,hidden_output,7100,capped_pct,0.0
core,wikisql,qwen3_4b_base,hidden_output,7100,mean_generated_tokens,25.8544921875
core,wikisql,qwen3_4b_base,hidden_output,7101,primary,82.03125
core,wikisql,qwen3_4b_base,hidden_output,7101,lf_correct_pct,76.171875
core,wikisql,qwen3_4b_base,hidden_output,7101,query_valid_pct,99.609375
core,wikisql,qwen3_4b_base,hidden_output,7101,execution_ok_pct,99.51171875
core,wikisql,qwen3_4b_base,hidden_output,7101,empty_prediction_pct,7.8125
core,wikisql,qwen3_4b_base,hidden_output,7101,strict_json_pct,99.90234375
core,wikisql,qwen3_4b_base,hidden_output,7101,native_eos_pct,100.0
core,wikisql,qwen3_4b_base,hidden_output,7101,capped_pct,0.0
core,wikisql,qwen3_4b_base,hidden_output,7101,mean_generated_tokens,25.830078125
core,wikisql,qwen3_4b_base,hidden_output,7102,primary,81.4453125
core,wikisql,qwen3_4b_base,hidden_output,7102,lf_correct_pct,76.171875
core,wikisql,qwen3_4b_base,hidden_output,7102,query_valid_pct,99.0234375
core,wikisql,qwen3_4b_base,hidden_output,7102,execution_ok_pct,98.92578125
core,wikisql,qwen3_4b_base,hidden_output,7102,empty_prediction_pct,8.30078125
core,wikisql,qwen3_4b_base,hidden_output,7102,strict_json_pct,100.0
core,wikisql,qwen3_4b_base,hidden_output,7102,native_eos_pct,100.0
core,wikisql,qwen3_4b_base,hidden_output,7102,capped_pct,0.0
core,wikisql,qwen3_4b_base,hidden_output,7102,mean_generated_tokens,25.767578125
core,wikisql,qwen3_4b_base,hidden_both,7100,primary,82.6171875
core,wikisql,qwen3_4b_base,hidden_both,7100,lf_correct_pct,76.7578125
core,wikisql,qwen3_4b_base,hidden_both,7100,query_valid_pct,99.8046875
core,wikisql,qwen3_4b_base,hidden_both,7100,execution_ok_pct,99.70703125
core,wikisql,qwen3_4b_base,hidden_both,7100,empty_prediction_pct,8.3984375
core,wikisql,qwen3_4b_base,hidden_both,7100,strict_json_pct,100.0
core,wikisql,qwen3_4b_base,hidden_both,7100,native_eos_pct,100.0
core,wikisql,qwen3_4b_base,hidden_both,7100,capped_pct,0.0
core,wikisql,qwen3_4b_base,hidden_both,7100,mean_generated_tokens,25.8359375
core,wikisql,qwen3_4b_base,hidden_both,7101,primary,81.54296875
core,wikisql,qwen3_4b_base,hidden_both,7101,lf_correct_pct,75.87890625
core,wikisql,qwen3_4b_base,hidden_both,7101,query_valid_pct,99.609375
core,wikisql,qwen3_4b_base,hidden_both,7101,execution_ok_pct,99.4140625
core,wikisql,qwen3_4b_base,hidden_both,7101,empty_prediction_pct,8.203125
core,wikisql,qwen3_4b_base,hidden_both,7101,strict_json_pct,99.90234375
core,wikisql,qwen3_4b_base,hidden_both,7101,native_eos_pct,100.0
core,wikisql,qwen3_4b_base,hidden_both,7101,capped_pct,0.0
core,wikisql,qwen3_4b_base,hidden_both,7101,mean_generated_tokens,25.8486328125
core,wikisql,qwen3_4b_base,hidden_both,7102,primary,82.8125
core,wikisql,qwen3_4b_base,hidden_both,7102,lf_correct_pct,76.7578125
core,wikisql,qwen3_4b_base,hidden_both,7102,query_valid_pct,99.31640625
core,wikisql,qwen3_4b_base,hidden_both,7102,execution_ok_pct,99.21875
core,wikisql,qwen3_4b_base,hidden_both,7102,empty_prediction_pct,7.71484375
core,wikisql,qwen3_4b_base,hidden_both,7102,strict_json_pct,100.0
core,wikisql,qwen3_4b_base,hidden_both,7102,native_eos_pct,100.0
core,wikisql,qwen3_4b_base,hidden_both,7102,capped_pct,0.0
core,wikisql,qwen3_4b_base,hidden_both,7102,mean_generated_tokens,25.791015625
core,wikisql,qwen3_4b_base,input,7100,primary,55.46875
core,wikisql,qwen3_4b_base,input,7100,lf_correct_pct,47.16796875
core,wikisql,qwen3_4b_base,input,7100,query_valid_pct,93.75
core,wikisql,qwen3_4b_base,input,7100,execution_ok_pct,93.359375
core,wikisql,qwen3_4b_base,input,7100,empty_prediction_pct,22.265625
core,wikisql,qwen3_4b_base,input,7100,strict_json_pct,94.140625
core,wikisql,qwen3_4b_base,input,7100,native_eos_pct,99.609375
core,wikisql,qwen3_4b_base,input,7100,capped_pct,0.390625
core,wikisql,qwen3_4b_base,input,7100,mean_generated_tokens,26.3701171875
core,wikisql,qwen3_4b_base,input,7101,primary,53.02734375
core,wikisql,qwen3_4b_base,input,7101,lf_correct_pct,44.3359375
core,wikisql,qwen3_4b_base,input,7101,query_valid_pct,92.578125
core,wikisql,qwen3_4b_base,input,7101,execution_ok_pct,92.28515625
core,wikisql,qwen3_4b_base,input,7101,empty_prediction_pct,22.65625
core,wikisql,qwen3_4b_base,input,7101,strict_json_pct,92.7734375
core,wikisql,qwen3_4b_base,input,7101,native_eos_pct,99.51171875
core,wikisql,qwen3_4b_base,input,7101,capped_pct,0.48828125
core,wikisql,qwen3_4b_base,input,7101,mean_generated_tokens,26.2646484375
core,wikisql,qwen3_4b_base,input,7102,primary,55.76171875
core,wikisql,qwen3_4b_base,input,7102,lf_correct_pct,46.875
core,wikisql,qwen3_4b_base,input,7102,query_valid_pct,94.3359375
core,wikisql,qwen3_4b_base,input,7102,execution_ok_pct,93.84765625
core,wikisql,qwen3_4b_base,input,7102,empty_prediction_pct,21.6796875
core,wikisql,qwen3_4b_base,input,7102,strict_json_pct,94.7265625
core,wikisql,qwen3_4b_base,input,7102,native_eos_pct,99.70703125
core,wikisql,qwen3_4b_base,input,7102,capped_pct,0.29296875
core,wikisql,qwen3_4b_base,input,7102,mean_generated_tokens,26.166015625
core,wikisql,qwen3_4b_base,output,7100,primary,49.0234375
core,wikisql,qwen3_4b_base,output,7100,lf_correct_pct,40.234375
core,wikisql,qwen3_4b_base,output,7100,query_valid_pct,99.70703125
core,wikisql,qwen3_4b_base,output,7100,execution_ok_pct,97.16796875
core,wikisql,qwen3_4b_base,output,7100,empty_prediction_pct,28.90625
core,wikisql,qwen3_4b_base,output,7100,strict_json_pct,99.8046875
core,wikisql,qwen3_4b_base,output,7100,native_eos_pct,99.8046875
core,wikisql,qwen3_4b_base,output,7100,capped_pct,0.1953125
core,wikisql,qwen3_4b_base,output,7100,mean_generated_tokens,25.5537109375
core,wikisql,qwen3_4b_base,output,7101,primary,48.6328125
core,wikisql,qwen3_4b_base,output,7101,lf_correct_pct,40.33203125
core,wikisql,qwen3_4b_base,output,7101,query_valid_pct,99.70703125
core,wikisql,qwen3_4b_base,output,7101,execution_ok_pct,96.58203125
core,wikisql,qwen3_4b_base,output,7101,empty_prediction_pct,28.22265625
core,wikisql,qwen3_4b_base,output,7101,strict_json_pct,99.70703125
core,wikisql,qwen3_4b_base,output,7101,native_eos_pct,99.8046875
core,wikisql,qwen3_4b_base,output,7101,capped_pct,0.1953125
core,wikisql,qwen3_4b_base,output,7101,mean_generated_tokens,25.6796875
core,wikisql,qwen3_4b_base,output,7102,primary,48.53515625
core,wikisql,qwen3_4b_base,output,7102,lf_correct_pct,40.234375
core,wikisql,qwen3_4b_base,output,7102,query_valid_pct,99.4140625
core,wikisql,qwen3_4b_base,output,7102,execution_ok_pct,96.58203125
core,wikisql,qwen3_4b_base,output,7102,empty_prediction_pct,29.58984375
core,wikisql,qwen3_4b_base,output,7102,strict_json_pct,99.609375
core,wikisql,qwen3_4b_base,output,7102,native_eos_pct,99.70703125
core,wikisql,qwen3_4b_base,output,7102,capped_pct,0.29296875
core,wikisql,qwen3_4b_base,output,7102,mean_generated_tokens,25.814453125
core,wikisql,qwen3_4b_base,both,7100,primary,66.6015625
core,wikisql,qwen3_4b_base,both,7100,lf_correct_pct,57.32421875
core,wikisql,qwen3_4b_base,both,7100,query_valid_pct,100.0
core,wikisql,qwen3_4b_base,both,7100,execution_ok_pct,99.4140625
core,wikisql,qwen3_4b_base,both,7100,empty_prediction_pct,16.40625
core,wikisql,qwen3_4b_base,both,7100,strict_json_pct,100.0
core,wikisql,qwen3_4b_base,both,7100,native_eos_pct,100.0
core,wikisql,qwen3_4b_base,both,7100,capped_pct,0.0
core,wikisql,qwen3_4b_base,both,7100,mean_generated_tokens,25.4501953125
core,wikisql,qwen3_4b_base,both,7101,primary,64.74609375
core,wikisql,qwen3_4b_base,both,7101,lf_correct_pct,56.0546875
core,wikisql,qwen3_4b_base,both,7101,query_valid_pct,99.8046875
core,wikisql,qwen3_4b_base,both,7101,execution_ok_pct,99.31640625
core,wikisql,qwen3_4b_base,both,7101,empty_prediction_pct,16.9921875
core,wikisql,qwen3_4b_base,both,7101,strict_json_pct,99.8046875
core,wikisql,qwen3_4b_base,both,7101,native_eos_pct,100.0
core,wikisql,qwen3_4b_base,both,7101,capped_pct,0.0
core,wikisql,qwen3_4b_base,both,7101,mean_generated_tokens,25.4736328125
core,wikisql,qwen3_4b_base,both,7102,primary,66.6015625
core,wikisql,qwen3_4b_base,both,7102,lf_correct_pct,57.51953125
core,wikisql,qwen3_4b_base,both,7102,query_valid_pct,99.70703125
core,wikisql,qwen3_4b_base,both,7102,execution_ok_pct,98.92578125
core,wikisql,qwen3_4b_base,both,7102,empty_prediction_pct,15.72265625
core,wikisql,qwen3_4b_base,both,7102,strict_json_pct,99.8046875
core,wikisql,qwen3_4b_base,both,7102,native_eos_pct,100.0
core,wikisql,qwen3_4b_base,both,7102,capped_pct,0.0
core,wikisql,qwen3_4b_base,both,7102,mean_generated_tokens,25.5712890625
core,wikisql,qwen3_8b_base,base,,primary,46.58203125
core,wikisql,qwen3_8b_base,base,,lf_correct_pct,38.4765625
core,wikisql,qwen3_8b_base,base,,query_valid_pct,99.0234375
core,wikisql,qwen3_8b_base,base,,execution_ok_pct,98.828125
core,wikisql,qwen3_8b_base,base,,empty_prediction_pct,14.55078125
core,wikisql,qwen3_8b_base,base,,strict_json_pct,91.9921875
core,wikisql,qwen3_8b_base,base,,native_eos_pct,93.65234375
core,wikisql,qwen3_8b_base,base,,capped_pct,6.34765625
core,wikisql,qwen3_8b_base,base,,mean_generated_tokens,40.8779296875
core,wikisql,qwen3_8b_base,hidden,7100,primary,82.91015625
core,wikisql,qwen3_8b_base,hidden,7100,lf_correct_pct,77.734375
core,wikisql,qwen3_8b_base,hidden,7100,query_valid_pct,99.70703125
core,wikisql,qwen3_8b_base,hidden,7100,execution_ok_pct,99.51171875
core,wikisql,qwen3_8b_base,hidden,7100,empty_prediction_pct,7.91015625
core,wikisql,qwen3_8b_base,hidden,7100,strict_json_pct,100.0
core,wikisql,qwen3_8b_base,hidden,7100,native_eos_pct,100.0
core,wikisql,qwen3_8b_base,hidden,7100,capped_pct,0.0
core,wikisql,qwen3_8b_base,hidden,7100,mean_generated_tokens,25.9150390625
core,wikisql,qwen3_8b_base,hidden,7101,primary,82.91015625
core,wikisql,qwen3_8b_base,hidden,7101,lf_correct_pct,77.5390625
core,wikisql,qwen3_8b_base,hidden,7101,query_valid_pct,100.0
core,wikisql,qwen3_8b_base,hidden,7101,execution_ok_pct,100.0
core,wikisql,qwen3_8b_base,hidden,7101,empty_prediction_pct,8.203125
core,wikisql,qwen3_8b_base,hidden,7101,strict_json_pct,100.0
core,wikisql,qwen3_8b_base,hidden,7101,native_eos_pct,100.0
core,wikisql,qwen3_8b_base,hidden,7101,capped_pct,0.0
core,wikisql,qwen3_8b_base,hidden,7101,mean_generated_tokens,25.896484375
core,wikisql,qwen3_8b_base,hidden,7102,primary,83.59375
core,wikisql,qwen3_8b_base,hidden,7102,lf_correct_pct,78.3203125
core,wikisql,qwen3_8b_base,hidden,7102,query_valid_pct,99.90234375
core,wikisql,qwen3_8b_base,hidden,7102,execution_ok_pct,99.70703125
core,wikisql,qwen3_8b_base,hidden,7102,empty_prediction_pct,7.32421875
core,wikisql,qwen3_8b_base,hidden,7102,strict_json_pct,100.0
core,wikisql,qwen3_8b_base,hidden,7102,native_eos_pct,100.0
core,wikisql,qwen3_8b_base,hidden,7102,capped_pct,0.0
core,wikisql,qwen3_8b_base,hidden,7102,mean_generated_tokens,25.8173828125
core,wikisql,qwen3_8b_base,hidden_budget,7100,primary,82.8125
core,wikisql,qwen3_8b_base,hidden_budget,7100,lf_correct_pct,77.5390625
core,wikisql,qwen3_8b_base,hidden_budget,7100,query_valid_pct,99.70703125
core,wikisql,qwen3_8b_base,hidden_budget,7100,execution_ok_pct,99.4140625
core,wikisql,qwen3_8b_base,hidden_budget,7100,empty_prediction_pct,8.10546875
core,wikisql,qwen3_8b_base,hidden_budget,7100,strict_json_pct,100.0
core,wikisql,qwen3_8b_base,hidden_budget,7100,native_eos_pct,100.0
core,wikisql,qwen3_8b_base,hidden_budget,7100,capped_pct,0.0
core,wikisql,qwen3_8b_base,hidden_budget,7100,mean_generated_tokens,25.9248046875
core,wikisql,qwen3_8b_base,hidden_budget,7101,primary,82.51953125
core,wikisql,qwen3_8b_base,hidden_budget,7101,lf_correct_pct,76.953125
core,wikisql,qwen3_8b_base,hidden_budget,7101,query_valid_pct,99.8046875
core,wikisql,qwen3_8b_base,hidden_budget,7101,execution_ok_pct,99.70703125
core,wikisql,qwen3_8b_base,hidden_budget,7101,empty_prediction_pct,7.91015625
core,wikisql,qwen3_8b_base,hidden_budget,7101,strict_json_pct,100.0
core,wikisql,qwen3_8b_base,hidden_budget,7101,native_eos_pct,100.0
core,wikisql,qwen3_8b_base,hidden_budget,7101,capped_pct,0.0
core,wikisql,qwen3_8b_base,hidden_budget,7101,mean_generated_tokens,25.8779296875
core,wikisql,qwen3_8b_base,hidden_budget,7102,primary,83.7890625
core,wikisql,qwen3_8b_base,hidden_budget,7102,lf_correct_pct,78.515625
core,wikisql,qwen3_8b_base,hidden_budget,7102,query_valid_pct,99.90234375
core,wikisql,qwen3_8b_base,hidden_budget,7102,execution_ok_pct,99.70703125
core,wikisql,qwen3_8b_base,hidden_budget,7102,empty_prediction_pct,7.6171875
core,wikisql,qwen3_8b_base,hidden_budget,7102,strict_json_pct,100.0
core,wikisql,qwen3_8b_base,hidden_budget,7102,native_eos_pct,100.0
core,wikisql,qwen3_8b_base,hidden_budget,7102,capped_pct,0.0
core,wikisql,qwen3_8b_base,hidden_budget,7102,mean_generated_tokens,25.8154296875
core,wikisql,qwen3_8b_base,hidden_input,7100,primary,82.8125
core,wikisql,qwen3_8b_base,hidden_input,7100,lf_correct_pct,77.734375
core,wikisql,qwen3_8b_base,hidden_input,7100,query_valid_pct,99.70703125
core,wikisql,qwen3_8b_base,hidden_input,7100,execution_ok_pct,99.51171875
core,wikisql,qwen3_8b_base,hidden_input,7100,empty_prediction_pct,8.49609375
core,wikisql,qwen3_8b_base,hidden_input,7100,strict_json_pct,100.0
core,wikisql,qwen3_8b_base,hidden_input,7100,native_eos_pct,100.0
core,wikisql,qwen3_8b_base,hidden_input,7100,capped_pct,0.0
core,wikisql,qwen3_8b_base,hidden_input,7100,mean_generated_tokens,25.892578125
core,wikisql,qwen3_8b_base,hidden_input,7101,primary,82.91015625
core,wikisql,qwen3_8b_base,hidden_input,7101,lf_correct_pct,77.83203125
core,wikisql,qwen3_8b_base,hidden_input,7101,query_valid_pct,99.90234375
core,wikisql,qwen3_8b_base,hidden_input,7101,execution_ok_pct,99.90234375
core,wikisql,qwen3_8b_base,hidden_input,7101,empty_prediction_pct,7.71484375
core,wikisql,qwen3_8b_base,hidden_input,7101,strict_json_pct,100.0
core,wikisql,qwen3_8b_base,hidden_input,7101,native_eos_pct,100.0
core,wikisql,qwen3_8b_base,hidden_input,7101,capped_pct,0.0
core,wikisql,qwen3_8b_base,hidden_input,7101,mean_generated_tokens,25.873046875
core,wikisql,qwen3_8b_base,hidden_input,7102,primary,83.49609375
core,wikisql,qwen3_8b_base,hidden_input,7102,lf_correct_pct,78.22265625
core,wikisql,qwen3_8b_base,hidden_input,7102,query_valid_pct,99.90234375
core,wikisql,qwen3_8b_base,hidden_input,7102,execution_ok_pct,99.90234375
core,wikisql,qwen3_8b_base,hidden_input,7102,empty_prediction_pct,7.8125
core,wikisql,qwen3_8b_base,hidden_input,7102,strict_json_pct,100.0
core,wikisql,qwen3_8b_base,hidden_input,7102,native_eos_pct,100.0
core,wikisql,qwen3_8b_base,hidden_input,7102,capped_pct,0.0
core,wikisql,qwen3_8b_base,hidden_input,7102,mean_generated_tokens,25.828125
core,wikisql,qwen3_8b_base,hidden_output,7100,primary,82.2265625
core,wikisql,qwen3_8b_base,hidden_output,7100,lf_correct_pct,77.1484375
core,wikisql,qwen3_8b_base,hidden_output,7100,query_valid_pct,99.90234375
core,wikisql,qwen3_8b_base,hidden_output,7100,execution_ok_pct,99.8046875
core,wikisql,qwen3_8b_base,hidden_output,7100,empty_prediction_pct,8.3984375
core,wikisql,qwen3_8b_base,hidden_output,7100,strict_json_pct,100.0
core,wikisql,qwen3_8b_base,hidden_output,7100,native_eos_pct,100.0
core,wikisql,qwen3_8b_base,hidden_output,7100,capped_pct,0.0
core,wikisql,qwen3_8b_base,hidden_output,7100,mean_generated_tokens,25.9404296875
core,wikisql,qwen3_8b_base,hidden_output,7101,primary,83.984375
core,wikisql,qwen3_8b_base,hidden_output,7101,lf_correct_pct,79.00390625
core,wikisql,qwen3_8b_base,hidden_output,7101,query_valid_pct,99.90234375
core,wikisql,qwen3_8b_base,hidden_output,7101,execution_ok_pct,99.90234375
core,wikisql,qwen3_8b_base,hidden_output,7101,empty_prediction_pct,7.32421875
core,wikisql,qwen3_8b_base,hidden_output,7101,strict_json_pct,100.0
core,wikisql,qwen3_8b_base,hidden_output,7101,native_eos_pct,100.0
core,wikisql,qwen3_8b_base,hidden_output,7101,capped_pct,0.0
core,wikisql,qwen3_8b_base,hidden_output,7101,mean_generated_tokens,25.888671875
core,wikisql,qwen3_8b_base,hidden_output,7102,primary,84.47265625
core,wikisql,qwen3_8b_base,hidden_output,7102,lf_correct_pct,79.58984375
core,wikisql,qwen3_8b_base,hidden_output,7102,query_valid_pct,100.0
core,wikisql,qwen3_8b_base,hidden_output,7102,execution_ok_pct,99.90234375
core,wikisql,qwen3_8b_base,hidden_output,7102,empty_prediction_pct,7.32421875
core,wikisql,qwen3_8b_base,hidden_output,7102,strict_json_pct,100.0
core,wikisql,qwen3_8b_base,hidden_output,7102,native_eos_pct,100.0
core,wikisql,qwen3_8b_base,hidden_output,7102,capped_pct,0.0
core,wikisql,qwen3_8b_base,hidden_output,7102,mean_generated_tokens,25.8212890625
core,wikisql,qwen3_8b_base,hidden_both,7100,primary,83.10546875
core,wikisql,qwen3_8b_base,hidden_both,7100,lf_correct_pct,78.02734375
core,wikisql,qwen3_8b_base,hidden_both,7100,query_valid_pct,99.90234375
core,wikisql,qwen3_8b_base,hidden_both,7100,execution_ok_pct,99.8046875
core,wikisql,qwen3_8b_base,hidden_both,7100,empty_prediction_pct,7.91015625
core,wikisql,qwen3_8b_base,hidden_both,7100,strict_json_pct,100.0
core,wikisql,qwen3_8b_base,hidden_both,7100,native_eos_pct,100.0
core,wikisql,qwen3_8b_base,hidden_both,7100,capped_pct,0.0
core,wikisql,qwen3_8b_base,hidden_both,7100,mean_generated_tokens,25.9228515625
core,wikisql,qwen3_8b_base,hidden_both,7101,primary,83.59375
core,wikisql,qwen3_8b_base,hidden_both,7101,lf_correct_pct,78.80859375
core,wikisql,qwen3_8b_base,hidden_both,7101,query_valid_pct,99.8046875
core,wikisql,qwen3_8b_base,hidden_both,7101,execution_ok_pct,99.8046875
core,wikisql,qwen3_8b_base,hidden_both,7101,empty_prediction_pct,7.12890625
core,wikisql,qwen3_8b_base,hidden_both,7101,strict_json_pct,100.0
core,wikisql,qwen3_8b_base,hidden_both,7101,native_eos_pct,100.0
core,wikisql,qwen3_8b_base,hidden_both,7101,capped_pct,0.0
core,wikisql,qwen3_8b_base,hidden_both,7101,mean_generated_tokens,25.8466796875
core,wikisql,qwen3_8b_base,hidden_both,7102,primary,83.984375
core,wikisql,qwen3_8b_base,hidden_both,7102,lf_correct_pct,78.7109375
core,wikisql,qwen3_8b_base,hidden_both,7102,query_valid_pct,100.0
core,wikisql,qwen3_8b_base,hidden_both,7102,execution_ok_pct,100.0
core,wikisql,qwen3_8b_base,hidden_both,7102,empty_prediction_pct,7.03125
core,wikisql,qwen3_8b_base,hidden_both,7102,strict_json_pct,100.0
core,wikisql,qwen3_8b_base,hidden_both,7102,native_eos_pct,100.0
core,wikisql,qwen3_8b_base,hidden_both,7102,capped_pct,0.0
core,wikisql,qwen3_8b_base,hidden_both,7102,mean_generated_tokens,25.861328125
core,wikisql,qwen3_8b_base,input,7100,primary,62.109375
core,wikisql,qwen3_8b_base,input,7100,lf_correct_pct,54.19921875
core,wikisql,qwen3_8b_base,input,7100,query_valid_pct,99.31640625
core,wikisql,qwen3_8b_base,input,7100,execution_ok_pct,98.2421875
core,wikisql,qwen3_8b_base,input,7100,empty_prediction_pct,17.3828125
core,wikisql,qwen3_8b_base,input,7100,strict_json_pct,99.51171875
core,wikisql,qwen3_8b_base,input,7100,native_eos_pct,99.90234375
core,wikisql,qwen3_8b_base,input,7100,capped_pct,0.09765625
core,wikisql,qwen3_8b_base,input,7100,mean_generated_tokens,25.5556640625
core,wikisql,qwen3_8b_base,input,7101,primary,59.86328125
core,wikisql,qwen3_8b_base,input,7101,lf_correct_pct,50.9765625
core,wikisql,qwen3_8b_base,input,7101,query_valid_pct,99.8046875
core,wikisql,qwen3_8b_base,input,7101,execution_ok_pct,98.6328125
core,wikisql,qwen3_8b_base,input,7101,empty_prediction_pct,19.23828125
core,wikisql,qwen3_8b_base,input,7101,strict_json_pct,99.90234375
core,wikisql,qwen3_8b_base,input,7101,native_eos_pct,100.0
core,wikisql,qwen3_8b_base,input,7101,capped_pct,0.0
core,wikisql,qwen3_8b_base,input,7101,mean_generated_tokens,25.396484375
core,wikisql,qwen3_8b_base,input,7102,primary,60.15625
core,wikisql,qwen3_8b_base,input,7102,lf_correct_pct,51.5625
core,wikisql,qwen3_8b_base,input,7102,query_valid_pct,99.21875
core,wikisql,qwen3_8b_base,input,7102,execution_ok_pct,97.65625
core,wikisql,qwen3_8b_base,input,7102,empty_prediction_pct,18.45703125
core,wikisql,qwen3_8b_base,input,7102,strict_json_pct,99.51171875
core,wikisql,qwen3_8b_base,input,7102,native_eos_pct,99.90234375
core,wikisql,qwen3_8b_base,input,7102,capped_pct,0.09765625
core,wikisql,qwen3_8b_base,input,7102,mean_generated_tokens,25.591796875
core,wikisql,qwen3_8b_base,output,7100,primary,61.1328125
core,wikisql,qwen3_8b_base,output,7100,lf_correct_pct,52.1484375
core,wikisql,qwen3_8b_base,output,7100,query_valid_pct,99.90234375
core,wikisql,qwen3_8b_base,output,7100,execution_ok_pct,98.14453125
core,wikisql,qwen3_8b_base,output,7100,empty_prediction_pct,19.3359375
core,wikisql,qwen3_8b_base,output,7100,strict_json_pct,100.0
core,wikisql,qwen3_8b_base,output,7100,native_eos_pct,100.0
core,wikisql,qwen3_8b_base,output,7100,capped_pct,0.0
core,wikisql,qwen3_8b_base,output,7100,mean_generated_tokens,25.3076171875
core,wikisql,qwen3_8b_base,output,7101,primary,59.765625
core,wikisql,qwen3_8b_base,output,7101,lf_correct_pct,51.26953125
core,wikisql,qwen3_8b_base,output,7101,query_valid_pct,99.90234375
core,wikisql,qwen3_8b_base,output,7101,execution_ok_pct,97.36328125
core,wikisql,qwen3_8b_base,output,7101,empty_prediction_pct,20.5078125
core,wikisql,qwen3_8b_base,output,7101,strict_json_pct,99.90234375
core,wikisql,qwen3_8b_base,output,7101,native_eos_pct,99.90234375
core,wikisql,qwen3_8b_base,output,7101,capped_pct,0.09765625
core,wikisql,qwen3_8b_base,output,7101,mean_generated_tokens,25.56640625
core,wikisql,qwen3_8b_base,output,7102,primary,60.3515625
core,wikisql,qwen3_8b_base,output,7102,lf_correct_pct,52.05078125
core,wikisql,qwen3_8b_base,output,7102,query_valid_pct,99.8046875
core,wikisql,qwen3_8b_base,output,7102,execution_ok_pct,98.046875
core,wikisql,qwen3_8b_base,output,7102,empty_prediction_pct,20.3125
core,wikisql,qwen3_8b_base,output,7102,strict_json_pct,99.8046875
core,wikisql,qwen3_8b_base,output,7102,native_eos_pct,99.8046875
core,wikisql,qwen3_8b_base,output,7102,capped_pct,0.1953125
core,wikisql,qwen3_8b_base,output,7102,mean_generated_tokens,25.984375
core,wikisql,qwen3_8b_base,both,7100,primary,67.67578125
core,wikisql,qwen3_8b_base,both,7100,lf_correct_pct,59.1796875
core,wikisql,qwen3_8b_base,both,7100,query_valid_pct,100.0
core,wikisql,qwen3_8b_base,both,7100,execution_ok_pct,98.92578125
core,wikisql,qwen3_8b_base,both,7100,empty_prediction_pct,15.625
core,wikisql,qwen3_8b_base,both,7100,strict_json_pct,100.0
core,wikisql,qwen3_8b_base,both,7100,native_eos_pct,100.0
core,wikisql,qwen3_8b_base,both,7100,capped_pct,0.0
core,wikisql,qwen3_8b_base,both,7100,mean_generated_tokens,25.5283203125
core,wikisql,qwen3_8b_base,both,7101,primary,67.7734375
core,wikisql,qwen3_8b_base,both,7101,lf_correct_pct,58.59375
core,wikisql,qwen3_8b_base,both,7101,query_valid_pct,99.8046875
core,wikisql,qwen3_8b_base,both,7101,execution_ok_pct,98.6328125
core,wikisql,qwen3_8b_base,both,7101,empty_prediction_pct,14.74609375
core,wikisql,qwen3_8b_base,both,7101,strict_json_pct,99.90234375
core,wikisql,qwen3_8b_base,both,7101,native_eos_pct,99.90234375
core,wikisql,qwen3_8b_base,both,7101,capped_pct,0.09765625
core,wikisql,qwen3_8b_base,both,7101,mean_generated_tokens,25.734375
core,wikisql,qwen3_8b_base,both,7102,primary,67.67578125
core,wikisql,qwen3_8b_base,both,7102,lf_correct_pct,59.66796875
core,wikisql,qwen3_8b_base,both,7102,query_valid_pct,100.0
core,wikisql,qwen3_8b_base,both,7102,execution_ok_pct,99.12109375
core,wikisql,qwen3_8b_base,both,7102,empty_prediction_pct,15.72265625
core,wikisql,qwen3_8b_base,both,7102,strict_json_pct,100.0
core,wikisql,qwen3_8b_base,both,7102,native_eos_pct,100.0
core,wikisql,qwen3_8b_base,both,7102,capped_pct,0.0
core,wikisql,qwen3_8b_base,both,7102,mean_generated_tokens,25.5380859375
new_tasks,trec50,qwen25_05b_base,base,,primary,1.8
new_tasks,trec50,qwen25_05b_base,base,,macro_f1_all50,1.4600424750041758
new_tasks,trec50,qwen25_05b_base,base,,coarse_accuracy,31.2
new_tasks,trec50,qwen25_05b_base,hidden,9100,primary,52.4
new_tasks,trec50,qwen25_05b_base,hidden,9100,macro_f1_all50,34.905268716871376
new_tasks,trec50,qwen25_05b_base,hidden,9100,coarse_accuracy,78.6
new_tasks,trec50,qwen25_05b_base,hidden,9101,primary,51.0
new_tasks,trec50,qwen25_05b_base,hidden,9101,macro_f1_all50,26.555283536673482
new_tasks,trec50,qwen25_05b_base,hidden,9101,coarse_accuracy,79.6
new_tasks,trec50,qwen25_05b_base,hidden,9102,primary,63.2
new_tasks,trec50,qwen25_05b_base,hidden,9102,macro_f1_all50,33.8619334588734
new_tasks,trec50,qwen25_05b_base,hidden,9102,coarse_accuracy,87.8
new_tasks,trec50,qwen25_05b_base,hidden_budget,9100,primary,53.4
new_tasks,trec50,qwen25_05b_base,hidden_budget,9100,macro_f1_all50,33.23988185096753
new_tasks,trec50,qwen25_05b_base,hidden_budget,9100,coarse_accuracy,78.0
new_tasks,trec50,qwen25_05b_base,hidden_budget,9101,primary,51.8
new_tasks,trec50,qwen25_05b_base,hidden_budget,9101,macro_f1_all50,27.89567679041363
new_tasks,trec50,qwen25_05b_base,hidden_budget,9101,coarse_accuracy,79.6
new_tasks,trec50,qwen25_05b_base,hidden_budget,9102,primary,64.8
new_tasks,trec50,qwen25_05b_base,hidden_budget,9102,macro_f1_all50,34.749341837148684
new_tasks,trec50,qwen25_05b_base,hidden_budget,9102,coarse_accuracy,88.8
new_tasks,trec50,qwen25_05b_base,hidden_both,9100,primary,49.0
new_tasks,trec50,qwen25_05b_base,hidden_both,9100,macro_f1_all50,31.96031865073998
new_tasks,trec50,qwen25_05b_base,hidden_both,9100,coarse_accuracy,74.2
new_tasks,trec50,qwen25_05b_base,hidden_both,9101,primary,61.0
new_tasks,trec50,qwen25_05b_base,hidden_both,9101,macro_f1_all50,32.1187298139387
new_tasks,trec50,qwen25_05b_base,hidden_both,9101,coarse_accuracy,84.8
new_tasks,trec50,qwen25_05b_base,hidden_both,9102,primary,67.4
new_tasks,trec50,qwen25_05b_base,hidden_both,9102,macro_f1_all50,37.93029131678686
new_tasks,trec50,qwen25_05b_base,hidden_both,9102,coarse_accuracy,90.8
new_tasks,trec50,qwen25_15b_base,base,,primary,12.6
new_tasks,trec50,qwen25_15b_base,base,,macro_f1_all50,11.868279171808583
new_tasks,trec50,qwen25_15b_base,base,,coarse_accuracy,37.2
new_tasks,trec50,qwen25_15b_base,hidden,9100,primary,64.4
new_tasks,trec50,qwen25_15b_base,hidden,9100,macro_f1_all50,55.31436972244124
new_tasks,trec50,qwen25_15b_base,hidden,9100,coarse_accuracy,81.6
new_tasks,trec50,qwen25_15b_base,hidden,9101,primary,62.4
new_tasks,trec50,qwen25_15b_base,hidden,9101,macro_f1_all50,53.24108372944265
new_tasks,trec50,qwen25_15b_base,hidden,9101,coarse_accuracy,76.2
new_tasks,trec50,qwen25_15b_base,hidden,9102,primary,71.6
new_tasks,trec50,qwen25_15b_base,hidden,9102,macro_f1_all50,53.05119893224525
new_tasks,trec50,qwen25_15b_base,hidden,9102,coarse_accuracy,87.6
new_tasks,trec50,qwen25_15b_base,hidden_budget,9100,primary,62.2
new_tasks,trec50,qwen25_15b_base,hidden_budget,9100,macro_f1_all50,53.440905716520135
new_tasks,trec50,qwen25_15b_base,hidden_budget,9100,coarse_accuracy,78.6
new_tasks,trec50,qwen25_15b_base,hidden_budget,9101,primary,62.6
new_tasks,trec50,qwen25_15b_base,hidden_budget,9101,macro_f1_all50,51.9551230256915
new_tasks,trec50,qwen25_15b_base,hidden_budget,9101,coarse_accuracy,77.0
new_tasks,trec50,qwen25_15b_base,hidden_budget,9102,primary,72.4
new_tasks,trec50,qwen25_15b_base,hidden_budget,9102,macro_f1_all50,53.53901402748631
new_tasks,trec50,qwen25_15b_base,hidden_budget,9102,coarse_accuracy,88.2
new_tasks,trec50,qwen25_15b_base,hidden_both,9100,primary,65.2
new_tasks,trec50,qwen25_15b_base,hidden_both,9100,macro_f1_all50,52.917842618626075
new_tasks,trec50,qwen25_15b_base,hidden_both,9100,coarse_accuracy,88.8
new_tasks,trec50,qwen25_15b_base,hidden_both,9101,primary,72.6
new_tasks,trec50,qwen25_15b_base,hidden_both,9101,macro_f1_all50,57.305253792784555
new_tasks,trec50,qwen25_15b_base,hidden_both,9101,coarse_accuracy,89.4
new_tasks,trec50,qwen25_15b_base,hidden_both,9102,primary,73.8
new_tasks,trec50,qwen25_15b_base,hidden_both,9102,macro_f1_all50,56.870418654941346
new_tasks,trec50,qwen25_15b_base,hidden_both,9102,coarse_accuracy,90.0
new_tasks,trec50,qwen25_7b_base,base,,primary,30.6
new_tasks,trec50,qwen25_7b_base,base,,macro_f1_all50,26.299950376420963
new_tasks,trec50,qwen25_7b_base,base,,coarse_accuracy,53.6
new_tasks,trec50,qwen25_7b_base,hidden,9100,primary,87.6
new_tasks,trec50,qwen25_7b_base,hidden,9100,macro_f1_all50,66.2600109319722
new_tasks,trec50,qwen25_7b_base,hidden,9100,coarse_accuracy,95.6
new_tasks,trec50,qwen25_7b_base,hidden,9101,primary,87.2
new_tasks,trec50,qwen25_7b_base,hidden,9101,macro_f1_all50,63.62455132717778
new_tasks,trec50,qwen25_7b_base,hidden,9101,coarse_accuracy,95.0
new_tasks,trec50,qwen25_7b_base,hidden,9102,primary,88.6
new_tasks,trec50,qwen25_7b_base,hidden,9102,macro_f1_all50,66.69062194923045
new_tasks,trec50,qwen25_7b_base,hidden,9102,coarse_accuracy,96.4
new_tasks,trec50,qwen25_7b_base,hidden_budget,9100,primary,88.4
new_tasks,trec50,qwen25_7b_base,hidden_budget,9100,macro_f1_all50,67.88667755924567
new_tasks,trec50,qwen25_7b_base,hidden_budget,9100,coarse_accuracy,95.6
new_tasks,trec50,qwen25_7b_base,hidden_budget,9101,primary,88.6
new_tasks,trec50,qwen25_7b_base,hidden_budget,9101,macro_f1_all50,66.44421121015344
new_tasks,trec50,qwen25_7b_base,hidden_budget,9101,coarse_accuracy,95.8
new_tasks,trec50,qwen25_7b_base,hidden_budget,9102,primary,87.2
new_tasks,trec50,qwen25_7b_base,hidden_budget,9102,macro_f1_all50,67.74744916740038
new_tasks,trec50,qwen25_7b_base,hidden_budget,9102,coarse_accuracy,96.0
new_tasks,trec50,qwen25_7b_base,hidden_both,9100,primary,89.0
new_tasks,trec50,qwen25_7b_base,hidden_both,9100,macro_f1_all50,66.34115846131694
new_tasks,trec50,qwen25_7b_base,hidden_both,9100,coarse_accuracy,95.6
new_tasks,trec50,qwen25_7b_base,hidden_both,9101,primary,89.2
new_tasks,trec50,qwen25_7b_base,hidden_both,9101,macro_f1_all50,67.93632344126145
new_tasks,trec50,qwen25_7b_base,hidden_both,9101,coarse_accuracy,96.2
new_tasks,trec50,qwen25_7b_base,hidden_both,9102,primary,89.6
new_tasks,trec50,qwen25_7b_base,hidden_both,9102,macro_f1_all50,69.71488913693864
new_tasks,trec50,qwen25_7b_base,hidden_both,9102,coarse_accuracy,96.4
new_tasks,trec50,qwen3_06b_base,base,,primary,18.2
new_tasks,trec50,qwen3_06b_base,base,,macro_f1_all50,2.246566900342644
new_tasks,trec50,qwen3_06b_base,base,,coarse_accuracy,26.8
new_tasks,trec50,qwen3_06b_base,hidden,9100,primary,82.4
new_tasks,trec50,qwen3_06b_base,hidden,9100,macro_f1_all50,58.251044675035054
new_tasks,trec50,qwen3_06b_base,hidden,9100,coarse_accuracy,93.4
new_tasks,trec50,qwen3_06b_base,hidden,9101,primary,83.6
new_tasks,trec50,qwen3_06b_base,hidden,9101,macro_f1_all50,58.15314313732897
new_tasks,trec50,qwen3_06b_base,hidden,9101,coarse_accuracy,95.4
new_tasks,trec50,qwen3_06b_base,hidden,9102,primary,83.6
new_tasks,trec50,qwen3_06b_base,hidden,9102,macro_f1_all50,57.420318911310524
new_tasks,trec50,qwen3_06b_base,hidden,9102,coarse_accuracy,94.8
new_tasks,trec50,qwen3_06b_base,hidden_budget,9100,primary,82.4
new_tasks,trec50,qwen3_06b_base,hidden_budget,9100,macro_f1_all50,59.371944691836546
new_tasks,trec50,qwen3_06b_base,hidden_budget,9100,coarse_accuracy,92.8
new_tasks,trec50,qwen3_06b_base,hidden_budget,9101,primary,82.8
new_tasks,trec50,qwen3_06b_base,hidden_budget,9101,macro_f1_all50,58.060131487026865
new_tasks,trec50,qwen3_06b_base,hidden_budget,9101,coarse_accuracy,95.2
new_tasks,trec50,qwen3_06b_base,hidden_budget,9102,primary,83.0
new_tasks,trec50,qwen3_06b_base,hidden_budget,9102,macro_f1_all50,59.298759779335924
new_tasks,trec50,qwen3_06b_base,hidden_budget,9102,coarse_accuracy,94.4
new_tasks,trec50,qwen3_06b_base,hidden_both,9100,primary,84.2
new_tasks,trec50,qwen3_06b_base,hidden_both,9100,macro_f1_all50,59.264943626436185
new_tasks,trec50,qwen3_06b_base,hidden_both,9100,coarse_accuracy,94.2
new_tasks,trec50,qwen3_06b_base,hidden_both,9101,primary,86.0
new_tasks,trec50,qwen3_06b_base,hidden_both,9101,macro_f1_all50,62.424178803438046
new_tasks,trec50,qwen3_06b_base,hidden_both,9101,coarse_accuracy,95.0
new_tasks,trec50,qwen3_06b_base,hidden_both,9102,primary,84.2
new_tasks,trec50,qwen3_06b_base,hidden_both,9102,macro_f1_all50,59.07258034255417
new_tasks,trec50,qwen3_06b_base,hidden_both,9102,coarse_accuracy,95.0
new_tasks,trec50,qwen3_8b_base,base,,primary,38.4
new_tasks,trec50,qwen3_8b_base,base,,macro_f1_all50,31.22503276092792
new_tasks,trec50,qwen3_8b_base,base,,coarse_accuracy,63.0
new_tasks,trec50,qwen3_8b_base,hidden,9100,primary,87.2
new_tasks,trec50,qwen3_8b_base,hidden,9100,macro_f1_all50,66.23540575766087
new_tasks,trec50,qwen3_8b_base,hidden,9100,coarse_accuracy,95.0
new_tasks,trec50,qwen3_8b_base,hidden,9101,primary,88.4
new_tasks,trec50,qwen3_8b_base,hidden,9101,macro_f1_all50,67.2513878316957
new_tasks,trec50,qwen3_8b_base,hidden,9101,coarse_accuracy,96.2
new_tasks,trec50,qwen3_8b_base,hidden,9102,primary,87.6
new_tasks,trec50,qwen3_8b_base,hidden,9102,macro_f1_all50,66.51425568172755
new_tasks,trec50,qwen3_8b_base,hidden,9102,coarse_accuracy,96.0
new_tasks,trec50,qwen3_8b_base,hidden_budget,9100,primary,86.4
new_tasks,trec50,qwen3_8b_base,hidden_budget,9100,macro_f1_all50,64.6422644749912
new_tasks,trec50,qwen3_8b_base,hidden_budget,9100,coarse_accuracy,94.8
new_tasks,trec50,qwen3_8b_base,hidden_budget,9101,primary,87.2
new_tasks,trec50,qwen3_8b_base,hidden_budget,9101,macro_f1_all50,65.92367238135154
new_tasks,trec50,qwen3_8b_base,hidden_budget,9101,coarse_accuracy,95.6
new_tasks,trec50,qwen3_8b_base,hidden_budget,9102,primary,87.8
new_tasks,trec50,qwen3_8b_base,hidden_budget,9102,macro_f1_all50,64.80727400503307
new_tasks,trec50,qwen3_8b_base,hidden_budget,9102,coarse_accuracy,96.2
new_tasks,trec50,qwen3_8b_base,hidden_both,9100,primary,85.4
new_tasks,trec50,qwen3_8b_base,hidden_both,9100,macro_f1_all50,63.04839766212766
new_tasks,trec50,qwen3_8b_base,hidden_both,9100,coarse_accuracy,94.2
new_tasks,trec50,qwen3_8b_base,hidden_both,9101,primary,86.6
new_tasks,trec50,qwen3_8b_base,hidden_both,9101,macro_f1_all50,62.83904284473929
new_tasks,trec50,qwen3_8b_base,hidden_both,9101,coarse_accuracy,95.4
new_tasks,trec50,qwen3_8b_base,hidden_both,9102,primary,87.0
new_tasks,trec50,qwen3_8b_base,hidden_both,9102,macro_f1_all50,66.34378223941098
new_tasks,trec50,qwen3_8b_base,hidden_both,9102,coarse_accuracy,96.2
new_tasks,squad2,qwen25_05b_base,base,,primary,9.711858060339361
new_tasks,squad2,qwen25_05b_base,base,,em_pct,6.8359375
new_tasks,squad2,qwen25_05b_base,base,,answerable_f1_pct,16.494028620678723
new_tasks,squad2,qwen25_05b_base,base,,answerable_em_pct,10.7421875
new_tasks,squad2,qwen25_05b_base,base,,unanswerable_f1_pct,2.9296875
new_tasks,squad2,qwen25_05b_base,base,,answerability_correct_pct,17.28515625
new_tasks,squad2,qwen25_05b_base,base,,predicts_empty_pct,1.46484375
new_tasks,squad2,qwen25_05b_base,base,,schema_valid_pct,33.0078125
new_tasks,squad2,qwen25_05b_base,base,,strict_json_pct,29.296875
new_tasks,squad2,qwen25_05b_base,base,,nonempty_extractive_pct,16.40625
new_tasks,squad2,qwen25_05b_base,base,,native_eos_pct,97.94921875
new_tasks,squad2,qwen25_05b_base,base,,capped_pct,2.05078125
new_tasks,squad2,qwen25_05b_base,base,,mean_generated_tokens,18.1279296875
new_tasks,squad2,qwen25_05b_base,hidden,10100,primary,65.928660062576
new_tasks,squad2,qwen25_05b_base,hidden,10100,em_pct,63.0859375
new_tasks,squad2,qwen25_05b_base,hidden,10100,answerable_f1_pct,54.51357012515202
new_tasks,squad2,qwen25_05b_base,hidden,10100,answerable_em_pct,48.828125
new_tasks,squad2,qwen25_05b_base,hidden,10100,unanswerable_f1_pct,77.34375
new_tasks,squad2,qwen25_05b_base,hidden,10100,answerability_correct_pct,72.75390625
new_tasks,squad2,qwen25_05b_base,hidden,10100,predicts_empty_pct,54.39453125
new_tasks,squad2,qwen25_05b_base,hidden,10100,schema_valid_pct,99.70703125
new_tasks,squad2,qwen25_05b_base,hidden,10100,strict_json_pct,99.70703125
new_tasks,squad2,qwen25_05b_base,hidden,10100,nonempty_extractive_pct,42.87109375
new_tasks,squad2,qwen25_05b_base,hidden,10100,native_eos_pct,100.0
new_tasks,squad2,qwen25_05b_base,hidden,10100,capped_pct,0.0
new_tasks,squad2,qwen25_05b_base,hidden,10100,mean_generated_tokens,6.2431640625
new_tasks,squad2,qwen25_05b_base,hidden,10101,primary,63.10307168888505
new_tasks,squad2,qwen25_05b_base,hidden,10101,em_pct,59.1796875
new_tasks,squad2,qwen25_05b_base,hidden,10101,answerable_f1_pct,61.55770587777014
new_tasks,squad2,qwen25_05b_base,hidden,10101,answerable_em_pct,53.7109375
new_tasks,squad2,qwen25_05b_base,hidden,10101,unanswerable_f1_pct,64.6484375
new_tasks,squad2,qwen25_05b_base,hidden,10101,answerability_correct_pct,70.8984375
new_tasks,squad2,qwen25_05b_base,hidden,10101,predicts_empty_pct,43.45703125
new_tasks,squad2,qwen25_05b_base,hidden,10101,schema_valid_pct,99.70703125
new_tasks,squad2,qwen25_05b_base,hidden,10101,strict_json_pct,99.70703125
new_tasks,squad2,qwen25_05b_base,hidden,10101,nonempty_extractive_pct,53.3203125
new_tasks,squad2,qwen25_05b_base,hidden,10101,native_eos_pct,100.0
new_tasks,squad2,qwen25_05b_base,hidden,10101,capped_pct,0.0
new_tasks,squad2,qwen25_05b_base,hidden,10101,mean_generated_tokens,6.796875
new_tasks,squad2,qwen25_05b_base,hidden,10102,primary,61.7384958537866
new_tasks,squad2,qwen25_05b_base,hidden,10102,em_pct,57.51953125
new_tasks,squad2,qwen25_05b_base,hidden,10102,answerable_f1_pct,68.7894917075732
new_tasks,squad2,qwen25_05b_base,hidden,10102,answerable_em_pct,60.3515625
new_tasks,squad2,qwen25_05b_base,hidden,10102,unanswerable_f1_pct,54.6875
new_tasks,squad2,qwen25_05b_base,hidden,10102,answerability_correct_pct,70.1171875
new_tasks,squad2,qwen25_05b_base,hidden,10102,predicts_empty_pct,34.375
new_tasks,squad2,qwen25_05b_base,hidden,10102,schema_valid_pct,99.70703125
new_tasks,squad2,qwen25_05b_base,hidden,10102,strict_json_pct,99.70703125
new_tasks,squad2,qwen25_05b_base,hidden,10102,nonempty_extractive_pct,61.71875
new_tasks,squad2,qwen25_05b_base,hidden,10102,native_eos_pct,99.70703125
new_tasks,squad2,qwen25_05b_base,hidden,10102,capped_pct,0.29296875
new_tasks,squad2,qwen25_05b_base,hidden,10102,mean_generated_tokens,7.8583984375
new_tasks,squad2,qwen25_05b_base,hidden_budget,10100,primary,65.82516980283573
new_tasks,squad2,qwen25_05b_base,hidden_budget,10100,em_pct,63.0859375
new_tasks,squad2,qwen25_05b_base,hidden_budget,10100,answerable_f1_pct,52.7440896056715
new_tasks,squad2,qwen25_05b_base,hidden_budget,10100,answerable_em_pct,47.265625
new_tasks,squad2,qwen25_05b_base,hidden_budget,10100,unanswerable_f1_pct,78.90625
new_tasks,squad2,qwen25_05b_base,hidden_budget,10100,answerability_correct_pct,72.75390625
new_tasks,squad2,qwen25_05b_base,hidden_budget,10100,predicts_empty_pct,55.95703125
new_tasks,squad2,qwen25_05b_base,hidden_budget,10100,schema_valid_pct,99.70703125
new_tasks,squad2,qwen25_05b_base,hidden_budget,10100,strict_json_pct,99.70703125
new_tasks,squad2,qwen25_05b_base,hidden_budget,10100,nonempty_extractive_pct,41.40625
new_tasks,squad2,qwen25_05b_base,hidden_budget,10100,native_eos_pct,100.0
new_tasks,squad2,qwen25_05b_base,hidden_budget,10100,capped_pct,0.0
new_tasks,squad2,qwen25_05b_base,hidden_budget,10100,mean_generated_tokens,6.1396484375
new_tasks,squad2,qwen25_05b_base,hidden_budget,10101,primary,61.461988832497546
new_tasks,squad2,qwen25_05b_base,hidden_budget,10101,em_pct,57.421875
new_tasks,squad2,qwen25_05b_base,hidden_budget,10101,answerable_f1_pct,64.13491516499509
new_tasks,squad2,qwen25_05b_base,hidden_budget,10101,answerable_em_pct,56.0546875
new_tasks,squad2,qwen25_05b_base,hidden_budget,10101,unanswerable_f1_pct,58.7890625
new_tasks,squad2,qwen25_05b_base,hidden_budget,10101,answerability_correct_pct,69.7265625
new_tasks,squad2,qwen25_05b_base,hidden_budget,10101,predicts_empty_pct,38.76953125
new_tasks,squad2,qwen25_05b_base,hidden_budget,10101,schema_valid_pct,99.70703125
new_tasks,squad2,qwen25_05b_base,hidden_budget,10101,strict_json_pct,99.70703125
new_tasks,squad2,qwen25_05b_base,hidden_budget,10101,nonempty_extractive_pct,57.421875
new_tasks,squad2,qwen25_05b_base,hidden_budget,10101,native_eos_pct,100.0
new_tasks,squad2,qwen25_05b_base,hidden_budget,10101,capped_pct,0.0
new_tasks,squad2,qwen25_05b_base,hidden_budget,10101,mean_generated_tokens,6.9609375
new_tasks,squad2,qwen25_05b_base,hidden_budget,10102,primary,61.402096142386895
new_tasks,squad2,qwen25_05b_base,hidden_budget,10102,em_pct,57.2265625
new_tasks,squad2,qwen25_05b_base,hidden_budget,10102,answerable_f1_pct,68.89794228477378
new_tasks,squad2,qwen25_05b_base,hidden_budget,10102,answerable_em_pct,60.546875
new_tasks,squad2,qwen25_05b_base,hidden_budget,10102,unanswerable_f1_pct,53.90625
new_tasks,squad2,qwen25_05b_base,hidden_budget,10102,answerability_correct_pct,69.921875
new_tasks,squad2,qwen25_05b_base,hidden_budget,10102,predicts_empty_pct,33.7890625
new_tasks,squad2,qwen25_05b_base,hidden_budget,10102,schema_valid_pct,99.70703125
new_tasks,squad2,qwen25_05b_base,hidden_budget,10102,strict_json_pct,99.70703125
new_tasks,squad2,qwen25_05b_base,hidden_budget,10102,nonempty_extractive_pct,62.20703125
new_tasks,squad2,qwen25_05b_base,hidden_budget,10102,native_eos_pct,99.70703125
new_tasks,squad2,qwen25_05b_base,hidden_budget,10102,capped_pct,0.29296875
new_tasks,squad2,qwen25_05b_base,hidden_budget,10102,mean_generated_tokens,7.8857421875
new_tasks,squad2,qwen25_05b_base,hidden_both,10100,primary,64.98458806524312
new_tasks,squad2,qwen25_05b_base,hidden_both,10100,em_pct,61.9140625
new_tasks,squad2,qwen25_05b_base,hidden_both,10100,answerable_f1_pct,51.062926130486254
new_tasks,squad2,qwen25_05b_base,hidden_both,10100,answerable_em_pct,44.921875
new_tasks,squad2,qwen25_05b_base,hidden_both,10100,unanswerable_f1_pct,78.90625
new_tasks,squad2,qwen25_05b_base,hidden_both,10100,answerability_correct_pct,70.99609375
new_tasks,squad2,qwen25_05b_base,hidden_both,10100,predicts_empty_pct,57.71484375
new_tasks,squad2,qwen25_05b_base,hidden_both,10100,schema_valid_pct,99.8046875
new_tasks,squad2,qwen25_05b_base,hidden_both,10100,strict_json_pct,99.8046875
new_tasks,squad2,qwen25_05b_base,hidden_both,10100,nonempty_extractive_pct,40.0390625
new_tasks,squad2,qwen25_05b_base,hidden_both,10100,native_eos_pct,100.0
new_tasks,squad2,qwen25_05b_base,hidden_both,10100,capped_pct,0.0
new_tasks,squad2,qwen25_05b_base,hidden_both,10100,mean_generated_tokens,6.0966796875
new_tasks,squad2,qwen25_05b_base,hidden_both,10101,primary,61.80009009567258
new_tasks,squad2,qwen25_05b_base,hidden_both,10101,em_pct,57.91015625
new_tasks,squad2,qwen25_05b_base,hidden_both,10101,answerable_f1_pct,69.69393019134517
new_tasks,squad2,qwen25_05b_base,hidden_both,10101,answerable_em_pct,61.9140625
new_tasks,squad2,qwen25_05b_base,hidden_both,10101,unanswerable_f1_pct,53.90625
new_tasks,squad2,qwen25_05b_base,hidden_both,10101,answerability_correct_pct,70.3125
new_tasks,squad2,qwen25_05b_base,hidden_both,10101,predicts_empty_pct,33.49609375
new_tasks,squad2,qwen25_05b_base,hidden_both,10101,schema_valid_pct,99.90234375
new_tasks,squad2,qwen25_05b_base,hidden_both,10101,strict_json_pct,99.90234375
new_tasks,squad2,qwen25_05b_base,hidden_both,10101,nonempty_extractive_pct,62.98828125
new_tasks,squad2,qwen25_05b_base,hidden_both,10101,native_eos_pct,100.0
new_tasks,squad2,qwen25_05b_base,hidden_both,10101,capped_pct,0.0
new_tasks,squad2,qwen25_05b_base,hidden_both,10101,mean_generated_tokens,7.0732421875
new_tasks,squad2,qwen25_05b_base,hidden_both,10102,primary,63.38569003418338
new_tasks,squad2,qwen25_05b_base,hidden_both,10102,em_pct,58.88671875
new_tasks,squad2,qwen25_05b_base,hidden_both,10102,answerable_f1_pct,67.7870050683668
new_tasks,squad2,qwen25_05b_base,hidden_both,10102,answerable_em_pct,58.7890625
new_tasks,squad2,qwen25_05b_base,hidden_both,10102,unanswerable_f1_pct,58.984375
new_tasks,squad2,qwen25_05b_base,hidden_both,10102,answerability_correct_pct,71.77734375
new_tasks,squad2,qwen25_05b_base,hidden_both,10102,predicts_empty_pct,37.01171875
new_tasks,squad2,qwen25_05b_base,hidden_both,10102,schema_valid_pct,99.8046875
new_tasks,squad2,qwen25_05b_base,hidden_both,10102,strict_json_pct,99.8046875
new_tasks,squad2,qwen25_05b_base,hidden_both,10102,nonempty_extractive_pct,59.27734375
new_tasks,squad2,qwen25_05b_base,hidden_both,10102,native_eos_pct,100.0
new_tasks,squad2,qwen25_05b_base,hidden_both,10102,capped_pct,0.0
new_tasks,squad2,qwen25_05b_base,hidden_both,10102,mean_generated_tokens,7.310546875
new_tasks,squad2,qwen25_15b_base,base,,primary,7.076869702388213
new_tasks,squad2,qwen25_15b_base,base,,em_pct,5.56640625
new_tasks,squad2,qwen25_15b_base,base,,answerable_f1_pct,14.153739404776426
new_tasks,squad2,qwen25_15b_base,base,,answerable_em_pct,11.1328125
new_tasks,squad2,qwen25_15b_base,base,,unanswerable_f1_pct,0.0
new_tasks,squad2,qwen25_15b_base,base,,answerability_correct_pct,9.375
new_tasks,squad2,qwen25_15b_base,base,,predicts_empty_pct,0.0
new_tasks,squad2,qwen25_15b_base,base,,schema_valid_pct,22.65625
new_tasks,squad2,qwen25_15b_base,base,,strict_json_pct,18.9453125
new_tasks,squad2,qwen25_15b_base,base,,nonempty_extractive_pct,19.7265625
new_tasks,squad2,qwen25_15b_base,base,,native_eos_pct,96.77734375
new_tasks,squad2,qwen25_15b_base,base,,capped_pct,3.22265625
new_tasks,squad2,qwen25_15b_base,base,,mean_generated_tokens,14.51171875
new_tasks,squad2,qwen25_15b_base,hidden,10100,primary,73.72175470465177
new_tasks,squad2,qwen25_15b_base,hidden,10100,em_pct,70.60546875
new_tasks,squad2,qwen25_15b_base,hidden,10100,answerable_f1_pct,70.49038440930357
new_tasks,squad2,qwen25_15b_base,hidden,10100,answerable_em_pct,64.2578125
new_tasks,squad2,qwen25_15b_base,hidden,10100,unanswerable_f1_pct,76.953125
new_tasks,squad2,qwen25_15b_base,hidden,10100,answerability_correct_pct,79.4921875
new_tasks,squad2,qwen25_15b_base,hidden,10100,predicts_empty_pct,47.4609375
new_tasks,squad2,qwen25_15b_base,hidden,10100,schema_valid_pct,100.0
new_tasks,squad2,qwen25_15b_base,hidden,10100,strict_json_pct,100.0
new_tasks,squad2,qwen25_15b_base,hidden,10100,nonempty_extractive_pct,50.9765625
new_tasks,squad2,qwen25_15b_base,hidden,10100,native_eos_pct,100.0
new_tasks,squad2,qwen25_15b_base,hidden,10100,capped_pct,0.0
new_tasks,squad2,qwen25_15b_base,hidden,10100,mean_generated_tokens,6.54296875
new_tasks,squad2,qwen25_15b_base,hidden,10101,primary,73.83194399452854
new_tasks,squad2,qwen25_15b_base,hidden,10101,em_pct,70.80078125
new_tasks,squad2,qwen25_15b_base,hidden,10101,answerable_f1_pct,69.14826298905716
new_tasks,squad2,qwen25_15b_base,hidden,10101,answerable_em_pct,63.0859375
new_tasks,squad2,qwen25_15b_base,hidden,10101,unanswerable_f1_pct,78.515625
new_tasks,squad2,qwen25_15b_base,hidden,10101,answerability_correct_pct,79.296875
new_tasks,squad2,qwen25_15b_base,hidden,10101,predicts_empty_pct,49.21875
new_tasks,squad2,qwen25_15b_base,hidden,10101,schema_valid_pct,100.0
new_tasks,squad2,qwen25_15b_base,hidden,10101,strict_json_pct,100.0
new_tasks,squad2,qwen25_15b_base,hidden,10101,nonempty_extractive_pct,49.21875
new_tasks,squad2,qwen25_15b_base,hidden,10101,native_eos_pct,100.0
new_tasks,squad2,qwen25_15b_base,hidden,10101,capped_pct,0.0
new_tasks,squad2,qwen25_15b_base,hidden,10101,mean_generated_tokens,6.431640625
new_tasks,squad2,qwen25_15b_base,hidden,10102,primary,74.60989115956261
new_tasks,squad2,qwen25_15b_base,hidden,10102,em_pct,70.99609375
new_tasks,squad2,qwen25_15b_base,hidden,10102,answerable_f1_pct,73.4385323191253
new_tasks,squad2,qwen25_15b_base,hidden,10102,answerable_em_pct,66.2109375
new_tasks,squad2,qwen25_15b_base,hidden,10102,unanswerable_f1_pct,75.78125
new_tasks,squad2,qwen25_15b_base,hidden,10102,answerability_correct_pct,80.46875
new_tasks,squad2,qwen25_15b_base,hidden,10102,predicts_empty_pct,45.3125
new_tasks,squad2,qwen25_15b_base,hidden,10102,schema_valid_pct,100.0
new_tasks,squad2,qwen25_15b_base,hidden,10102,strict_json_pct,100.0
new_tasks,squad2,qwen25_15b_base,hidden,10102,nonempty_extractive_pct,52.83203125
new_tasks,squad2,qwen25_15b_base,hidden,10102,native_eos_pct,100.0
new_tasks,squad2,qwen25_15b_base,hidden,10102,capped_pct,0.0
new_tasks,squad2,qwen25_15b_base,hidden,10102,mean_generated_tokens,6.7158203125
new_tasks,squad2,qwen25_15b_base,hidden_budget,10100,primary,73.62409845465177
new_tasks,squad2,qwen25_15b_base,hidden_budget,10100,em_pct,70.5078125
new_tasks,squad2,qwen25_15b_base,hidden_budget,10100,answerable_f1_pct,70.49038440930357
new_tasks,squad2,qwen25_15b_base,hidden_budget,10100,answerable_em_pct,64.2578125
new_tasks,squad2,qwen25_15b_base,hidden_budget,10100,unanswerable_f1_pct,76.7578125
new_tasks,squad2,qwen25_15b_base,hidden_budget,10100,answerability_correct_pct,79.39453125
new_tasks,squad2,qwen25_15b_base,hidden_budget,10100,predicts_empty_pct,47.36328125
new_tasks,squad2,qwen25_15b_base,hidden_budget,10100,schema_valid_pct,100.0
new_tasks,squad2,qwen25_15b_base,hidden_budget,10100,strict_json_pct,100.0
new_tasks,squad2,qwen25_15b_base,hidden_budget,10100,nonempty_extractive_pct,51.07421875
new_tasks,squad2,qwen25_15b_base,hidden_budget,10100,native_eos_pct,100.0
new_tasks,squad2,qwen25_15b_base,hidden_budget,10100,capped_pct,0.0
new_tasks,squad2,qwen25_15b_base,hidden_budget,10100,mean_generated_tokens,6.5517578125
new_tasks,squad2,qwen25_15b_base,hidden_budget,10101,primary,74.02133793392247
new_tasks,squad2,qwen25_15b_base,hidden_budget,10101,em_pct,71.09375
new_tasks,squad2,qwen25_15b_base,hidden_budget,10101,answerable_f1_pct,69.13642586784505
new_tasks,squad2,qwen25_15b_base,hidden_budget,10101,answerable_em_pct,63.28125
new_tasks,squad2,qwen25_15b_base,hidden_budget,10101,unanswerable_f1_pct,78.90625
new_tasks,squad2,qwen25_15b_base,hidden_budget,10101,answerability_correct_pct,79.39453125
new_tasks,squad2,qwen25_15b_base,hidden_budget,10101,predicts_empty_pct,49.51171875
new_tasks,squad2,qwen25_15b_base,hidden_budget,10101,schema_valid_pct,100.0
new_tasks,squad2,qwen25_15b_base,hidden_budget,10101,strict_json_pct,100.0
new_tasks,squad2,qwen25_15b_base,hidden_budget,10101,nonempty_extractive_pct,48.92578125
new_tasks,squad2,qwen25_15b_base,hidden_budget,10101,native_eos_pct,100.0
new_tasks,squad2,qwen25_15b_base,hidden_budget,10101,capped_pct,0.0
new_tasks,squad2,qwen25_15b_base,hidden_budget,10101,mean_generated_tokens,6.4072265625
new_tasks,squad2,qwen25_15b_base,hidden_budget,10102,primary,74.65871928456261
new_tasks,squad2,qwen25_15b_base,hidden_budget,10102,em_pct,71.09375
new_tasks,squad2,qwen25_15b_base,hidden_budget,10102,answerable_f1_pct,73.3408760691253
new_tasks,squad2,qwen25_15b_base,hidden_budget,10102,answerable_em_pct,66.2109375
new_tasks,squad2,qwen25_15b_base,hidden_budget,10102,unanswerable_f1_pct,75.9765625
new_tasks,squad2,qwen25_15b_base,hidden_budget,10102,answerability_correct_pct,80.46875
new_tasks,squad2,qwen25_15b_base,hidden_budget,10102,predicts_empty_pct,45.5078125
new_tasks,squad2,qwen25_15b_base,hidden_budget,10102,schema_valid_pct,100.0
new_tasks,squad2,qwen25_15b_base,hidden_budget,10102,strict_json_pct,100.0
new_tasks,squad2,qwen25_15b_base,hidden_budget,10102,nonempty_extractive_pct,52.63671875
new_tasks,squad2,qwen25_15b_base,hidden_budget,10102,native_eos_pct,100.0
new_tasks,squad2,qwen25_15b_base,hidden_budget,10102,capped_pct,0.0
new_tasks,squad2,qwen25_15b_base,hidden_budget,10102,mean_generated_tokens,6.6943359375
new_tasks,squad2,qwen25_15b_base,hidden_both,10100,primary,74.7130313667407
new_tasks,squad2,qwen25_15b_base,hidden_both,10100,em_pct,71.484375
new_tasks,squad2,qwen25_15b_base,hidden_both,10100,answerable_f1_pct,70.71512523348144
new_tasks,squad2,qwen25_15b_base,hidden_both,10100,answerable_em_pct,64.2578125
new_tasks,squad2,qwen25_15b_base,hidden_both,10100,unanswerable_f1_pct,78.7109375
new_tasks,squad2,qwen25_15b_base,hidden_both,10100,answerability_correct_pct,80.37109375
new_tasks,squad2,qwen25_15b_base,hidden_both,10100,predicts_empty_pct,48.33984375
new_tasks,squad2,qwen25_15b_base,hidden_both,10100,schema_valid_pct,100.0
new_tasks,squad2,qwen25_15b_base,hidden_both,10100,strict_json_pct,100.0
new_tasks,squad2,qwen25_15b_base,hidden_both,10100,nonempty_extractive_pct,49.8046875
new_tasks,squad2,qwen25_15b_base,hidden_both,10100,native_eos_pct,100.0
new_tasks,squad2,qwen25_15b_base,hidden_both,10100,capped_pct,0.0
new_tasks,squad2,qwen25_15b_base,hidden_both,10100,mean_generated_tokens,6.5361328125
new_tasks,squad2,qwen25_15b_base,hidden_both,10101,primary,75.19797531563799
new_tasks,squad2,qwen25_15b_base,hidden_both,10101,em_pct,72.0703125
new_tasks,squad2,qwen25_15b_base,hidden_both,10101,answerable_f1_pct,75.00532563127607
new_tasks,squad2,qwen25_15b_base,hidden_both,10101,answerable_em_pct,68.75
new_tasks,squad2,qwen25_15b_base,hidden_both,10101,unanswerable_f1_pct,75.390625
new_tasks,squad2,qwen25_15b_base,hidden_both,10101,answerability_correct_pct,80.859375
new_tasks,squad2,qwen25_15b_base,hidden_both,10101,predicts_empty_pct,44.53125
new_tasks,squad2,qwen25_15b_base,hidden_both,10101,schema_valid_pct,100.0
new_tasks,squad2,qwen25_15b_base,hidden_both,10101,strict_json_pct,100.0
new_tasks,squad2,qwen25_15b_base,hidden_both,10101,nonempty_extractive_pct,53.80859375
new_tasks,squad2,qwen25_15b_base,hidden_both,10101,native_eos_pct,100.0
new_tasks,squad2,qwen25_15b_base,hidden_both,10101,capped_pct,0.0
new_tasks,squad2,qwen25_15b_base,hidden_both,10101,mean_generated_tokens,6.603515625
new_tasks,squad2,qwen25_15b_base,hidden_both,10102,primary,75.61736773505613
new_tasks,squad2,qwen25_15b_base,hidden_both,10102,em_pct,72.36328125
new_tasks,squad2,qwen25_15b_base,hidden_both,10102,answerable_f1_pct,73.1097354701123
new_tasks,squad2,qwen25_15b_base,hidden_both,10102,answerable_em_pct,66.6015625
new_tasks,squad2,qwen25_15b_base,hidden_both,10102,unanswerable_f1_pct,78.125
new_tasks,squad2,qwen25_15b_base,hidden_both,10102,answerability_correct_pct,82.03125
new_tasks,squad2,qwen25_15b_base,hidden_both,10102,predicts_empty_pct,46.09375
new_tasks,squad2,qwen25_15b_base,hidden_both,10102,schema_valid_pct,100.0
new_tasks,squad2,qwen25_15b_base,hidden_both,10102,strict_json_pct,100.0
new_tasks,squad2,qwen25_15b_base,hidden_both,10102,nonempty_extractive_pct,52.44140625
new_tasks,squad2,qwen25_15b_base,hidden_both,10102,native_eos_pct,100.0
new_tasks,squad2,qwen25_15b_base,hidden_both,10102,capped_pct,0.0
new_tasks,squad2,qwen25_15b_base,hidden_both,10102,mean_generated_tokens,6.7626953125
new_tasks,squad2,qwen25_7b_base,base,,primary,25.60242771116361
new_tasks,squad2,qwen25_7b_base,base,,em_pct,22.0703125
new_tasks,squad2,qwen25_7b_base,base,,answerable_f1_pct,48.47048042232721
new_tasks,squad2,qwen25_7b_base,base,,answerable_em_pct,41.40625
new_tasks,squad2,qwen25_7b_base,base,,unanswerable_f1_pct,2.734375
new_tasks,squad2,qwen25_7b_base,base,,answerability_correct_pct,29.98046875
new_tasks,squad2,qwen25_7b_base,base,,predicts_empty_pct,1.3671875
new_tasks,squad2,qwen25_7b_base,base,,schema_valid_pct,70.3125
new_tasks,squad2,qwen25_7b_base,base,,strict_json_pct,68.5546875
new_tasks,squad2,qwen25_7b_base,base,,nonempty_extractive_pct,64.55078125
new_tasks,squad2,qwen25_7b_base,base,,native_eos_pct,99.90234375
new_tasks,squad2,qwen25_7b_base,base,,capped_pct,0.09765625
new_tasks,squad2,qwen25_7b_base,base,,mean_generated_tokens,11.8193359375
new_tasks,squad2,qwen25_7b_base,hidden,10100,primary,84.37941785105649
new_tasks,squad2,qwen25_7b_base,hidden,10100,em_pct,80.6640625
new_tasks,squad2,qwen25_7b_base,hidden,10100,answerable_f1_pct,78.32914820211303
new_tasks,squad2,qwen25_7b_base,hidden,10100,answerable_em_pct,70.8984375
new_tasks,squad2,qwen25_7b_base,hidden,10100,unanswerable_f1_pct,90.4296875
new_tasks,squad2,qwen25_7b_base,hidden,10100,answerability_correct_pct,88.671875
new_tasks,squad2,qwen25_7b_base,hidden,10100,predicts_empty_pct,51.7578125
new_tasks,squad2,qwen25_7b_base,hidden,10100,schema_valid_pct,100.0
new_tasks,squad2,qwen25_7b_base,hidden,10100,strict_json_pct,100.0
new_tasks,squad2,qwen25_7b_base,hidden,10100,nonempty_extractive_pct,46.77734375
new_tasks,squad2,qwen25_7b_base,hidden,10100,native_eos_pct,100.0
new_tasks,squad2,qwen25_7b_base,hidden,10100,capped_pct,0.0
new_tasks,squad2,qwen25_7b_base,hidden,10100,mean_generated_tokens,6.2265625
new_tasks,squad2,qwen25_7b_base,hidden,10101,primary,85.23036151121471
new_tasks,squad2,qwen25_7b_base,hidden,10101,em_pct,81.640625
new_tasks,squad2,qwen25_7b_base,hidden,10101,answerable_f1_pct,80.8122855224295
new_tasks,squad2,qwen25_7b_base,hidden,10101,answerable_em_pct,73.6328125
new_tasks,squad2,qwen25_7b_base,hidden,10101,unanswerable_f1_pct,89.6484375
new_tasks,squad2,qwen25_7b_base,hidden,10101,answerability_correct_pct,89.2578125
new_tasks,squad2,qwen25_7b_base,hidden,10101,predicts_empty_pct,50.390625
new_tasks,squad2,qwen25_7b_base,hidden,10101,schema_valid_pct,100.0
new_tasks,squad2,qwen25_7b_base,hidden,10101,strict_json_pct,100.0
new_tasks,squad2,qwen25_7b_base,hidden,10101,nonempty_extractive_pct,48.14453125
new_tasks,squad2,qwen25_7b_base,hidden,10101,native_eos_pct,100.0
new_tasks,squad2,qwen25_7b_base,hidden,10101,capped_pct,0.0
new_tasks,squad2,qwen25_7b_base,hidden,10101,mean_generated_tokens,6.24609375
new_tasks,squad2,qwen25_7b_base,hidden,10102,primary,84.68076126337229
new_tasks,squad2,qwen25_7b_base,hidden,10102,em_pct,80.95703125
new_tasks,squad2,qwen25_7b_base,hidden,10102,answerable_f1_pct,79.71308502674462
new_tasks,squad2,qwen25_7b_base,hidden,10102,answerable_em_pct,72.265625
new_tasks,squad2,qwen25_7b_base,hidden,10102,unanswerable_f1_pct,89.6484375
new_tasks,squad2,qwen25_7b_base,hidden,10102,answerability_correct_pct,88.57421875
new_tasks,squad2,qwen25_7b_base,hidden,10102,predicts_empty_pct,51.07421875
new_tasks,squad2,qwen25_7b_base,hidden,10102,schema_valid_pct,100.0
new_tasks,squad2,qwen25_7b_base,hidden,10102,strict_json_pct,100.0
new_tasks,squad2,qwen25_7b_base,hidden,10102,nonempty_extractive_pct,47.65625
new_tasks,squad2,qwen25_7b_base,hidden,10102,native_eos_pct,100.0
new_tasks,squad2,qwen25_7b_base,hidden,10102,capped_pct,0.0
new_tasks,squad2,qwen25_7b_base,hidden,10102,mean_generated_tokens,6.3017578125
new_tasks,squad2,qwen25_7b_base,hidden_budget,10100,primary,84.46426789684405
new_tasks,squad2,qwen25_7b_base,hidden_budget,10100,em_pct,80.6640625
new_tasks,squad2,qwen25_7b_base,hidden_budget,10100,answerable_f1_pct,78.69416079368811
new_tasks,squad2,qwen25_7b_base,hidden_budget,10100,answerable_em_pct,71.09375
new_tasks,squad2,qwen25_7b_base,hidden_budget,10100,unanswerable_f1_pct,90.234375
new_tasks,squad2,qwen25_7b_base,hidden_budget,10100,answerability_correct_pct,88.76953125
new_tasks,squad2,qwen25_7b_base,hidden_budget,10100,predicts_empty_pct,51.46484375
new_tasks,squad2,qwen25_7b_base,hidden_budget,10100,schema_valid_pct,100.0
new_tasks,squad2,qwen25_7b_base,hidden_budget,10100,strict_json_pct,100.0
new_tasks,squad2,qwen25_7b_base,hidden_budget,10100,nonempty_extractive_pct,47.16796875
new_tasks,squad2,qwen25_7b_base,hidden_budget,10100,native_eos_pct,100.0
new_tasks,squad2,qwen25_7b_base,hidden_budget,10100,capped_pct,0.0
new_tasks,squad2,qwen25_7b_base,hidden_budget,10100,mean_generated_tokens,6.2763671875
new_tasks,squad2,qwen25_7b_base,hidden_budget,10101,primary,85.02133063323852
new_tasks,squad2,qwen25_7b_base,hidden_budget,10101,em_pct,81.4453125
new_tasks,squad2,qwen25_7b_base,hidden_budget,10101,answerable_f1_pct,80.19891126647714
new_tasks,squad2,qwen25_7b_base,hidden_budget,10101,answerable_em_pct,73.046875
new_tasks,squad2,qwen25_7b_base,hidden_budget,10101,unanswerable_f1_pct,89.84375
new_tasks,squad2,qwen25_7b_base,hidden_budget,10101,answerability_correct_pct,88.96484375
new_tasks,squad2,qwen25_7b_base,hidden_budget,10101,predicts_empty_pct,50.87890625
new_tasks,squad2,qwen25_7b_base,hidden_budget,10101,schema_valid_pct,100.0
new_tasks,squad2,qwen25_7b_base,hidden_budget,10101,strict_json_pct,100.0
new_tasks,squad2,qwen25_7b_base,hidden_budget,10101,nonempty_extractive_pct,47.94921875
new_tasks,squad2,qwen25_7b_base,hidden_budget,10101,native_eos_pct,100.0
new_tasks,squad2,qwen25_7b_base,hidden_budget,10101,capped_pct,0.0
new_tasks,squad2,qwen25_7b_base,hidden_budget,10101,mean_generated_tokens,6.255859375
new_tasks,squad2,qwen25_7b_base,hidden_budget,10102,primary,84.55055293003898
new_tasks,squad2,qwen25_7b_base,hidden_budget,10102,em_pct,80.76171875
new_tasks,squad2,qwen25_7b_base,hidden_budget,10102,answerable_f1_pct,79.84329336007796
new_tasks,squad2,qwen25_7b_base,hidden_budget,10102,answerable_em_pct,72.265625
new_tasks,squad2,qwen25_7b_base,hidden_budget,10102,unanswerable_f1_pct,89.2578125
new_tasks,squad2,qwen25_7b_base,hidden_budget,10102,answerability_correct_pct,88.57421875
new_tasks,squad2,qwen25_7b_base,hidden_budget,10102,predicts_empty_pct,50.68359375
new_tasks,squad2,qwen25_7b_base,hidden_budget,10102,schema_valid_pct,100.0
new_tasks,squad2,qwen25_7b_base,hidden_budget,10102,strict_json_pct,100.0
new_tasks,squad2,qwen25_7b_base,hidden_budget,10102,nonempty_extractive_pct,48.046875
new_tasks,squad2,qwen25_7b_base,hidden_budget,10102,native_eos_pct,100.0
new_tasks,squad2,qwen25_7b_base,hidden_budget,10102,capped_pct,0.0
new_tasks,squad2,qwen25_7b_base,hidden_budget,10102,mean_generated_tokens,6.3154296875
new_tasks,squad2,qwen25_7b_base,hidden_both,10100,primary,83.87871074821244
new_tasks,squad2,qwen25_7b_base,hidden_both,10100,em_pct,80.17578125
new_tasks,squad2,qwen25_7b_base,hidden_both,10100,answerable_f1_pct,75.76523399642493
new_tasks,squad2,qwen25_7b_base,hidden_both,10100,answerable_em_pct,68.359375
new_tasks,squad2,qwen25_7b_base,hidden_both,10100,unanswerable_f1_pct,91.9921875
new_tasks,squad2,qwen25_7b_base,hidden_both,10100,answerability_correct_pct,88.0859375
new_tasks,squad2,qwen25_7b_base,hidden_both,10100,predicts_empty_pct,53.90625
new_tasks,squad2,qwen25_7b_base,hidden_both,10100,schema_valid_pct,100.0
new_tasks,squad2,qwen25_7b_base,hidden_both,10100,strict_json_pct,100.0
new_tasks,squad2,qwen25_7b_base,hidden_both,10100,nonempty_extractive_pct,45.01953125
new_tasks,squad2,qwen25_7b_base,hidden_both,10100,native_eos_pct,100.0
new_tasks,squad2,qwen25_7b_base,hidden_both,10100,capped_pct,0.0
new_tasks,squad2,qwen25_7b_base,hidden_both,10100,mean_generated_tokens,6.1640625
new_tasks,squad2,qwen25_7b_base,hidden_both,10101,primary,85.06713863446932
new_tasks,squad2,qwen25_7b_base,hidden_both,10101,em_pct,81.4453125
new_tasks,squad2,qwen25_7b_base,hidden_both,10101,answerable_f1_pct,81.65771476893873
new_tasks,squad2,qwen25_7b_base,hidden_both,10101,answerable_em_pct,74.4140625
new_tasks,squad2,qwen25_7b_base,hidden_both,10101,unanswerable_f1_pct,88.4765625
new_tasks,squad2,qwen25_7b_base,hidden_both,10101,answerability_correct_pct,89.453125
new_tasks,squad2,qwen25_7b_base,hidden_both,10101,predicts_empty_pct,49.0234375
new_tasks,squad2,qwen25_7b_base,hidden_both,10101,schema_valid_pct,100.0
new_tasks,squad2,qwen25_7b_base,hidden_both,10101,strict_json_pct,100.0
new_tasks,squad2,qwen25_7b_base,hidden_both,10101,nonempty_extractive_pct,49.90234375
new_tasks,squad2,qwen25_7b_base,hidden_both,10101,native_eos_pct,100.0
new_tasks,squad2,qwen25_7b_base,hidden_both,10101,capped_pct,0.0
new_tasks,squad2,qwen25_7b_base,hidden_both,10101,mean_generated_tokens,6.314453125
new_tasks,squad2,qwen25_7b_base,hidden_both,10102,primary,84.52273674729402
new_tasks,squad2,qwen25_7b_base,hidden_both,10102,em_pct,80.95703125
new_tasks,squad2,qwen25_7b_base,hidden_both,10102,answerable_f1_pct,79.20172349458807
new_tasks,squad2,qwen25_7b_base,hidden_both,10102,answerable_em_pct,72.0703125
new_tasks,squad2,qwen25_7b_base,hidden_both,10102,unanswerable_f1_pct,89.84375
new_tasks,squad2,qwen25_7b_base,hidden_both,10102,answerability_correct_pct,88.28125
new_tasks,squad2,qwen25_7b_base,hidden_both,10102,predicts_empty_pct,51.5625
new_tasks,squad2,qwen25_7b_base,hidden_both,10102,schema_valid_pct,100.0
new_tasks,squad2,qwen25_7b_base,hidden_both,10102,strict_json_pct,100.0
new_tasks,squad2,qwen25_7b_base,hidden_both,10102,nonempty_extractive_pct,47.75390625
new_tasks,squad2,qwen25_7b_base,hidden_both,10102,native_eos_pct,100.0
new_tasks,squad2,qwen25_7b_base,hidden_both,10102,capped_pct,0.0
new_tasks,squad2,qwen25_7b_base,hidden_both,10102,mean_generated_tokens,6.3603515625
new_tasks,squad2,qwen3_06b_base,base,,primary,0.7150135869565217
new_tasks,squad2,qwen3_06b_base,base,,em_pct,0.5859375
new_tasks,squad2,qwen3_06b_base,base,,answerable_f1_pct,1.4300271739130435
new_tasks,squad2,qwen3_06b_base,base,,answerable_em_pct,1.171875
new_tasks,squad2,qwen3_06b_base,base,,unanswerable_f1_pct,0.0
new_tasks,squad2,qwen3_06b_base,base,,answerability_correct_pct,0.87890625
new_tasks,squad2,qwen3_06b_base,base,,predicts_empty_pct,0.0
new_tasks,squad2,qwen3_06b_base,base,,schema_valid_pct,2.734375
new_tasks,squad2,qwen3_06b_base,base,,strict_json_pct,2.734375
new_tasks,squad2,qwen3_06b_base,base,,nonempty_extractive_pct,1.7578125
new_tasks,squad2,qwen3_06b_base,base,,native_eos_pct,99.4140625
new_tasks,squad2,qwen3_06b_base,base,,capped_pct,0.5859375
new_tasks,squad2,qwen3_06b_base,base,,mean_generated_tokens,14.732421875
new_tasks,squad2,qwen3_06b_base,hidden_budget,10100,primary,74.31016838259158
new_tasks,squad2,qwen3_06b_base,hidden_budget,10100,em_pct,70.41015625
new_tasks,squad2,qwen3_06b_base,hidden_budget,10100,answerable_f1_pct,66.58908676518325
new_tasks,squad2,qwen3_06b_base,hidden_budget,10100,answerable_em_pct,58.7890625
new_tasks,squad2,qwen3_06b_base,hidden_budget,10100,unanswerable_f1_pct,82.03125
new_tasks,squad2,qwen3_06b_base,hidden_budget,10100,answerability_correct_pct,79.58984375
new_tasks,squad2,qwen3_06b_base,hidden_budget,10100,predicts_empty_pct,52.05078125
new_tasks,squad2,qwen3_06b_base,hidden_budget,10100,schema_valid_pct,99.609375
new_tasks,squad2,qwen3_06b_base,hidden_budget,10100,strict_json_pct,99.609375
new_tasks,squad2,qwen3_06b_base,hidden_budget,10100,nonempty_extractive_pct,45.01953125
new_tasks,squad2,qwen3_06b_base,hidden_budget,10100,native_eos_pct,99.90234375
new_tasks,squad2,qwen3_06b_base,hidden_budget,10100,capped_pct,0.09765625
new_tasks,squad2,qwen3_06b_base,hidden_budget,10100,mean_generated_tokens,6.4453125
new_tasks,squad2,qwen3_06b_base,hidden_budget,10101,primary,74.18984893072512
new_tasks,squad2,qwen3_06b_base,hidden_budget,10101,em_pct,70.41015625
new_tasks,squad2,qwen3_06b_base,hidden_budget,10101,answerable_f1_pct,67.3250103614503
new_tasks,squad2,qwen3_06b_base,hidden_budget,10101,answerable_em_pct,59.765625
new_tasks,squad2,qwen3_06b_base,hidden_budget,10101,unanswerable_f1_pct,81.0546875
new_tasks,squad2,qwen3_06b_base,hidden_budget,10101,answerability_correct_pct,80.078125
new_tasks,squad2,qwen3_06b_base,hidden_budget,10101,predicts_empty_pct,50.5859375
new_tasks,squad2,qwen3_06b_base,hidden_budget,10101,schema_valid_pct,99.609375
new_tasks,squad2,qwen3_06b_base,hidden_budget,10101,strict_json_pct,99.609375
new_tasks,squad2,qwen3_06b_base,hidden_budget,10101,nonempty_extractive_pct,46.77734375
new_tasks,squad2,qwen3_06b_base,hidden_budget,10101,native_eos_pct,99.90234375
new_tasks,squad2,qwen3_06b_base,hidden_budget,10101,capped_pct,0.09765625
new_tasks,squad2,qwen3_06b_base,hidden_budget,10101,mean_generated_tokens,6.5322265625
new_tasks,squad2,qwen3_06b_base,hidden_budget,10102,primary,73.87550067102414
new_tasks,squad2,qwen3_06b_base,hidden_budget,10102,em_pct,69.921875
new_tasks,squad2,qwen3_06b_base,hidden_budget,10102,answerable_f1_pct,70.40725134204833
new_tasks,squad2,qwen3_06b_base,hidden_budget,10102,answerable_em_pct,62.5
new_tasks,squad2,qwen3_06b_base,hidden_budget,10102,unanswerable_f1_pct,77.34375
new_tasks,squad2,qwen3_06b_base,hidden_budget,10102,answerability_correct_pct,79.6875
new_tasks,squad2,qwen3_06b_base,hidden_budget,10102,predicts_empty_pct,47.265625
new_tasks,squad2,qwen3_06b_base,hidden_budget,10102,schema_valid_pct,99.609375
new_tasks,squad2,qwen3_06b_base,hidden_budget,10102,strict_json_pct,99.609375
new_tasks,squad2,qwen3_06b_base,hidden_budget,10102,nonempty_extractive_pct,50.0
new_tasks,squad2,qwen3_06b_base,hidden_budget,10102,native_eos_pct,99.90234375
new_tasks,squad2,qwen3_06b_base,hidden_budget,10102,capped_pct,0.09765625
new_tasks,squad2,qwen3_06b_base,hidden_budget,10102,mean_generated_tokens,6.7080078125
new_tasks,squad2,qwen3_06b_base,hidden_both,10100,primary,74.50064766242635
new_tasks,squad2,qwen3_06b_base,hidden_both,10100,em_pct,70.703125
new_tasks,squad2,qwen3_06b_base,hidden_both,10100,answerable_f1_pct,65.99348282485276
new_tasks,squad2,qwen3_06b_base,hidden_both,10100,answerable_em_pct,58.3984375
new_tasks,squad2,qwen3_06b_base,hidden_both,10100,unanswerable_f1_pct,83.0078125
new_tasks,squad2,qwen3_06b_base,hidden_both,10100,answerability_correct_pct,79.8828125
new_tasks,squad2,qwen3_06b_base,hidden_both,10100,predicts_empty_pct,52.734375
new_tasks,squad2,qwen3_06b_base,hidden_both,10100,schema_valid_pct,99.609375
new_tasks,squad2,qwen3_06b_base,hidden_both,10100,strict_json_pct,99.609375
new_tasks,squad2,qwen3_06b_base,hidden_both,10100,nonempty_extractive_pct,44.53125
new_tasks,squad2,qwen3_06b_base,hidden_both,10100,native_eos_pct,99.90234375
new_tasks,squad2,qwen3_06b_base,hidden_both,10100,capped_pct,0.09765625
new_tasks,squad2,qwen3_06b_base,hidden_both,10100,mean_generated_tokens,6.3955078125
new_tasks,squad2,qwen3_06b_base,hidden_both,10101,primary,73.80169626590806
new_tasks,squad2,qwen3_06b_base,hidden_both,10101,em_pct,70.5078125
new_tasks,squad2,qwen3_06b_base,hidden_both,10101,answerable_f1_pct,68.69714253181614
new_tasks,squad2,qwen3_06b_base,hidden_both,10101,answerable_em_pct,62.109375
new_tasks,squad2,qwen3_06b_base,hidden_both,10101,unanswerable_f1_pct,78.90625
new_tasks,squad2,qwen3_06b_base,hidden_both,10101,answerability_correct_pct,79.6875
new_tasks,squad2,qwen3_06b_base,hidden_both,10101,predicts_empty_pct,48.828125
new_tasks,squad2,qwen3_06b_base,hidden_both,10101,schema_valid_pct,99.609375
new_tasks,squad2,qwen3_06b_base,hidden_both,10101,strict_json_pct,99.609375
new_tasks,squad2,qwen3_06b_base,hidden_both,10101,nonempty_extractive_pct,48.4375
new_tasks,squad2,qwen3_06b_base,hidden_both,10101,native_eos_pct,99.90234375
new_tasks,squad2,qwen3_06b_base,hidden_both,10101,capped_pct,0.09765625
new_tasks,squad2,qwen3_06b_base,hidden_both,10101,mean_generated_tokens,6.5400390625
new_tasks,squad2,qwen3_06b_base,hidden_both,10102,primary,73.11802158820518
new_tasks,squad2,qwen3_06b_base,hidden_both,10102,em_pct,68.75
new_tasks,squad2,qwen3_06b_base,hidden_both,10102,answerable_f1_pct,72.40791817641046
new_tasks,squad2,qwen3_06b_base,hidden_both,10102,answerable_em_pct,63.671875
new_tasks,squad2,qwen3_06b_base,hidden_both,10102,unanswerable_f1_pct,73.828125
new_tasks,squad2,qwen3_06b_base,hidden_both,10102,answerability_correct_pct,79.98046875
new_tasks,squad2,qwen3_06b_base,hidden_both,10102,predicts_empty_pct,43.65234375
new_tasks,squad2,qwen3_06b_base,hidden_both,10102,schema_valid_pct,99.8046875
new_tasks,squad2,qwen3_06b_base,hidden_both,10102,strict_json_pct,99.8046875
new_tasks,squad2,qwen3_06b_base,hidden_both,10102,nonempty_extractive_pct,53.125
new_tasks,squad2,qwen3_06b_base,hidden_both,10102,native_eos_pct,100.0
new_tasks,squad2,qwen3_06b_base,hidden_both,10102,capped_pct,0.0
new_tasks,squad2,qwen3_06b_base,hidden_both,10102,mean_generated_tokens,6.8779296875
new_tasks,squad2,qwen3_8b_base,base,,primary,50.1547715876383
new_tasks,squad2,qwen3_8b_base,base,,em_pct,43.75
new_tasks,squad2,qwen3_8b_base,base,,answerable_f1_pct,86.8329806752766
new_tasks,squad2,qwen3_8b_base,base,,answerable_em_pct,74.0234375
new_tasks,squad2,qwen3_8b_base,base,,unanswerable_f1_pct,13.4765625
new_tasks,squad2,qwen3_8b_base,base,,answerability_correct_pct,56.640625
new_tasks,squad2,qwen3_8b_base,base,,predicts_empty_pct,6.8359375
new_tasks,squad2,qwen3_8b_base,base,,schema_valid_pct,100.0
new_tasks,squad2,qwen3_8b_base,base,,strict_json_pct,99.609375
new_tasks,squad2,qwen3_8b_base,base,,nonempty_extractive_pct,86.328125
new_tasks,squad2,qwen3_8b_base,base,,native_eos_pct,99.609375
new_tasks,squad2,qwen3_8b_base,base,,capped_pct,0.390625
new_tasks,squad2,qwen3_8b_base,base,,mean_generated_tokens,11.0517578125
new_tasks,squad2,qwen3_8b_base,hidden,10100,primary,87.35506688657402
new_tasks,squad2,qwen3_8b_base,hidden,10100,em_pct,83.59375
new_tasks,squad2,qwen3_8b_base,hidden,10100,answerable_f1_pct,83.1085712731482
new_tasks,squad2,qwen3_8b_base,hidden,10100,answerable_em_pct,75.5859375
new_tasks,squad2,qwen3_8b_base,hidden,10100,unanswerable_f1_pct,91.6015625
new_tasks,squad2,qwen3_8b_base,hidden,10100,answerability_correct_pct,91.40625
new_tasks,squad2,qwen3_8b_base,hidden,10100,predicts_empty_pct,50.1953125
new_tasks,squad2,qwen3_8b_base,hidden,10100,schema_valid_pct,100.0
new_tasks,squad2,qwen3_8b_base,hidden,10100,strict_json_pct,100.0
new_tasks,squad2,qwen3_8b_base,hidden,10100,nonempty_extractive_pct,48.828125
new_tasks,squad2,qwen3_8b_base,hidden,10100,native_eos_pct,100.0
new_tasks,squad2,qwen3_8b_base,hidden,10100,capped_pct,0.0
new_tasks,squad2,qwen3_8b_base,hidden,10100,mean_generated_tokens,6.3466796875
new_tasks,squad2,qwen3_8b_base,hidden,10101,primary,87.74459398551168
new_tasks,squad2,qwen3_8b_base,hidden,10101,em_pct,83.984375
new_tasks,squad2,qwen3_8b_base,hidden,10101,answerable_f1_pct,83.49700047102354
new_tasks,squad2,qwen3_8b_base,hidden,10101,answerable_em_pct,75.9765625
new_tasks,squad2,qwen3_8b_base,hidden,10101,unanswerable_f1_pct,91.9921875
new_tasks,squad2,qwen3_8b_base,hidden,10101,answerability_correct_pct,91.50390625
new_tasks,squad2,qwen3_8b_base,hidden,10101,predicts_empty_pct,50.48828125
new_tasks,squad2,qwen3_8b_base,hidden,10101,schema_valid_pct,100.0
new_tasks,squad2,qwen3_8b_base,hidden,10101,strict_json_pct,100.0
new_tasks,squad2,qwen3_8b_base,hidden,10101,nonempty_extractive_pct,48.4375
new_tasks,squad2,qwen3_8b_base,hidden,10101,native_eos_pct,100.0
new_tasks,squad2,qwen3_8b_base,hidden,10101,capped_pct,0.0
new_tasks,squad2,qwen3_8b_base,hidden,10101,mean_generated_tokens,6.3056640625
new_tasks,squad2,qwen3_8b_base,hidden,10102,primary,87.35038603024522
new_tasks,squad2,qwen3_8b_base,hidden,10102,em_pct,83.59375
new_tasks,squad2,qwen3_8b_base,hidden,10102,answerable_f1_pct,83.29452206049055
new_tasks,squad2,qwen3_8b_base,hidden,10102,answerable_em_pct,75.78125
new_tasks,squad2,qwen3_8b_base,hidden,10102,unanswerable_f1_pct,91.40625
new_tasks,squad2,qwen3_8b_base,hidden,10102,answerability_correct_pct,90.8203125
new_tasks,squad2,qwen3_8b_base,hidden,10102,predicts_empty_pct,50.48828125
new_tasks,squad2,qwen3_8b_base,hidden,10102,schema_valid_pct,99.90234375
new_tasks,squad2,qwen3_8b_base,hidden,10102,strict_json_pct,99.90234375
new_tasks,squad2,qwen3_8b_base,hidden,10102,nonempty_extractive_pct,48.53515625
new_tasks,squad2,qwen3_8b_base,hidden,10102,native_eos_pct,100.0
new_tasks,squad2,qwen3_8b_base,hidden,10102,capped_pct,0.0
new_tasks,squad2,qwen3_8b_base,hidden,10102,mean_generated_tokens,6.3525390625
new_tasks,squad2,qwen3_8b_base,hidden_budget,10100,primary,87.03441501689198
new_tasks,squad2,qwen3_8b_base,hidden_budget,10100,em_pct,83.3984375
new_tasks,squad2,qwen3_8b_base,hidden_budget,10100,answerable_f1_pct,82.2719550337841
new_tasks,squad2,qwen3_8b_base,hidden_budget,10100,answerable_em_pct,75.0
new_tasks,squad2,qwen3_8b_base,hidden_budget,10100,unanswerable_f1_pct,91.796875
new_tasks,squad2,qwen3_8b_base,hidden_budget,10100,answerability_correct_pct,91.015625
new_tasks,squad2,qwen3_8b_base,hidden_budget,10100,predicts_empty_pct,50.68359375
new_tasks,squad2,qwen3_8b_base,hidden_budget,10100,schema_valid_pct,99.90234375
new_tasks,squad2,qwen3_8b_base,hidden_budget,10100,strict_json_pct,99.90234375
new_tasks,squad2,qwen3_8b_base,hidden_budget,10100,nonempty_extractive_pct,48.53515625
new_tasks,squad2,qwen3_8b_base,hidden_budget,10100,native_eos_pct,100.0
new_tasks,squad2,qwen3_8b_base,hidden_budget,10100,capped_pct,0.0
new_tasks,squad2,qwen3_8b_base,hidden_budget,10100,mean_generated_tokens,6.3603515625
new_tasks,squad2,qwen3_8b_base,hidden_budget,10101,primary,87.5272873249031
new_tasks,squad2,qwen3_8b_base,hidden_budget,10101,em_pct,83.88671875
new_tasks,squad2,qwen3_8b_base,hidden_budget,10101,answerable_f1_pct,84.03894964980637
new_tasks,squad2,qwen3_8b_base,hidden_budget,10101,answerable_em_pct,76.7578125
new_tasks,squad2,qwen3_8b_base,hidden_budget,10101,unanswerable_f1_pct,91.015625
new_tasks,squad2,qwen3_8b_base,hidden_budget,10101,answerability_correct_pct,90.91796875
new_tasks,squad2,qwen3_8b_base,hidden_budget,10101,predicts_empty_pct,50.09765625
new_tasks,squad2,qwen3_8b_base,hidden_budget,10101,schema_valid_pct,100.0
new_tasks,squad2,qwen3_8b_base,hidden_budget,10101,strict_json_pct,100.0
new_tasks,squad2,qwen3_8b_base,hidden_budget,10101,nonempty_extractive_pct,49.0234375
new_tasks,squad2,qwen3_8b_base,hidden_budget,10101,native_eos_pct,100.0
new_tasks,squad2,qwen3_8b_base,hidden_budget,10101,capped_pct,0.0
new_tasks,squad2,qwen3_8b_base,hidden_budget,10101,mean_generated_tokens,6.3251953125
new_tasks,squad2,qwen3_8b_base,hidden_budget,10102,primary,87.72577221739435
new_tasks,squad2,qwen3_8b_base,hidden_budget,10102,em_pct,84.08203125
new_tasks,squad2,qwen3_8b_base,hidden_budget,10102,answerable_f1_pct,84.24060693478881
new_tasks,squad2,qwen3_8b_base,hidden_budget,10102,answerable_em_pct,76.953125
new_tasks,squad2,qwen3_8b_base,hidden_budget,10102,unanswerable_f1_pct,91.2109375
new_tasks,squad2,qwen3_8b_base,hidden_budget,10102,answerability_correct_pct,91.11328125
new_tasks,squad2,qwen3_8b_base,hidden_budget,10102,predicts_empty_pct,50.0
new_tasks,squad2,qwen3_8b_base,hidden_budget,10102,schema_valid_pct,99.90234375
new_tasks,squad2,qwen3_8b_base,hidden_budget,10102,strict_json_pct,99.90234375
new_tasks,squad2,qwen3_8b_base,hidden_budget,10102,nonempty_extractive_pct,49.12109375
new_tasks,squad2,qwen3_8b_base,hidden_budget,10102,native_eos_pct,100.0
new_tasks,squad2,qwen3_8b_base,hidden_budget,10102,capped_pct,0.0
new_tasks,squad2,qwen3_8b_base,hidden_budget,10102,mean_generated_tokens,6.3671875
new_tasks,squad2,qwen3_8b_base,hidden_both,10100,primary,87.23315437452017
new_tasks,squad2,qwen3_8b_base,hidden_both,10100,em_pct,83.69140625
new_tasks,squad2,qwen3_8b_base,hidden_both,10100,answerable_f1_pct,80.91162124904045
new_tasks,squad2,qwen3_8b_base,hidden_both,10100,answerable_em_pct,73.828125
new_tasks,squad2,qwen3_8b_base,hidden_both,10100,unanswerable_f1_pct,93.5546875
new_tasks,squad2,qwen3_8b_base,hidden_both,10100,answerability_correct_pct,90.4296875
new_tasks,squad2,qwen3_8b_base,hidden_both,10100,predicts_empty_pct,53.125
new_tasks,squad2,qwen3_8b_base,hidden_both,10100,schema_valid_pct,100.0
new_tasks,squad2,qwen3_8b_base,hidden_both,10100,strict_json_pct,100.0
new_tasks,squad2,qwen3_8b_base,hidden_both,10100,nonempty_extractive_pct,45.99609375
new_tasks,squad2,qwen3_8b_base,hidden_both,10100,native_eos_pct,100.0
new_tasks,squad2,qwen3_8b_base,hidden_both,10100,capped_pct,0.0
new_tasks,squad2,qwen3_8b_base,hidden_both,10100,mean_generated_tokens,6.287109375
new_tasks,squad2,qwen3_8b_base,hidden_both,10101,primary,87.31093306687723
new_tasks,squad2,qwen3_8b_base,hidden_both,10101,em_pct,83.49609375
new_tasks,squad2,qwen3_8b_base,hidden_both,10101,answerable_f1_pct,84.58280363375465
new_tasks,squad2,qwen3_8b_base,hidden_both,10101,answerable_em_pct,76.953125
new_tasks,squad2,qwen3_8b_base,hidden_both,10101,unanswerable_f1_pct,90.0390625
new_tasks,squad2,qwen3_8b_base,hidden_both,10101,answerability_correct_pct,91.2109375
new_tasks,squad2,qwen3_8b_base,hidden_both,10101,predicts_empty_pct,48.828125
new_tasks,squad2,qwen3_8b_base,hidden_both,10101,schema_valid_pct,100.0
new_tasks,squad2,qwen3_8b_base,hidden_both,10101,strict_json_pct,100.0
new_tasks,squad2,qwen3_8b_base,hidden_both,10101,nonempty_extractive_pct,49.90234375
new_tasks,squad2,qwen3_8b_base,hidden_both,10101,native_eos_pct,100.0
new_tasks,squad2,qwen3_8b_base,hidden_both,10101,capped_pct,0.0
new_tasks,squad2,qwen3_8b_base,hidden_both,10101,mean_generated_tokens,6.2783203125
new_tasks,squad2,qwen3_8b_base,hidden_both,10102,primary,86.24385504261049
new_tasks,squad2,qwen3_8b_base,hidden_both,10102,em_pct,82.51953125
new_tasks,squad2,qwen3_8b_base,hidden_both,10102,answerable_f1_pct,79.51896008522107
new_tasks,squad2,qwen3_8b_base,hidden_both,10102,answerable_em_pct,72.0703125
new_tasks,squad2,qwen3_8b_base,hidden_both,10102,unanswerable_f1_pct,92.96875
new_tasks,squad2,qwen3_8b_base,hidden_both,10102,answerability_correct_pct,89.35546875
new_tasks,squad2,qwen3_8b_base,hidden_both,10102,predicts_empty_pct,53.61328125
new_tasks,squad2,qwen3_8b_base,hidden_both,10102,schema_valid_pct,100.0
new_tasks,squad2,qwen3_8b_base,hidden_both,10102,strict_json_pct,100.0
new_tasks,squad2,qwen3_8b_base,hidden_both,10102,nonempty_extractive_pct,45.60546875
new_tasks,squad2,qwen3_8b_base,hidden_both,10102,native_eos_pct,100.0
new_tasks,squad2,qwen3_8b_base,hidden_both,10102,capped_pct,0.0
new_tasks,squad2,qwen3_8b_base,hidden_both,10102,mean_generated_tokens,6.3232421875
