phase,task,model,arm,seed,reused,first8_step_loss,last8_step_loss,first8_preclip_grad_norm,clip_step_fraction,dev_primary_if_available,test_primary,training_metadata,training_metadata_sha256,dev_summary_if_available,dev_summary_sha256_if_available
core,cluener,qwen25_05b_base,hidden,6100,False,0.36585524849942885,0.12647086032666266,2.1252303272485733,0.15625,56.967213114754095,55.96837944664031,/commondocument/wz/cross_encoder_workspace/im_exp/lora/reviewer_followup/model_architecture_14h_20260917/core/checkpoints/cluener_qwen25_05b_base_hidden_s6100/TRAINING.json,4426c423eb18855bd9b505a8ea56644edd7704bcb8cfac0dbc00829ef7170225,/commondocument/wz/cross_encoder_workspace/im_exp/lora/reviewer_followup/model_architecture_14h_20260917/core/evaluations/cluener_qwen25_05b_base_hidden_s6100/dev/SUMMARY.json,4b868b8cf332398ab77e3fc0516a6d13724dda8cb70808b2aeabe1b89e1704e3
core,cluener,qwen25_05b_base,hidden,6101,False,0.38574153254012344,0.11050219561730046,2.841196283698082,0.140625,56.646216768916155,56.405384006334124,/commondocument/wz/cross_encoder_workspace/im_exp/lora/reviewer_followup/model_architecture_14h_20260917/core/checkpoints/cluener_qwen25_05b_base_hidden_s6101/TRAINING.json,6ff36d59c20b3619907f83805728d55090c42a5506bb1025a86f378d1aa70771,/commondocument/wz/cross_encoder_workspace/im_exp/lora/reviewer_followup/model_architecture_14h_20260917/core/evaluations/cluener_qwen25_05b_base_hidden_s6101/dev/SUMMARY.json,5a573533395d4141726d5e5ae02f4ee3bbb7ea919b1d362ccae8b18005ed4103
core,cluener,qwen25_05b_base,hidden,6102,False,0.366309339471627,0.12040633064316353,2.2399872094392776,0.171875,57.3469387755102,57.4203821656051,/commondocument/wz/cross_encoder_workspace/im_exp/lora/reviewer_followup/model_architecture_14h_20260917/core/checkpoints/cluener_qwen25_05b_base_hidden_s6102/TRAINING.json,e48cb2556744ec5503fc181b1e4d18f9d16e0a48a136b89d89a7bac6ffc55430,/commondocument/wz/cross_encoder_workspace/im_exp/lora/reviewer_followup/model_architecture_14h_20260917/core/evaluations/cluener_qwen25_05b_base_hidden_s6102/dev/SUMMARY.json,c23c4f22a55b74337f613555909eef49ed4af7b2d0416bea468c901ce586b934
core,cluener,qwen25_05b_base,hidden_budget,6100,False,0.36561737276497297,0.12684684405394364,2.154168948531151,0.140625,56.61538461538461,56.145339652448655,/commondocument/wz/cross_encoder_workspace/im_exp/lora/reviewer_followup/model_architecture_14h_20260917/core/checkpoints/cluener_qwen25_05b_base_hidden_budget_s6100/TRAINING.json,606490c83e4d227f3dbd3b57b2bcee797304d460d2019b9cb07f3aab5c477bff,/commondocument/wz/cross_encoder_workspace/im_exp/lora/reviewer_followup/model_architecture_14h_20260917/core/evaluations/cluener_qwen25_05b_base_hidden_budget_s6100/dev/SUMMARY.json,c60b1c1215e0b1e6b06e4ee34624787f4762faefc3f56de21b4ff87235db7c2e
core,cluener,qwen25_05b_base,hidden_budget,6101,False,0.38430968529428355,0.10967908392194659,2.6785883009433746,0.15625,56.49948822927328,56.44346178142767,/commondocument/wz/cross_encoder_workspace/im_exp/lora/reviewer_followup/model_architecture_14h_20260917/core/checkpoints/cluener_qwen25_05b_base_hidden_budget_s6101/TRAINING.json,5470479efe2f9785404587cc3f4ddcf2f54d6e1870613f331a5f63813a6b0b37,/commondocument/wz/cross_encoder_workspace/im_exp/lora/reviewer_followup/model_architecture_14h_20260917/core/evaluations/cluener_qwen25_05b_base_hidden_budget_s6101/dev/SUMMARY.json,a0060fceb49292bc67255ea81276bce6de900175c2ce8e944d6618f427cc47ee
core,cluener,qwen25_05b_base,hidden_budget,6102,False,0.36481505900155753,0.12060998520610156,2.193294256925583,0.1875,56.622851365015165,56.943342326614825,/commondocument/wz/cross_encoder_workspace/im_exp/lora/reviewer_followup/model_architecture_14h_20260917/core/checkpoints/cluener_qwen25_05b_base_hidden_budget_s6102/TRAINING.json,7aa048cb5a929f75ed18a0b012248c3d6de6371182eb723b5c97e72dc3d477c2,/commondocument/wz/cross_encoder_workspace/im_exp/lora/reviewer_followup/model_architecture_14h_20260917/core/evaluations/cluener_qwen25_05b_base_hidden_budget_s6102/dev/SUMMARY.json,fe139e244f29905395a43f199ab12c75874ddabbb670b61be6ba5145c8cbf507
core,cluener,qwen25_05b_base,hidden_input,6100,False,0.3608937929093372,0.12440568897000048,4.655696749687195,0.96875,55.98335067637877,57.340186315451334,/commondocument/wz/cross_encoder_workspace/im_exp/lora/reviewer_followup/model_architecture_14h_20260917/core/checkpoints/cluener_qwen25_05b_base_hidden_input_s6100/TRAINING.json,c1d288c9b6b3f3808aaffb0f64c4103deef9686205a5c2bc2d6ab4f46f5de5fb,/commondocument/wz/cross_encoder_workspace/im_exp/lora/reviewer_followup/model_architecture_14h_20260917/core/evaluations/cluener_qwen25_05b_base_hidden_input_s6100/dev/SUMMARY.json,cc9f28009562356a1542365617a3222083e6cdb9848d14368ce0f0dc7eed0a26
core,cluener,qwen25_05b_base,hidden_input,6101,False,0.37437353597488254,0.10699226140786777,4.975606024265289,0.9375,56.70103092783505,57.56082048020353,/commondocument/wz/cross_encoder_workspace/im_exp/lora/reviewer_followup/model_architecture_14h_20260917/core/checkpoints/cluener_qwen25_05b_base_hidden_input_s6101/TRAINING.json,97cd0b9c99a12ed4d75f31d02eb8b64574561f816b30b384e4c4efec8cba7eeb,/commondocument/wz/cross_encoder_workspace/im_exp/lora/reviewer_followup/model_architecture_14h_20260917/core/evaluations/cluener_qwen25_05b_base_hidden_input_s6101/dev/SUMMARY.json,13efc6620c08254f49b74d89177dfbdfe29678cfd1e81084277a85b5eb390b88
core,cluener,qwen25_05b_base,hidden_input,6102,False,0.3578759738593362,0.11661114042726695,4.64608559012413,0.90625,57.201225740551585,58.40229153405474,/commondocument/wz/cross_encoder_workspace/im_exp/lora/reviewer_followup/model_architecture_14h_20260917/core/checkpoints/cluener_qwen25_05b_base_hidden_input_s6102/TRAINING.json,9bc5140465191b1036d7002b5b158486cfd0917fe42d52f13cc58715588ca3c7,/commondocument/wz/cross_encoder_workspace/im_exp/lora/reviewer_followup/model_architecture_14h_20260917/core/evaluations/cluener_qwen25_05b_base_hidden_input_s6102/dev/SUMMARY.json,efd240abdeb296ff372fe4c43e18a7d2e80ee630dc7ba424ab2cbdc6cf9f2c4b
core,cluener,qwen25_05b_base,hidden_output,6100,False,0.36008945462526754,0.1243799678486539,2.777333691716194,0.265625,58.13008130081301,56.72923958001909,/commondocument/wz/cross_encoder_workspace/im_exp/lora/reviewer_followup/model_architecture_14h_20260917/core/checkpoints/cluener_qwen25_05b_base_hidden_output_s6100/TRAINING.json,ecb48cf057b3e58dfa186c6f86e057f88ddc87107d3f2569f615904a74683d74,/commondocument/wz/cross_encoder_workspace/im_exp/lora/reviewer_followup/model_architecture_14h_20260917/core/evaluations/cluener_qwen25_05b_base_hidden_output_s6100/dev/SUMMARY.json,7897fe7f0ba81dd6a7c22ebc97bc5b425ce60b156688ae5755eb0d7e894fe431
core,cluener,qwen25_05b_base,hidden_output,6101,False,0.3817752151953755,0.10703259782167152,3.5601343363523483,0.234375,57.54812563323202,58.07888040712468,/commondocument/wz/cross_encoder_workspace/im_exp/lora/reviewer_followup/model_architecture_14h_20260917/core/checkpoints/cluener_qwen25_05b_base_hidden_output_s6101/TRAINING.json,fea834467eb8da616c38b5a5041d70a0bf9d175738bf1bd8ae015f0506d8873f,/commondocument/wz/cross_encoder_workspace/im_exp/lora/reviewer_followup/model_architecture_14h_20260917/core/evaluations/cluener_qwen25_05b_base_hidden_output_s6101/dev/SUMMARY.json,0cbf4f1f6e42e91780c7a0259ac12caf1962e4fd96c52a378b0dadc233718ec9
core,cluener,qwen25_05b_base,hidden_output,6102,False,0.35825193021446466,0.11851652158657089,2.7129699289798737,0.3125,57.868020304568525,57.815232946414376,/commondocument/wz/cross_encoder_workspace/im_exp/lora/reviewer_followup/model_architecture_14h_20260917/core/checkpoints/cluener_qwen25_05b_base_hidden_output_s6102/TRAINING.json,0da864feda8970ebbd4e0831d775f147a32d0de4cc815938ebfc827679b2036d,/commondocument/wz/cross_encoder_workspace/im_exp/lora/reviewer_followup/model_architecture_14h_20260917/core/evaluations/cluener_qwen25_05b_base_hidden_output_s6102/dev/SUMMARY.json,a16e8facbf8a3bf3c1f2b4d6da9320009b583054875ec0d9683780edeba0bec0
core,cluener,qwen25_05b_base,hidden_both,6100,False,0.3564002219354734,0.12370370327334967,4.933356583118439,0.984375,57.585139318885446,57.44784085395439,/commondocument/wz/cross_encoder_workspace/im_exp/lora/reviewer_followup/model_architecture_14h_20260917/core/checkpoints/cluener_qwen25_05b_base_hidden_both_s6100/TRAINING.json,3b0d10e9747227bdc87d58d91d4b0ee16029b708e4f75c2ce5f5fa7041c63b48,/commondocument/wz/cross_encoder_workspace/im_exp/lora/reviewer_followup/model_architecture_14h_20260917/core/evaluations/cluener_qwen25_05b_base_hidden_both_s6100/dev/SUMMARY.json,77f8cd585584238856c01ebac0c22334ccb5881734bc287efa3cdd60da1090fc
core,cluener,qwen25_05b_base,hidden_both,6101,False,0.3785238155251136,0.10583339615550358,6.361349672079086,0.984375,58.96907216494845,57.79831129520471,/commondocument/wz/cross_encoder_workspace/im_exp/lora/reviewer_followup/model_architecture_14h_20260917/core/checkpoints/cluener_qwen25_05b_base_hidden_both_s6101/TRAINING.json,0d179d5305c90ba3da9c4c56c9b26d54954e82acee111cb73a635c6f9539dc1d,/commondocument/wz/cross_encoder_workspace/im_exp/lora/reviewer_followup/model_architecture_14h_20260917/core/evaluations/cluener_qwen25_05b_base_hidden_both_s6101/dev/SUMMARY.json,d821c0adc6f41e6f886a63408b28abec6f19675bbff5268bd54d827e2509bc4e
core,cluener,qwen25_05b_base,hidden_both,6102,False,0.3562572043738328,0.11683580400494975,5.307975202798843,0.9375,57.55102040816327,58.336,/commondocument/wz/cross_encoder_workspace/im_exp/lora/reviewer_followup/model_architecture_14h_20260917/core/checkpoints/cluener_qwen25_05b_base_hidden_both_s6102/TRAINING.json,43aa4809f2a04d8b725897dad939859018d6bd234d37a8195a11b924ec6b4820,/commondocument/wz/cross_encoder_workspace/im_exp/lora/reviewer_followup/model_architecture_14h_20260917/core/evaluations/cluener_qwen25_05b_base_hidden_both_s6102/dev/SUMMARY.json,5812f43745cedb6265b0b69f03c41cd18819eaf46cab8186742b555cfcffbae7
core,cluener,qwen25_05b_base,input,6100,False,0.55715498898644,0.23361774554359727,5.939302712678909,1.0,31.839847473784555,28.012449977767897,/commondocument/wz/cross_encoder_workspace/im_exp/lora/reviewer_followup/model_architecture_14h_20260917/core/checkpoints/cluener_qwen25_05b_base_input_s6100/TRAINING.json,e3fac3e089cd273ab4b61575d9e8fad18f0e720d6bc25ca7de164b2353ed69f6,/commondocument/wz/cross_encoder_workspace/im_exp/lora/reviewer_followup/model_architecture_14h_20260917/core/evaluations/cluener_qwen25_05b_base_input_s6100/dev/SUMMARY.json,bcf5e1221639ed3ab4a1609148e0fbc85635e4dee1791693434d2544abec0ec6
core,cluener,qwen25_05b_base,input,6101,False,0.5719361954834312,0.21711555661750026,6.202309340238571,1.0,30.71090047393365,27.627539833357694,/commondocument/wz/cross_encoder_workspace/im_exp/lora/reviewer_followup/model_architecture_14h_20260917/core/checkpoints/cluener_qwen25_05b_base_input_s6101/TRAINING.json,ce37024fe4f8e2b9620a698b0bbb6c15b81a698381f9424903f3079c008aa7c8,/commondocument/wz/cross_encoder_workspace/im_exp/lora/reviewer_followup/model_architecture_14h_20260917/core/evaluations/cluener_qwen25_05b_base_input_s6101/dev/SUMMARY.json,3cbc95f7764ce559a4b46b12229521dbf8a01692ca6cdf6b219c585076d3af3f
core,cluener,qwen25_05b_base,input,6102,False,0.555426099919714,0.2164489622518886,5.885556757450104,1.0,33.86773547094188,30.120665953872003,/commondocument/wz/cross_encoder_workspace/im_exp/lora/reviewer_followup/model_architecture_14h_20260917/core/checkpoints/cluener_qwen25_05b_base_input_s6102/TRAINING.json,7ecec520d89dd55a2ffa4e4b61bc8e82a49d94c028a21f1bf5b4725de95f961e,/commondocument/wz/cross_encoder_workspace/im_exp/lora/reviewer_followup/model_architecture_14h_20260917/core/evaluations/cluener_qwen25_05b_base_input_s6102/dev/SUMMARY.json,6d445ccf35f6cb95561d64ff67d365d3a638c7e48a9aa53cd9096bf9ca2d9bc1
core,cluener,qwen25_05b_base,output,6100,False,0.5311807517427951,0.27669414173578843,3.089774012565613,0.5625,21.708185053380785,21.632765255634965,/commondocument/wz/cross_encoder_workspace/im_exp/lora/reviewer_followup/model_architecture_14h_20260917/core/checkpoints/cluener_qwen25_05b_base_output_s6100/TRAINING.json,748c4563e6200edbe426debb6f85aa1ec837e16c7c41e23353c1766eb591a20f,/commondocument/wz/cross_encoder_workspace/im_exp/lora/reviewer_followup/model_architecture_14h_20260917/core/evaluations/cluener_qwen25_05b_base_output_s6100/dev/SUMMARY.json,d4beb0f0551a9d4f4bdf06483d4a9bf42ee2a3ff4d86e55f17c0c6e141619bd3
core,cluener,qwen25_05b_base,output,6101,False,0.5454835046548396,0.2616660795174539,3.828391194343567,0.734375,19.666374012291485,21.148118061196858,/commondocument/wz/cross_encoder_workspace/im_exp/lora/reviewer_followup/model_architecture_14h_20260917/core/checkpoints/cluener_qwen25_05b_base_output_s6101/TRAINING.json,79e611b22f3800c5138844a1df0fc0e9e30e6f0c9e579cb05699f5bd837077a5,/commondocument/wz/cross_encoder_workspace/im_exp/lora/reviewer_followup/model_architecture_14h_20260917/core/evaluations/cluener_qwen25_05b_base_output_s6101/dev/SUMMARY.json,d2412fe46c60b71e0fdfd9701b5361e90758fbfd6893c00dd5da34da84810f4a
core,cluener,qwen25_05b_base,output,6102,False,0.5343995162984356,0.2499495967058465,3.1197727024555206,0.5,22.552447552447553,22.730945327228657,/commondocument/wz/cross_encoder_workspace/im_exp/lora/reviewer_followup/model_architecture_14h_20260917/core/checkpoints/cluener_qwen25_05b_base_output_s6102/TRAINING.json,126442f7ff3d63f9908d280110f4d3569c434dd7cc816b03dc1a80a655ea1827,/commondocument/wz/cross_encoder_workspace/im_exp/lora/reviewer_followup/model_architecture_14h_20260917/core/evaluations/cluener_qwen25_05b_base_output_s6102/dev/SUMMARY.json,79add9536ce0bca4a82470ecc83f4d16e9cc024a3bced906b5b0cce46079dfe7
core,cluener,qwen25_05b_base,both,6100,False,0.46267837489722297,0.19578819956223015,5.453405380249023,1.0,36.8474923234391,37.36298152207955,/commondocument/wz/cross_encoder_workspace/im_exp/lora/reviewer_followup/model_architecture_14h_20260917/core/checkpoints/cluener_qwen25_05b_base_both_s6100/TRAINING.json,35c421ef249854e733d27e72b5df6ab46d3823fd6da30e1716c3ae54c436cefb,/commondocument/wz/cross_encoder_workspace/im_exp/lora/reviewer_followup/model_architecture_14h_20260917/core/evaluations/cluener_qwen25_05b_base_both_s6100/dev/SUMMARY.json,0834715ae0ae17338956ac4b8a57eb3e6b0c6c3e43223cc671e40980ab877670
core,cluener,qwen25_05b_base,both,6101,False,0.4775518234819174,0.17827951299841516,6.3071728348731995,1.0,33.72319688109162,35.55488540410133,/commondocument/wz/cross_encoder_workspace/im_exp/lora/reviewer_followup/model_architecture_14h_20260917/core/checkpoints/cluener_qwen25_05b_base_both_s6101/TRAINING.json,d76fadccdf363d50a977ad801931f82898980586b34979e851901d1ec107914c,/commondocument/wz/cross_encoder_workspace/im_exp/lora/reviewer_followup/model_architecture_14h_20260917/core/evaluations/cluener_qwen25_05b_base_both_s6101/dev/SUMMARY.json,734852255d4d7635e55e2c42053e565cce2ddf61ab1e67c3d3c90e6c6ea1cd07
core,cluener,qwen25_05b_base,both,6102,False,0.4673238821560517,0.17918794651632197,5.2918896079063416,1.0,38.05748265609515,37.874740279014546,/commondocument/wz/cross_encoder_workspace/im_exp/lora/reviewer_followup/model_architecture_14h_20260917/core/checkpoints/cluener_qwen25_05b_base_both_s6102/TRAINING.json,62f6fec25e7fd082ef8a6cb26a6ddd8650dc8ff1defb32a3deea31eb4aac3154,/commondocument/wz/cross_encoder_workspace/im_exp/lora/reviewer_followup/model_architecture_14h_20260917/core/evaluations/cluener_qwen25_05b_base_both_s6102/dev/SUMMARY.json,5700c18da746a90f4d2b4752bf6de63f62e436131a38b6cce84129db4a89ba9b
core,wikisql,qwen25_05b_base,hidden,7100,False,0.6896003079600632,0.17384120379574597,2.601462349295616,0.265625,36.328125,35.9375,/commondocument/wz/cross_encoder_workspace/im_exp/lora/reviewer_followup/model_architecture_14h_20260917/core/checkpoints/wikisql_qwen25_05b_base_hidden_s7100/TRAINING.json,f11263deb387add6d58bbec2d54669e427c3aec35f3d45df3c3a5a768f7f2521,/commondocument/wz/cross_encoder_workspace/im_exp/lora/reviewer_followup/model_architecture_14h_20260917/core/evaluations/wikisql_qwen25_05b_base_hidden_s7100/dev/SUMMARY.json,5b9d40706aaf0bfd8aad2dcd551541dca0d5b5b2e16a3a5673e10a552e0c1465
core,wikisql,qwen25_05b_base,hidden,7101,False,0.7013560831546783,0.18286507995799184,2.635649800300598,0.34375,37.890625,37.109375,/commondocument/wz/cross_encoder_workspace/im_exp/lora/reviewer_followup/model_architecture_14h_20260917/core/checkpoints/wikisql_qwen25_05b_base_hidden_s7101/TRAINING.json,0cae0583b10b828722ed04dc1217fe6afb7bccc91156b0cd809b4526e5a500df,/commondocument/wz/cross_encoder_workspace/im_exp/lora/reviewer_followup/model_architecture_14h_20260917/core/evaluations/wikisql_qwen25_05b_base_hidden_s7101/dev/SUMMARY.json,c7abdaf142b847401b5915c1307583e30746d27913f59a5d2528483a5d730bc3
core,wikisql,qwen25_05b_base,hidden,7102,False,0.6766182286664844,0.17518886306788772,2.5631980150938034,0.3125,36.328125,36.03515625,/commondocument/wz/cross_encoder_workspace/im_exp/lora/reviewer_followup/model_architecture_14h_20260917/core/checkpoints/wikisql_qwen25_05b_base_hidden_s7102/TRAINING.json,15d4f241f005f527336becd1a66996c1ec938ed51f88377e429aec3759c84729,/commondocument/wz/cross_encoder_workspace/im_exp/lora/reviewer_followup/model_architecture_14h_20260917/core/evaluations/wikisql_qwen25_05b_base_hidden_s7102/dev/SUMMARY.json,6dcb69a49a52ccaaa6df6ceffc3dc0194474b16ba798dd4a0e2dfa7919600254
core,wikisql,qwen25_05b_base,hidden_budget,7100,False,0.6892104642465711,0.17335286899469793,2.6468441784381866,0.265625,34.375,36.03515625,/commondocument/wz/cross_encoder_workspace/im_exp/lora/reviewer_followup/model_architecture_14h_20260917/core/checkpoints/wikisql_qwen25_05b_base_hidden_budget_s7100/TRAINING.json,bc1126f822c9c19f0e0b3244917c38e95b0218d2b6fba168c7b52944677f70f8,/commondocument/wz/cross_encoder_workspace/im_exp/lora/reviewer_followup/model_architecture_14h_20260917/core/evaluations/wikisql_qwen25_05b_base_hidden_budget_s7100/dev/SUMMARY.json,af6ea21666ded6e4035eb55e1a4f679907f1c077adb056dee78f8329badd961d
core,wikisql,qwen25_05b_base,hidden_budget,7101,False,0.7013544624205679,0.18171526020159945,2.6580877006053925,0.3125,38.28125,37.59765625,/commondocument/wz/cross_encoder_workspace/im_exp/lora/reviewer_followup/model_architecture_14h_20260917/core/checkpoints/wikisql_qwen25_05b_base_hidden_budget_s7101/TRAINING.json,950636f5b08e0aa27079fd9cb40f41e1dfc3caf6b0074800ae12e21597b1fee5,/commondocument/wz/cross_encoder_workspace/im_exp/lora/reviewer_followup/model_architecture_14h_20260917/core/evaluations/wikisql_qwen25_05b_base_hidden_budget_s7101/dev/SUMMARY.json,4e2363e1dad8ca599f2dae4f3472bac7d2383039d177c235e8cf936a33a323d1
core,wikisql,qwen25_05b_base,hidden_budget,7102,False,0.6764329550787807,0.1737549194949679,2.591457322239876,0.296875,37.109375,35.83984375,/commondocument/wz/cross_encoder_workspace/im_exp/lora/reviewer_followup/model_architecture_14h_20260917/core/checkpoints/wikisql_qwen25_05b_base_hidden_budget_s7102/TRAINING.json,6eab3701428a85cd248b56c82aaa1db5c9b7291bd6e8c368b9c90ff20a2211cd,/commondocument/wz/cross_encoder_workspace/im_exp/lora/reviewer_followup/model_architecture_14h_20260917/core/evaluations/wikisql_qwen25_05b_base_hidden_budget_s7102/dev/SUMMARY.json,d9b238b9b21a3bbcb549fc59d7250dace8b6a119c9e95e7aae5a205d25a07dca
core,wikisql,qwen25_05b_base,hidden_input,7100,False,0.6807649212423712,0.17024316207971424,5.582972586154938,1.0,36.71875,37.98828125,/commondocument/wz/cross_encoder_workspace/im_exp/lora/reviewer_followup/model_architecture_14h_20260917/core/checkpoints/wikisql_qwen25_05b_base_hidden_input_s7100/TRAINING.json,7fdaa4753f33a420cac72bf0abed473072a13dbc29c3290b200f36626a71ae84,/commondocument/wz/cross_encoder_workspace/im_exp/lora/reviewer_followup/model_architecture_14h_20260917/core/evaluations/wikisql_qwen25_05b_base_hidden_input_s7100/dev/SUMMARY.json,73499e7657d84ac6e2e34c2b9c561d85e5464133c23e4ff1a8ae2b1e6240d559
core,wikisql,qwen25_05b_base,hidden_input,7101,False,0.6863309131003916,0.1745917009538971,5.319399386644363,1.0,40.234375,38.671875,/commondocument/wz/cross_encoder_workspace/im_exp/lora/reviewer_followup/model_architecture_14h_20260917/core/checkpoints/wikisql_qwen25_05b_base_hidden_input_s7101/TRAINING.json,d216f94a10d61db72160df398e4c679eb86a27fabeebd08a8966ef2c432adad4,/commondocument/wz/cross_encoder_workspace/im_exp/lora/reviewer_followup/model_architecture_14h_20260917/core/evaluations/wikisql_qwen25_05b_base_hidden_input_s7101/dev/SUMMARY.json,d2cba2424a2ac41a80f58950faea711160c0307e5e265e19490215c35e630f65
core,wikisql,qwen25_05b_base,hidden_input,7102,False,0.6658340382855386,0.16691300855018198,5.48044291138649,1.0,39.84375,39.74609375,/commondocument/wz/cross_encoder_workspace/im_exp/lora/reviewer_followup/model_architecture_14h_20260917/core/checkpoints/wikisql_qwen25_05b_base_hidden_input_s7102/TRAINING.json,484c5ed2b08fbefc7879e838538eb2af8d6b313e98722f386ee3c4961cf1a115,/commondocument/wz/cross_encoder_workspace/im_exp/lora/reviewer_followup/model_architecture_14h_20260917/core/evaluations/wikisql_qwen25_05b_base_hidden_input_s7102/dev/SUMMARY.json,0ed4935d1de7a3ba9bc643ece08f3b38cdcbd5acefeac86cda4e0f3cb836d724
core,wikisql,qwen25_05b_base,hidden_output,7100,False,0.6701064005028456,0.1702140491688624,3.817927360534668,0.578125,38.28125,37.3046875,/commondocument/wz/cross_encoder_workspace/im_exp/lora/reviewer_followup/model_architecture_14h_20260917/core/checkpoints/wikisql_qwen25_05b_base_hidden_output_s7100/TRAINING.json,a929734a34474b0662aa8e7731af1af11fc3afa3e860b94b990e9dbc6fef9334,/commondocument/wz/cross_encoder_workspace/im_exp/lora/reviewer_followup/model_architecture_14h_20260917/core/evaluations/wikisql_qwen25_05b_base_hidden_output_s7100/dev/SUMMARY.json,5857092af9eff0a283bdc41462b6072c3bf9816adf0e81d4d48b8953aa110972
core,wikisql,qwen25_05b_base,hidden_output,7101,False,0.6804725090041757,0.1757679058937356,4.200983971357346,0.5625,38.28125,36.71875,/commondocument/wz/cross_encoder_workspace/im_exp/lora/reviewer_followup/model_architecture_14h_20260917/core/checkpoints/wikisql_qwen25_05b_base_hidden_output_s7101/TRAINING.json,33516aaecde5962f52aa045a0c7e2c7e3e678b94791b8f4d70f432a09ecd03ba,/commondocument/wz/cross_encoder_workspace/im_exp/lora/reviewer_followup/model_architecture_14h_20260917/core/evaluations/wikisql_qwen25_05b_base_hidden_output_s7101/dev/SUMMARY.json,0b3818f0748ca1aa86fbf51fec6c807c033371a2f35b05a909087df0fb286726
core,wikisql,qwen25_05b_base,hidden_output,7102,False,0.6602340661920607,0.1707067204406485,3.725247249007225,0.59375,35.546875,35.9375,/commondocument/wz/cross_encoder_workspace/im_exp/lora/reviewer_followup/model_architecture_14h_20260917/core/checkpoints/wikisql_qwen25_05b_base_hidden_output_s7102/TRAINING.json,dbe1fe72f6b6db9dbc2cdeaf1b3ec785ccc334de310255bea1ec87a0431721da,/commondocument/wz/cross_encoder_workspace/im_exp/lora/reviewer_followup/model_architecture_14h_20260917/core/evaluations/wikisql_qwen25_05b_base_hidden_output_s7102/dev/SUMMARY.json,1cc12375d7c04b198680d9d5236e26ba69ace49c5df487c23e250f25f7e177f6
core,wikisql,qwen25_05b_base,hidden_both,7100,False,0.6589968837797642,0.16780089167878032,5.707985550165176,1.0,38.28125,39.6484375,/commondocument/wz/cross_encoder_workspace/im_exp/lora/reviewer_followup/model_architecture_14h_20260917/core/checkpoints/wikisql_qwen25_05b_base_hidden_both_s7100/TRAINING.json,fe89d4456a25d4ea0ee36c8db0a5580f253235248b2eb88ad116917229a7f771,/commondocument/wz/cross_encoder_workspace/im_exp/lora/reviewer_followup/model_architecture_14h_20260917/core/evaluations/wikisql_qwen25_05b_base_hidden_both_s7100/dev/SUMMARY.json,5f63455e93d98e0f462c34fac9847ef24283799f56bd3da99fb4af4da0a65ae1
core,wikisql,qwen25_05b_base,hidden_both,7101,False,0.6657547561917454,0.16963676124578342,5.732222497463226,1.0,39.84375,38.0859375,/commondocument/wz/cross_encoder_workspace/im_exp/lora/reviewer_followup/model_architecture_14h_20260917/core/checkpoints/wikisql_qwen25_05b_base_hidden_both_s7101/TRAINING.json,302ba47e5bfce9f5c143628c65c212dec8c11aa163fa4dbc17d978ee743d80e6,/commondocument/wz/cross_encoder_workspace/im_exp/lora/reviewer_followup/model_architecture_14h_20260917/core/evaluations/wikisql_qwen25_05b_base_hidden_both_s7101/dev/SUMMARY.json,840034ceda33e1647aada5510ed568a322634ee8e02de651b5c7c2e2a27c667e
core,wikisql,qwen25_05b_base,hidden_both,7102,False,0.6504373489879072,0.1688162517384626,5.837207138538361,1.0,37.5,37.890625,/commondocument/wz/cross_encoder_workspace/im_exp/lora/reviewer_followup/model_architecture_14h_20260917/core/checkpoints/wikisql_qwen25_05b_base_hidden_both_s7102/TRAINING.json,849dc7105d94381d7848c25069a7908087d8e87e49f994ff54bef9efd9e6ad04,/commondocument/wz/cross_encoder_workspace/im_exp/lora/reviewer_followup/model_architecture_14h_20260917/core/evaluations/wikisql_qwen25_05b_base_hidden_both_s7102/dev/SUMMARY.json,1849d1819129e32338a317e8f75f377262ae6cae97a3d01d83c5ea6d51089da2
core,wikisql,qwen25_05b_base,input,7100,False,1.142373220063746,0.40729258581995964,7.067547678947449,1.0,7.421875,7.2265625,/commondocument/wz/cross_encoder_workspace/im_exp/lora/reviewer_followup/model_architecture_14h_20260917/core/checkpoints/wikisql_qwen25_05b_base_input_s7100/TRAINING.json,1b0056f22be815af6f629ff25de1da286231b5a342bc047fe9eace47852b6123,/commondocument/wz/cross_encoder_workspace/im_exp/lora/reviewer_followup/model_architecture_14h_20260917/core/evaluations/wikisql_qwen25_05b_base_input_s7100/dev/SUMMARY.json,b60872b73f171f450335d957ed24f396c51876de60d8b22acaa6d96311a1a828
core,wikisql,qwen25_05b_base,input,7101,False,1.1683635395020247,0.3938612181227654,7.273932337760925,1.0,6.25,7.03125,/commondocument/wz/cross_encoder_workspace/im_exp/lora/reviewer_followup/model_architecture_14h_20260917/core/checkpoints/wikisql_qwen25_05b_base_input_s7101/TRAINING.json,386ed9dc17efcbbf45a1616799ad6c4aa23bbdd0f96eb944c7dc35aae4ab30c1,/commondocument/wz/cross_encoder_workspace/im_exp/lora/reviewer_followup/model_architecture_14h_20260917/core/evaluations/wikisql_qwen25_05b_base_input_s7101/dev/SUMMARY.json,16a2c8154711e8c1482c340a872d0499488f0cf043b523e27936a401a34e34e3
core,wikisql,qwen25_05b_base,input,7102,False,1.1241000574082136,0.4122836384922266,7.048056185245514,1.0,7.8125,6.8359375,/commondocument/wz/cross_encoder_workspace/im_exp/lora/reviewer_followup/model_architecture_14h_20260917/core/checkpoints/wikisql_qwen25_05b_base_input_s7102/TRAINING.json,79a735d087a47c531adb18e7acb403842512286ad3241c05c40e8c5a8cd3052f,/commondocument/wz/cross_encoder_workspace/im_exp/lora/reviewer_followup/model_architecture_14h_20260917/core/evaluations/wikisql_qwen25_05b_base_input_s7102/dev/SUMMARY.json,b0c5a468ea7ce064cc7a2fdf6810c0c23220d01012b36bea126f7d36e97484f9
core,wikisql,qwen25_05b_base,output,7100,False,1.069409590214491,0.49935328774154186,5.687697947025299,0.96875,0.78125,1.66015625,/commondocument/wz/cross_encoder_workspace/im_exp/lora/reviewer_followup/model_architecture_14h_20260917/core/checkpoints/wikisql_qwen25_05b_base_output_s7100/TRAINING.json,b2f70d039d0d999e3dae4b33bc2b02653807bf784b45b194a7fb9ab8cca2d8d0,/commondocument/wz/cross_encoder_workspace/im_exp/lora/reviewer_followup/model_architecture_14h_20260917/core/evaluations/wikisql_qwen25_05b_base_output_s7100/dev/SUMMARY.json,9228ba42ed9ff2c027532bea434aa5af911ecdee2b1dddb4c5bebcd9c5964386
core,wikisql,qwen25_05b_base,output,7101,False,1.0895545240491629,0.47999715944752097,5.881983458995819,1.0,0.390625,1.7578125,/commondocument/wz/cross_encoder_workspace/im_exp/lora/reviewer_followup/model_architecture_14h_20260917/core/checkpoints/wikisql_qwen25_05b_base_output_s7101/TRAINING.json,e2eda4403e4d52e67175dee5ffdd54b6199c313781cab6b0b3e170c0d0e63f79,/commondocument/wz/cross_encoder_workspace/im_exp/lora/reviewer_followup/model_architecture_14h_20260917/core/evaluations/wikisql_qwen25_05b_base_output_s7101/dev/SUMMARY.json,ac11e198b46c9971e10e5f7c7cc5b6dce092774c748a36fac7f931801934f10c
core,wikisql,qwen25_05b_base,output,7102,False,1.0496152276173234,0.49088373966515064,5.093545615673065,0.96875,0.390625,0.87890625,/commondocument/wz/cross_encoder_workspace/im_exp/lora/reviewer_followup/model_architecture_14h_20260917/core/checkpoints/wikisql_qwen25_05b_base_output_s7102/TRAINING.json,e2b6a4235167fbcd4190687a4e19dd7bad2d01a962f179b8986a899c3b815874,/commondocument/wz/cross_encoder_workspace/im_exp/lora/reviewer_followup/model_architecture_14h_20260917/core/evaluations/wikisql_qwen25_05b_base_output_s7102/dev/SUMMARY.json,d1843a6307eecf5ffe0f054498e2b654197babca96a483116b20feee5eddcf82
core,wikisql,qwen25_05b_base,both,7100,False,0.9636267716996372,0.3486915312241763,7.665175259113312,1.0,9.375,6.73828125,/commondocument/wz/cross_encoder_workspace/im_exp/lora/reviewer_followup/model_architecture_14h_20260917/core/checkpoints/wikisql_qwen25_05b_base_both_s7100/TRAINING.json,af1a6e31be081998eccaf787fc4ce964c339705347db558ea25d0cb4eb43e69c,/commondocument/wz/cross_encoder_workspace/im_exp/lora/reviewer_followup/model_architecture_14h_20260917/core/evaluations/wikisql_qwen25_05b_base_both_s7100/dev/SUMMARY.json,9a1cb2dd7d4f15f9b17809542d05ceefa8cfab47ea9d6eabee93bda362d9cdae
core,wikisql,qwen25_05b_base,both,7101,False,0.9807519819587469,0.3434809085447341,7.9694565534591675,1.0,8.984375,7.71484375,/commondocument/wz/cross_encoder_workspace/im_exp/lora/reviewer_followup/model_architecture_14h_20260917/core/checkpoints/wikisql_qwen25_05b_base_both_s7101/TRAINING.json,425708abfd6be181e1b24e79685e13b1a151aadee73d95afc85c3f22d4cfe935,/commondocument/wz/cross_encoder_workspace/im_exp/lora/reviewer_followup/model_architecture_14h_20260917/core/evaluations/wikisql_qwen25_05b_base_both_s7101/dev/SUMMARY.json,70f1494d5be48d2c2da8ecc72bacf780fc7257657648d05151be98b864a6f5dd
core,wikisql,qwen25_05b_base,both,7102,False,0.9359501679427922,0.3411057728808373,7.372625946998596,1.0,9.375,8.0078125,/commondocument/wz/cross_encoder_workspace/im_exp/lora/reviewer_followup/model_architecture_14h_20260917/core/checkpoints/wikisql_qwen25_05b_base_both_s7102/TRAINING.json,5781ea1b235735ca08d4c54ecb3df5b8b6c84be682ee1968dda5a1fbc7790520,/commondocument/wz/cross_encoder_workspace/im_exp/lora/reviewer_followup/model_architecture_14h_20260917/core/evaluations/wikisql_qwen25_05b_base_both_s7102/dev/SUMMARY.json,96a027c8c8903ba84b59b7d76fb6f310ef2566a282a38251b82f7cbcd8762290
core,cluener,qwen25_15b_base,hidden,6100,True,0.3634806119662244,0.11064641778466466,1.699151735752821,0.046875,,59.159397303727204,/commondocument/wz/cross_encoder_workspace/im_exp/lora/reviewer_followup/model_architecture_14h_20260917/core/anchors/cluener_qwen25_15b_base_hidden/6100/TRAINING.json,849edece1502444215bfbdbff974ad3507ac887f3ed54be44e714eabfde23384,,
core,cluener,qwen25_15b_base,hidden,6101,True,0.3964842910063453,0.09662303292861907,1.9884428419172764,0.046875,,58.995750039351485,/commondocument/wz/cross_encoder_workspace/im_exp/lora/reviewer_followup/model_architecture_14h_20260917/core/anchors/cluener_qwen25_15b_base_hidden/6101/TRAINING.json,8f7a3851c901bb83ea27346cca41b06bbafbadd757dbf2c845d10c5ecee92192,,
core,cluener,qwen25_15b_base,hidden,6102,True,0.3600357048853766,0.10218291506316746,1.6648112870752811,0.046875,,58.84991190132949,/commondocument/wz/cross_encoder_workspace/im_exp/lora/reviewer_followup/model_architecture_14h_20260917/core/anchors/cluener_qwen25_15b_base_hidden/6102/TRAINING.json,347704d81da9e63d95ae284dd4df944bc6406b30b8d2991ff69ab727f89b8348,,
core,cluener,qwen25_15b_base,hidden_budget,6100,True,0.36351683127577417,0.11065381918524508,1.7091661393642426,0.046875,,59.19339472848523,/commondocument/wz/cross_encoder_workspace/im_exp/lora/reviewer_followup/model_architecture_14h_20260917/core/anchors/cluener_qwen25_15b_base_hidden_budget/6100/TRAINING.json,b91a7ae6d0e6efa80c3f6b6c19527eb55f07027802dee4415c71deec638191ce,,
core,cluener,qwen25_15b_base,hidden_budget,6101,True,0.39634090012987144,0.09636537753976882,1.9915356487035751,0.046875,,59.0122680088078,/commondocument/wz/cross_encoder_workspace/im_exp/lora/reviewer_followup/model_architecture_14h_20260917/core/anchors/cluener_qwen25_15b_base_hidden_budget/6101/TRAINING.json,720d3b0feb9c5f5d105598df60bd5489a61e42816ec323f30feb1e1278f79ff9,,
core,cluener,qwen25_15b_base,hidden_budget,6102,True,0.3598313872353174,0.1019914867101761,1.6732026897370815,0.046875,,58.957497995188454,/commondocument/wz/cross_encoder_workspace/im_exp/lora/reviewer_followup/model_architecture_14h_20260917/core/anchors/cluener_qwen25_15b_base_hidden_budget/6102/TRAINING.json,c0930479ffcd2cdad02e64aa4d86a7aca9cf3c4c99c269bf2a03e039f67ccbf7,,
core,cluener,qwen25_15b_base,hidden_input,6100,False,0.35508251475403085,0.10662802039951202,4.569265574216843,0.109375,65.19453207150369,61.63421640600064,/commondocument/wz/cross_encoder_workspace/im_exp/lora/reviewer_followup/model_architecture_14h_20260917/core/checkpoints/cluener_qwen25_15b_base_hidden_input_s6100/TRAINING.json,bf895590a6e43c5c6fd8a635045997f06c20fe9f3f3e387522e8dbea2dcfe2d3,/commondocument/wz/cross_encoder_workspace/im_exp/lora/reviewer_followup/model_architecture_14h_20260917/core/evaluations/cluener_qwen25_15b_base_hidden_input_s6100/dev/SUMMARY.json,3cd26e3807c151a48b7c9dade0cb57abdf4b963ae27b2943761af70ae59dd15b
core,cluener,qwen25_15b_base,hidden_input,6101,False,0.38843574130441993,0.08784980540076504,5.31603279709816,0.109375,64.22594142259415,61.768879079300014,/commondocument/wz/cross_encoder_workspace/im_exp/lora/reviewer_followup/model_architecture_14h_20260917/core/checkpoints/cluener_qwen25_15b_base_hidden_input_s6101/TRAINING.json,345548e19e2c9f4a2985d4a67f5c15d66c7ebc71a7ad42c2ca7352a95a00edb1,/commondocument/wz/cross_encoder_workspace/im_exp/lora/reviewer_followup/model_architecture_14h_20260917/core/evaluations/cluener_qwen25_15b_base_hidden_input_s6101/dev/SUMMARY.json,8a0d1bac2dd8f8ae3e1846064c237e1d7791da402c7ce549191bcdccdc99dafd
core,cluener,qwen25_15b_base,hidden_input,6102,False,0.35102395829744637,0.09690139168196765,4.259864576160908,0.1875,63.36842105263158,60.42729591836735,/commondocument/wz/cross_encoder_workspace/im_exp/lora/reviewer_followup/model_architecture_14h_20260917/core/checkpoints/cluener_qwen25_15b_base_hidden_input_s6102/TRAINING.json,a499f6d4b7a6473862b397224af12823704d9236d9eea10d0a3b27f4ea001167,/commondocument/wz/cross_encoder_workspace/im_exp/lora/reviewer_followup/model_architecture_14h_20260917/core/evaluations/cluener_qwen25_15b_base_hidden_input_s6102/dev/SUMMARY.json,bed1c76f660c645f788b8f15380448856171cb8449a668a27393f4ee53c9f731
core,cluener,qwen25_15b_base,hidden_output,6100,False,0.3431750605814159,0.10475678367583896,2.7333823069930077,0.109375,64.87603305785125,60.68335695166115,/commondocument/wz/cross_encoder_workspace/im_exp/lora/reviewer_followup/model_architecture_14h_20260917/core/checkpoints/cluener_qwen25_15b_base_hidden_output_s6100/TRAINING.json,51b5a1a462d6f028ff9ac0555f577ab812a60fb29ff8e19f30fe2ba6b7da12f7,/commondocument/wz/cross_encoder_workspace/im_exp/lora/reviewer_followup/model_architecture_14h_20260917/core/evaluations/cluener_qwen25_15b_base_hidden_output_s6100/dev/SUMMARY.json,9276ca5ba9a3097c2393cc1bee44dc502e7d227a28807180bce8f0674942d240
core,cluener,qwen25_15b_base,hidden_output,6101,False,0.37719767916132696,0.0906997671481804,2.8720789402723312,0.109375,63.429752066115704,60.08703761268262,/commondocument/wz/cross_encoder_workspace/im_exp/lora/reviewer_followup/model_architecture_14h_20260917/core/checkpoints/cluener_qwen25_15b_base_hidden_output_s6101/TRAINING.json,b699f6ac7638f2edeb0cbb70d4c57d26f7769fe92d0d77ed94e344df73017caa,/commondocument/wz/cross_encoder_workspace/im_exp/lora/reviewer_followup/model_architecture_14h_20260917/core/evaluations/cluener_qwen25_15b_base_hidden_output_s6101/dev/SUMMARY.json,c2bffccd8db09f0504ba8a09a6a0e074515fed7e000b1e701c7f08f2116b2807
core,cluener,qwen25_15b_base,hidden_output,6102,False,0.33993623190326616,0.09795207559182018,2.6470691114664078,0.09375,64.61864406779661,60.2502406159769,/commondocument/wz/cross_encoder_workspace/im_exp/lora/reviewer_followup/model_architecture_14h_20260917/core/checkpoints/cluener_qwen25_15b_base_hidden_output_s6102/TRAINING.json,2ed017f4268119afb13c187340b8a669af57ac501c828f0b392ecec46d0d5c83,/commondocument/wz/cross_encoder_workspace/im_exp/lora/reviewer_followup/model_architecture_14h_20260917/core/evaluations/cluener_qwen25_15b_base_hidden_output_s6102/dev/SUMMARY.json,6384ae41adad8046b8511829491d8018a11d8c3b550b71999af83ae2d68d69bd
core,cluener,qwen25_15b_base,hidden_both,6100,True,0.33526939677540213,0.1028872797232907,4.920599162578583,0.203125,,62.10542683874981,/commondocument/wz/cross_encoder_workspace/im_exp/lora/reviewer_followup/model_architecture_14h_20260917/core/anchors/cluener_qwen25_15b_base_hidden_both/6100/TRAINING.json,1fe3b38efa5f375a4cbd2cc3e3528185b6c69f2e7c5e1002bccd9b29549f2089,,
core,cluener,qwen25_15b_base,hidden_both,6101,True,0.3689502025517868,0.08644916487355658,5.562991671264172,0.203125,,62.766295707472175,/commondocument/wz/cross_encoder_workspace/im_exp/lora/reviewer_followup/model_architecture_14h_20260917/core/anchors/cluener_qwen25_15b_base_hidden_both/6101/TRAINING.json,f99db58bef5f8d1151e22d04cc08be68e035c2135e0ff88b9933d60e72780494,,
core,cluener,qwen25_15b_base,hidden_both,6102,True,0.3325824650237337,0.09519262605681433,4.594370171427727,0.234375,,61.87073209464825,/commondocument/wz/cross_encoder_workspace/im_exp/lora/reviewer_followup/model_architecture_14h_20260917/core/anchors/cluener_qwen25_15b_base_hidden_both/6102/TRAINING.json,cbf2acaf5cd1e9319e11528c4a41e87a77d6c1d48b889cb9776002883f2a125b,,
core,cluener,qwen25_15b_base,input,6100,True,0.5421140631660819,0.18585922196507454,7.71572333574295,0.90625,,35.315813739050256,/commondocument/wz/cross_encoder_workspace/im_exp/lora/reviewer_followup/model_architecture_14h_20260917/core/anchors/cluener_qwen25_15b_base_input/6100/TRAINING.json,25c70fb997df692bb10e6a8455809b8788553a9ee83694f14b80b147d18a801e,,
core,cluener,qwen25_15b_base,input,6101,True,0.576919176033698,0.17585790625889786,8.695739209651947,0.953125,,35.15417123180467,/commondocument/wz/cross_encoder_workspace/im_exp/lora/reviewer_followup/model_architecture_14h_20260917/core/anchors/cluener_qwen25_15b_base_input/6101/TRAINING.json,21039a6aa0910d543a7773155ba0d7826903d63576513f91248cca6cfdedc68d,,
core,cluener,qwen25_15b_base,input,6102,True,0.5372796125011519,0.17142753524240106,7.4930324256420135,0.953125,,37.684846557481315,/commondocument/wz/cross_encoder_workspace/im_exp/lora/reviewer_followup/model_architecture_14h_20260917/core/anchors/cluener_qwen25_15b_base_input/6102/TRAINING.json,83c7aae8eb9a4d3127ca3960acef6cf4c64c876c02a4cf758cb07d55e31e6730,,
core,cluener,qwen25_15b_base,output,6100,True,0.47328717762138695,0.18989999347832054,3.743511989712715,0.28125,,31.24074622445958,/commondocument/wz/cross_encoder_workspace/im_exp/lora/reviewer_followup/model_architecture_14h_20260917/core/anchors/cluener_qwen25_15b_base_output/6100/TRAINING.json,107b59ff04b05df7e37bc3804414376ee340b9092febf5d1e4809b3b1f03dbe9,,
core,cluener,qwen25_15b_base,output,6101,True,0.5305358833284117,0.1793534796743188,3.8737093210220337,0.3125,,31.754623364907534,/commondocument/wz/cross_encoder_workspace/im_exp/lora/reviewer_followup/model_architecture_14h_20260917/core/anchors/cluener_qwen25_15b_base_output/6101/TRAINING.json,df2253b0f4a3dc1736b4a179621d348d1530f603097be0f780940a3af048b603,,
core,cluener,qwen25_15b_base,output,6102,True,0.49170372111257166,0.17099313194921706,3.8791601061820984,0.171875,,29.716382108085227,/commondocument/wz/cross_encoder_workspace/im_exp/lora/reviewer_followup/model_architecture_14h_20260917/core/anchors/cluener_qwen25_15b_base_output/6102/TRAINING.json,2e84815166c809c8985cf13a37f3a579ba8aac37de46afa03b5322732436c8d2,,
core,cluener,qwen25_15b_base,both,6100,False,0.4036397573072463,0.15143531910871388,6.386585116386414,0.6875,50.101010101010104,45.016970070965755,/commondocument/wz/cross_encoder_workspace/im_exp/lora/reviewer_followup/model_architecture_14h_20260917/core/checkpoints/cluener_qwen25_15b_base_both_s6100/TRAINING.json,f90587e5586da5461bb2b597817da7c87571ae0280e1853d2dbe7ea2291e702b,/commondocument/wz/cross_encoder_workspace/im_exp/lora/reviewer_followup/model_architecture_14h_20260917/core/evaluations/cluener_qwen25_15b_base_both_s6100/dev/SUMMARY.json,e7f3a2c79b920afdf5360b5469418b4462d3873537fe58a5beab724fd5371c40
core,cluener,qwen25_15b_base,both,6101,False,0.44829048711108044,0.13520079317095224,7.398361906409264,0.875,49.12998976458547,45.45595774429082,/commondocument/wz/cross_encoder_workspace/im_exp/lora/reviewer_followup/model_architecture_14h_20260917/core/checkpoints/cluener_qwen25_15b_base_both_s6101/TRAINING.json,44d3c0c52c064d9a490d64a3504f7c76417feebfd84b49fd76eb09ab775bb820,/commondocument/wz/cross_encoder_workspace/im_exp/lora/reviewer_followup/model_architecture_14h_20260917/core/evaluations/cluener_qwen25_15b_base_both_s6101/dev/SUMMARY.json,f9c08a95515fa1f2579056bf32fbdc549cc47d8a16607b9c705db3fb6cf90512
core,cluener,qwen25_15b_base,both,6102,False,0.4045759375439957,0.1382368928316282,6.238817125558853,0.65625,48.916408668730654,46.49799444615859,/commondocument/wz/cross_encoder_workspace/im_exp/lora/reviewer_followup/model_architecture_14h_20260917/core/checkpoints/cluener_qwen25_15b_base_both_s6102/TRAINING.json,cfe09558a79f18b624fee1425bf29613aa3034d5b2eb6d4199f41226baccce55,/commondocument/wz/cross_encoder_workspace/im_exp/lora/reviewer_followup/model_architecture_14h_20260917/core/evaluations/cluener_qwen25_15b_base_both_s6102/dev/SUMMARY.json,08566fc4833faef3d7b1f6c0371f99430d8c1cc8bd4d5214433d8d9ca5fa578a
core,wikisql,qwen25_15b_base,hidden,7100,True,0.5476123181870207,0.09541098211775534,1.3887530863285065,0.0625,72.265625,70.80078125,/commondocument/wz/cross_encoder_workspace/im_exp/lora/reviewer_followup/model_architecture_14h_20260917/core/anchors/wikisql_qwen25_15b_base_hidden/7100/TRAINING.json,0a38ff542bb34c4187b883ad2e52b14eec256b418bc5fc617866b606efd23968,/commondocument/wz/cross_encoder_workspace/im_exp/lora/reviewer_followup/downstream_transfer_20260917/evaluations/wikisql_qwen25_15b_base_hidden_s7100/dev/SUMMARY.json,c02228ee9a1d88641e11323d82dc71b8915cae9f46237ea3508c420a09ee35e5
core,wikisql,qwen25_15b_base,hidden,7101,True,0.5452879251679406,0.08405898601631634,1.3101255595684052,0.0625,75.390625,69.82421875,/commondocument/wz/cross_encoder_workspace/im_exp/lora/reviewer_followup/model_architecture_14h_20260917/core/anchors/wikisql_qwen25_15b_base_hidden/7101/TRAINING.json,cc5eb418c65748f8963ef514544f8c0421e3401464deb4fe380b78b3a7ffd197,/commondocument/wz/cross_encoder_workspace/im_exp/lora/reviewer_followup/downstream_transfer_20260917/evaluations/wikisql_qwen25_15b_base_hidden_s7101/dev/SUMMARY.json,6fe89f42eb082d5b060bc8349f1334269e7d78348942d7527edb7583c040a895
core,wikisql,qwen25_15b_base,hidden,7102,True,0.526886397972703,0.08620008360594511,1.4059718698263168,0.0625,74.609375,70.80078125,/commondocument/wz/cross_encoder_workspace/im_exp/lora/reviewer_followup/model_architecture_14h_20260917/core/anchors/wikisql_qwen25_15b_base_hidden/7102/TRAINING.json,17175d79bbf63922ab88a4167a83a4c678bc9a369cd69aa210f8fa0a1fa230de,/commondocument/wz/cross_encoder_workspace/im_exp/lora/reviewer_followup/downstream_transfer_20260917/evaluations/wikisql_qwen25_15b_base_hidden_s7102/dev/SUMMARY.json,62b5d4fb752724fc17cd1091b8e1814830d05d5561c1f8f4bcc6e4a898e23c55
core,wikisql,qwen25_15b_base,hidden_budget,7100,True,0.547122779302299,0.09490076458314434,1.4018804430961609,0.0625,72.265625,70.8984375,/commondocument/wz/cross_encoder_workspace/im_exp/lora/reviewer_followup/model_architecture_14h_20260917/core/anchors/wikisql_qwen25_15b_base_hidden_budget/7100/TRAINING.json,21ef10e3503a0c581f989ea0d945995224b03e3465540247fc4d657ea78fcb0c,/commondocument/wz/cross_encoder_workspace/im_exp/lora/reviewer_followup/downstream_transfer_20260917/evaluations/wikisql_qwen25_15b_base_hidden_budget_s7100/dev/SUMMARY.json,23b81dee6f8a60fed5ee707c113312a01e3de811245b530cb7bdcaf2cfef7077
core,wikisql,qwen25_15b_base,hidden_budget,7101,True,0.5446177927078679,0.08429404644994065,1.3193072006106377,0.0625,75.390625,70.1171875,/commondocument/wz/cross_encoder_workspace/im_exp/lora/reviewer_followup/model_architecture_14h_20260917/core/anchors/wikisql_qwen25_15b_base_hidden_budget/7101/TRAINING.json,c658346a61168404663110c2bf5533f6fc7775c83f7b948ebab6913d531b2955,/commondocument/wz/cross_encoder_workspace/im_exp/lora/reviewer_followup/downstream_transfer_20260917/evaluations/wikisql_qwen25_15b_base_hidden_budget_s7101/dev/SUMMARY.json,f6c779cc5acbff860894854d770c0e17232a97698434baa2bfefe5373851ec9e
core,wikisql,qwen25_15b_base,hidden_budget,7102,True,0.5255908212857321,0.08680765971075743,1.403154693543911,0.0625,75.78125,71.38671875,/commondocument/wz/cross_encoder_workspace/im_exp/lora/reviewer_followup/model_architecture_14h_20260917/core/anchors/wikisql_qwen25_15b_base_hidden_budget/7102/TRAINING.json,8228555d2a91bac28ad63e01f3970d668b7e9bad672c425905c91d4bd24ad779,/commondocument/wz/cross_encoder_workspace/im_exp/lora/reviewer_followup/downstream_transfer_20260917/evaluations/wikisql_qwen25_15b_base_hidden_budget_s7102/dev/SUMMARY.json,956480c086d007cb6f3c41ba890abab2c5d7c993073dd8b75785482de33d4569
core,wikisql,qwen25_15b_base,hidden_input,7100,False,0.5294012454105541,0.08953574791667052,2.940312035381794,0.265625,75.390625,71.875,/commondocument/wz/cross_encoder_workspace/im_exp/lora/reviewer_followup/model_architecture_14h_20260917/core/checkpoints/wikisql_qwen25_15b_base_hidden_input_s7100/TRAINING.json,a86fe4b8118503beed58dd0a6b26210ef47505a8f54a6d9a0d2191c76841c3b1,/commondocument/wz/cross_encoder_workspace/im_exp/lora/reviewer_followup/model_architecture_14h_20260917/core/evaluations/wikisql_qwen25_15b_base_hidden_input_s7100/dev/SUMMARY.json,db361371f21d465564a40f94d95873151f0f181dcbecbe0ad2b6bfa98babb15c
core,wikisql,qwen25_15b_base,hidden_input,7101,False,0.5249988770810887,0.07757772188051604,2.818837985396385,0.3125,74.609375,71.2890625,/commondocument/wz/cross_encoder_workspace/im_exp/lora/reviewer_followup/model_architecture_14h_20260917/core/checkpoints/wikisql_qwen25_15b_base_hidden_input_s7101/TRAINING.json,4a8cea819b6a4695613dd996183bcef1137feca7f769d01a19e75302dc55ecae,/commondocument/wz/cross_encoder_workspace/im_exp/lora/reviewer_followup/model_architecture_14h_20260917/core/evaluations/wikisql_qwen25_15b_base_hidden_input_s7101/dev/SUMMARY.json,75547d5c0ee83ba9f68ee0e7fc6de2f2e6165647287e73dc5339e4fca507f6e8
core,wikisql,qwen25_15b_base,hidden_output,7100,False,0.5046636167680845,0.09023456950671971,2.9218219816684723,0.1875,74.609375,71.484375,/commondocument/wz/cross_encoder_workspace/im_exp/lora/reviewer_followup/model_architecture_14h_20260917/core/checkpoints/wikisql_qwen25_15b_base_hidden_output_s7100/TRAINING.json,8bc3d79969364b2ee3b56ad1287508e196fe97b7d1a0e3de691af73186fb3860,/commondocument/wz/cross_encoder_workspace/im_exp/lora/reviewer_followup/model_architecture_14h_20260917/core/evaluations/wikisql_qwen25_15b_base_hidden_output_s7100/dev/SUMMARY.json,c063fb910da856e5c4101a3c19d4c321097d882951901cfbacc2d89fe08165b2
core,wikisql,qwen25_15b_base,hidden_output,7101,False,0.5103477960219607,0.07851260756433476,2.556774765253067,0.109375,77.734375,71.2890625,/commondocument/wz/cross_encoder_workspace/im_exp/lora/reviewer_followup/model_architecture_14h_20260917/core/checkpoints/wikisql_qwen25_15b_base_hidden_output_s7101/TRAINING.json,c3a2893bdeea02c9108c5ee5832bd7bb67862cc61ab23ecd9ab440444f650f65,/commondocument/wz/cross_encoder_workspace/im_exp/lora/reviewer_followup/model_architecture_14h_20260917/core/evaluations/wikisql_qwen25_15b_base_hidden_output_s7101/dev/SUMMARY.json,ba4c56541d8b685c3743b65d8a87e61c639bde37a6407f95a73f85800ec88798
core,wikisql,qwen25_15b_base,hidden_both,7100,True,0.4918670958140865,0.0865506883856142,3.64473620057106,0.40625,75.78125,73.046875,/commondocument/wz/cross_encoder_workspace/im_exp/lora/reviewer_followup/model_architecture_14h_20260917/core/anchors/wikisql_qwen25_15b_base_hidden_both/7100/TRAINING.json,ea8e287e781bba6781d1fab55a2de29edc8683a42a53c063208da7b0f9527408,/commondocument/wz/cross_encoder_workspace/im_exp/lora/reviewer_followup/downstream_transfer_20260917/evaluations/wikisql_qwen25_15b_base_hidden_both_s7100/dev/SUMMARY.json,6921bae4e3a1440e763dbaa0521a9c4119fd47684e09bfb7092db4d598c7a14a
core,wikisql,qwen25_15b_base,hidden_both,7101,True,0.49448052153456956,0.07555952486291062,3.3840436786413193,0.375,75.78125,73.14453125,/commondocument/wz/cross_encoder_workspace/im_exp/lora/reviewer_followup/model_architecture_14h_20260917/core/anchors/wikisql_qwen25_15b_base_hidden_both/7101/TRAINING.json,8832d9821a2b87ed7b3733988b9d672201c9be804b484476478da06656d6f1ad,/commondocument/wz/cross_encoder_workspace/im_exp/lora/reviewer_followup/downstream_transfer_20260917/evaluations/wikisql_qwen25_15b_base_hidden_both_s7101/dev/SUMMARY.json,b426cca3844eae0570805fc5c6d9ed631c06f481cdf9c9b74626074c8ed00d53
core,wikisql,qwen25_15b_base,hidden_both,7102,True,0.4614735379582271,0.07810237506055273,4.117762625217438,0.390625,75.390625,72.16796875,/commondocument/wz/cross_encoder_workspace/im_exp/lora/reviewer_followup/model_architecture_14h_20260917/core/anchors/wikisql_qwen25_15b_base_hidden_both/7102/TRAINING.json,d7c8df14d39373f130352d68bcd8e9fb56152f5d40df77d5f4444496c4d008f2,/commondocument/wz/cross_encoder_workspace/im_exp/lora/reviewer_followup/downstream_transfer_20260917/evaluations/wikisql_qwen25_15b_base_hidden_both_s7102/dev/SUMMARY.json,cb26275db6cf925566478e3e3e2e55abcd18ab3ca4b63139c72f25562ab5b0e0
core,wikisql,qwen25_15b_base,input,7100,False,0.8708567870780826,0.25650849053636193,3.8021632730960846,1.0,14.453125,17.67578125,/commondocument/wz/cross_encoder_workspace/im_exp/lora/reviewer_followup/model_architecture_14h_20260917/core/checkpoints/wikisql_qwen25_15b_base_input_s7100/TRAINING.json,2bb1349946bc8ead3e89a04dbdaf822d34f3440ba899ec00b630c59297050e66,/commondocument/wz/cross_encoder_workspace/im_exp/lora/reviewer_followup/model_architecture_14h_20260917/core/evaluations/wikisql_qwen25_15b_base_input_s7100/dev/SUMMARY.json,529ae4901e067773bfb1858ca9d8d010642f690572b8dbe366fbee8fe79345a1
core,wikisql,qwen25_15b_base,input,7101,False,0.8778144912794232,0.2611947857076302,3.854953348636627,1.0,14.0625,17.67578125,/commondocument/wz/cross_encoder_workspace/im_exp/lora/reviewer_followup/model_architecture_14h_20260917/core/checkpoints/wikisql_qwen25_15b_base_input_s7101/TRAINING.json,1537edc4a6d4bf46b85bd5f1dd52803bb2e36f5555115d601d0223f5f7fa2ee8,/commondocument/wz/cross_encoder_workspace/im_exp/lora/reviewer_followup/model_architecture_14h_20260917/core/evaluations/wikisql_qwen25_15b_base_input_s7101/dev/SUMMARY.json,bdcc43ed90e6b363609eaafae0a206e0285cfa1d1bb7bbf5ca3e67dac731705c
core,wikisql,qwen25_15b_base,output,7100,False,0.6881338702514768,0.304891160922125,4.796560108661652,0.4375,8.59375,11.71875,/commondocument/wz/cross_encoder_workspace/im_exp/lora/reviewer_followup/model_architecture_14h_20260917/core/checkpoints/wikisql_qwen25_15b_base_output_s7100/TRAINING.json,2abe72810efd7938eb53d6d514a631df87fab4e3c70c8941d777e661c8d93ab8,/commondocument/wz/cross_encoder_workspace/im_exp/lora/reviewer_followup/model_architecture_14h_20260917/core/evaluations/wikisql_qwen25_15b_base_output_s7100/dev/SUMMARY.json,e942a05a27a3b81f2011a800e5c18fdfb835cfada22f98b38afa5e15593f48ca
core,wikisql,qwen25_15b_base,output,7101,False,0.7409330252557993,0.31152354064397514,4.4461143016815186,0.4375,9.765625,11.328125,/commondocument/wz/cross_encoder_workspace/im_exp/lora/reviewer_followup/model_architecture_14h_20260917/core/checkpoints/wikisql_qwen25_15b_base_output_s7101/TRAINING.json,872d85dd4149157375c83a8c4e568f434536f28661807cc7078421d081686163,/commondocument/wz/cross_encoder_workspace/im_exp/lora/reviewer_followup/model_architecture_14h_20260917/core/evaluations/wikisql_qwen25_15b_base_output_s7101/dev/SUMMARY.json,a1efd0e46bae7c141cc2c44b8a98b142d58d2a151281568ff12bf7062f81bb87
core,wikisql,qwen25_15b_base,both,7100,False,0.6360943964682519,0.20556745864450932,4.950520843267441,1.0,23.046875,26.46484375,/commondocument/wz/cross_encoder_workspace/im_exp/lora/reviewer_followup/model_architecture_14h_20260917/core/checkpoints/wikisql_qwen25_15b_base_both_s7100/TRAINING.json,7c859c130d6ec6ddc100843e9e6dd3e06ca89973bf0be3b0eb2b0e4750ab3e70,/commondocument/wz/cross_encoder_workspace/im_exp/lora/reviewer_followup/model_architecture_14h_20260917/core/evaluations/wikisql_qwen25_15b_base_both_s7100/dev/SUMMARY.json,60e9f090c200105477bf6a2a6b816a0829ce6baa54df410bc82b3bfca6e71301
core,wikisql,qwen25_15b_base,both,7101,False,0.6696743736974895,0.2103650476783514,4.751070261001587,1.0,29.6875,29.6875,/commondocument/wz/cross_encoder_workspace/im_exp/lora/reviewer_followup/model_architecture_14h_20260917/core/checkpoints/wikisql_qwen25_15b_base_both_s7101/TRAINING.json,3a269a679c07f4f80aa4391e77510e0c95d03183b02388263a5066a08cd05eaa,/commondocument/wz/cross_encoder_workspace/im_exp/lora/reviewer_followup/model_architecture_14h_20260917/core/evaluations/wikisql_qwen25_15b_base_both_s7101/dev/SUMMARY.json,222e88e2bdcf58e8386258363be3ab609093212b30527b1f60664faa290353f7
core,cluener,qwen25_3b_base,hidden,6100,True,0.2975872447132133,0.0957349688760587,0.8259940147399902,0.03125,66.73575129533678,63.72990353697749,/commondocument/wz/cross_encoder_workspace/im_exp/lora/reviewer_followup/model_architecture_14h_20260917/core/anchors/cluener_qwen25_3b_base_hidden/6100/TRAINING.json,16ba1ef07b28465f2a2bca279a8f1ac0a093138ee87ab9a56e259c482f18e87b,/commondocument/wz/cross_encoder_workspace/im_exp/lora/reviewer_followup/model_scaling_20260917/evaluations/cluener_qwen25_3b_base_hidden_s6100/dev/SUMMARY.json,c025d0f95b703fe3d25dc700bbcfefb89eb731a2cf6748886111f2fe2f8369e2
core,cluener,qwen25_3b_base,hidden,6101,True,0.31711549614556134,0.08364239022921538,0.8696117252111435,0.03125,64.2051282051282,65.12365250475587,/commondocument/wz/cross_encoder_workspace/im_exp/lora/reviewer_followup/model_architecture_14h_20260917/core/anchors/cluener_qwen25_3b_base_hidden/6101/TRAINING.json,ed6e1be8d99122927f3299dac3d23a76262440ece6303c28a601b7818ece205d,/commondocument/wz/cross_encoder_workspace/im_exp/lora/reviewer_followup/model_scaling_20260917/evaluations/cluener_qwen25_3b_base_hidden_s6101/dev/SUMMARY.json,50bb542d2c23b5cdccca1c94d75f2beb6d8ddd2dfca62fa5ddbde63474acbbfc
core,cluener,qwen25_3b_base,hidden,6102,True,0.306834537332179,0.09150497353766696,0.7959303483366966,0.03125,67.07692307692308,64.60063897763578,/commondocument/wz/cross_encoder_workspace/im_exp/lora/reviewer_followup/model_architecture_14h_20260917/core/anchors/cluener_qwen25_3b_base_hidden/6102/TRAINING.json,5d94ae81c0506bc41774ec5c47f6698378557b599057d3b83f4d9137e9f4387b,/commondocument/wz/cross_encoder_workspace/im_exp/lora/reviewer_followup/model_scaling_20260917/evaluations/cluener_qwen25_3b_base_hidden_s6102/dev/SUMMARY.json,a12cd305b7a3db917b2cfb3a27d2d77161a828227f2b9e56315fbd6bcaf1266c
core,cluener,qwen25_3b_base,hidden_budget,6100,True,0.29695875561446883,0.09564709062033216,0.8236904256045818,0.03125,67.35751295336787,63.94711383424702,/commondocument/wz/cross_encoder_workspace/im_exp/lora/reviewer_followup/model_architecture_14h_20260917/core/anchors/cluener_qwen25_3b_base_hidden_budget/6100/TRAINING.json,41794cec2d4cb68bcf58eccf0fcefe4ee80e2a77615e7f2c9ba17c4b5d7452e1,/commondocument/wz/cross_encoder_workspace/im_exp/lora/reviewer_followup/model_scaling_20260917/evaluations/cluener_qwen25_3b_base_hidden_budget_s6100/dev/SUMMARY.json,d1ebb57e3a857e96bed041a824fd1f822c0b7aa73bf1db16841bee52d2641adc
core,cluener,qwen25_3b_base,hidden_budget,6101,True,0.3162996091414243,0.0835218979518686,0.8731745257973671,0.03125,64.27840327533265,65.2222046496916,/commondocument/wz/cross_encoder_workspace/im_exp/lora/reviewer_followup/model_architecture_14h_20260917/core/anchors/cluener_qwen25_3b_base_hidden_budget/6101/TRAINING.json,7fcce41042c49de8cac96b59dfc3a162672b8894b9af25fd17eceb17cf43b9e9,/commondocument/wz/cross_encoder_workspace/im_exp/lora/reviewer_followup/model_scaling_20260917/evaluations/cluener_qwen25_3b_base_hidden_budget_s6101/dev/SUMMARY.json,48470606a94861ab660ef837a475f4a94d4a94bfb8e4386a4940c68f96133024
core,cluener,qwen25_3b_base,hidden_budget,6102,True,0.3067301988485269,0.09146807769138832,0.7965172603726387,0.03125,65.98984771573605,64.56039572363173,/commondocument/wz/cross_encoder_workspace/im_exp/lora/reviewer_followup/model_architecture_14h_20260917/core/anchors/cluener_qwen25_3b_base_hidden_budget/6102/TRAINING.json,3dd174b2682e6e4206c641950e848a21ee936bfd28b01ddc5d4ac778a19d9361,/commondocument/wz/cross_encoder_workspace/im_exp/lora/reviewer_followup/model_scaling_20260917/evaluations/cluener_qwen25_3b_base_hidden_budget_s6102/dev/SUMMARY.json,153d3a649c2a7ddb8963d37e6299efbba06bca34e54000d20e495b101c3ac976
core,cluener,qwen25_3b_base,hidden_input,6100,False,0.2904237960319733,0.09342670376645401,1.5466917902231216,0.046875,66.53185035389282,64.34727098627513,/commondocument/wz/cross_encoder_workspace/im_exp/lora/reviewer_followup/model_architecture_14h_20260917/core/checkpoints/cluener_qwen25_3b_base_hidden_input_s6100/TRAINING.json,21722d626c396a8ede68654e811dc7c0c4d22983bcddf16a43490100dac9a14d,/commondocument/wz/cross_encoder_workspace/im_exp/lora/reviewer_followup/model_architecture_14h_20260917/core/evaluations/cluener_qwen25_3b_base_hidden_input_s6100/dev/SUMMARY.json,0a17b7c521b7d33bf09085525021c9ff58ea71c1a97e5a78c8e8cfc0c80898f0
core,cluener,qwen25_3b_base,hidden_input,6101,False,0.3091538240259979,0.08122981329506729,1.673724364489317,0.0625,64.89795918367346,66.06578115117014,/commondocument/wz/cross_encoder_workspace/im_exp/lora/reviewer_followup/model_architecture_14h_20260917/core/checkpoints/cluener_qwen25_3b_base_hidden_input_s6101/TRAINING.json,1e8e9a0771f27f4d843f73bb34403688b252c40308a61faa98b095bc7a316833,/commondocument/wz/cross_encoder_workspace/im_exp/lora/reviewer_followup/model_architecture_14h_20260917/core/evaluations/cluener_qwen25_3b_base_hidden_input_s6101/dev/SUMMARY.json,689eaf670600eba367c28db1a01c2630af49bce1a0617aef49aa62b647a8f493
core,cluener,qwen25_3b_base,hidden_input,6102,False,0.3000716043752618,0.09043283501705446,1.475138545036316,0.0625,66.869918699187,65.63546483814383,/commondocument/wz/cross_encoder_workspace/im_exp/lora/reviewer_followup/model_architecture_14h_20260917/core/checkpoints/cluener_qwen25_3b_base_hidden_input_s6102/TRAINING.json,7a21ed4aed7c64b10961e2044de667ce9f0868254a31ef395229f160c3addfcd,/commondocument/wz/cross_encoder_workspace/im_exp/lora/reviewer_followup/model_architecture_14h_20260917/core/evaluations/cluener_qwen25_3b_base_hidden_input_s6102/dev/SUMMARY.json,590763aba461aa4a2c2cc0bcf74a2cf18bdb8c13d16e1e987ef546943ec28d5b
core,cluener,qwen25_3b_base,hidden_output,6100,False,0.2727330370398704,0.09015164631819061,1.728226475417614,0.0625,67.2782874617737,65.6539814518708,/commondocument/wz/cross_encoder_workspace/im_exp/lora/reviewer_followup/model_architecture_14h_20260917/core/checkpoints/cluener_qwen25_3b_base_hidden_output_s6100/TRAINING.json,062e2838667f0b62571465b2e13cc5c917e5a4fcdf52c28db895c376e0922847,/commondocument/wz/cross_encoder_workspace/im_exp/lora/reviewer_followup/model_architecture_14h_20260917/core/evaluations/cluener_qwen25_3b_base_hidden_output_s6100/dev/SUMMARY.json,921e4be1d50321a5b9faf9e14b61579bdadb6d38424e916ffe256e2095e4f3c2
core,cluener,qwen25_3b_base,hidden_output,6101,False,0.2899205061548855,0.08047098050883505,1.776568941771984,0.046875,67.6954732510288,65.87715142902258,/commondocument/wz/cross_encoder_workspace/im_exp/lora/reviewer_followup/model_architecture_14h_20260917/core/checkpoints/cluener_qwen25_3b_base_hidden_output_s6101/TRAINING.json,8c4f273fc8a0439d95dcd9c210b84ff497e0935c54a3bccae6a7f74a0bb3cf31,/commondocument/wz/cross_encoder_workspace/im_exp/lora/reviewer_followup/model_architecture_14h_20260917/core/evaluations/cluener_qwen25_3b_base_hidden_output_s6101/dev/SUMMARY.json,dff89581860902ce9571f714fcbf91e37edeb622a828d1cc11f9b599d43bfad6
core,cluener,qwen25_3b_base,hidden_output,6102,False,0.27865351433865726,0.08844881887489464,1.7369874119758606,0.0625,68.1586978636826,66.11491325799777,/commondocument/wz/cross_encoder_workspace/im_exp/lora/reviewer_followup/model_architecture_14h_20260917/core/checkpoints/cluener_qwen25_3b_base_hidden_output_s6102/TRAINING.json,0d9d9801357f6ed2f291dec186fb25182064ac901daff9ef954853968128fe72,/commondocument/wz/cross_encoder_workspace/im_exp/lora/reviewer_followup/model_architecture_14h_20260917/core/evaluations/cluener_qwen25_3b_base_hidden_output_s6102/dev/SUMMARY.json,37b8737821a7cbdc471be43f3e0f30669826acca061179fb4c22e654e61ca026
core,cluener,qwen25_3b_base,hidden_both,6100,True,0.26883711105620023,0.08888645147635543,2.1289540231227875,0.078125,66.39427987742594,66.6773418734988,/commondocument/wz/cross_encoder_workspace/im_exp/lora/reviewer_followup/model_architecture_14h_20260917/core/anchors/cluener_qwen25_3b_base_hidden_both/6100/TRAINING.json,9174739c3e65aba7dae9af365194c7f585df1f9debad0a0cd0e16f819e50c78f,/commondocument/wz/cross_encoder_workspace/im_exp/lora/reviewer_followup/model_scaling_20260917/evaluations/cluener_qwen25_3b_base_hidden_both_s6100/dev/SUMMARY.json,45adde137312a39de33fabfddabfb9dcc441451ee7143ee3bcac8a20be8cc662
core,cluener,qwen25_3b_base,hidden_both,6101,True,0.28541677142493427,0.07954760764550883,2.2095595374703407,0.0625,66.3917525773196,66.41257741781801,/commondocument/wz/cross_encoder_workspace/im_exp/lora/reviewer_followup/model_architecture_14h_20260917/core/anchors/cluener_qwen25_3b_base_hidden_both/6101/TRAINING.json,845163f8ce1baa37ab743f04e25c723bfc4c2b50878e2265dd109e06c62e3dc0,/commondocument/wz/cross_encoder_workspace/im_exp/lora/reviewer_followup/model_scaling_20260917/evaluations/cluener_qwen25_3b_base_hidden_both_s6101/dev/SUMMARY.json,fa840d99d36e5e25b2d5c4433b35fa3dd3c8527e67617e21a36588a2f5042018
core,cluener,qwen25_3b_base,hidden_both,6102,True,0.2754970536043402,0.08731928162524127,2.1073203161358833,0.09375,67.68916155419222,66.75204097967024,/commondocument/wz/cross_encoder_workspace/im_exp/lora/reviewer_followup/model_architecture_14h_20260917/core/anchors/cluener_qwen25_3b_base_hidden_both/6102/TRAINING.json,f31c4fadb837d9f3f7802ff7c8d6a68aef400bc91c3874afb4a6eaf7c646a668,/commondocument/wz/cross_encoder_workspace/im_exp/lora/reviewer_followup/model_scaling_20260917/evaluations/cluener_qwen25_3b_base_hidden_both_s6102/dev/SUMMARY.json,7ed07c9078ee59ff4ec118e73ac6524e8a42380d5774c9381f08519c8a5ae559
core,cluener,qwen25_3b_base,input,6100,False,0.46552556252572685,0.16101438697660342,2.287541389465332,0.328125,40.39301310043668,39.39685595123516,/commondocument/wz/cross_encoder_workspace/im_exp/lora/reviewer_followup/model_architecture_14h_20260917/core/checkpoints/cluener_qwen25_3b_base_input_s6100/TRAINING.json,68bfbee40884664b430e58ee738e8e1b7ac1057cff5bbea39a4fe96e263c153e,/commondocument/wz/cross_encoder_workspace/im_exp/lora/reviewer_followup/model_architecture_14h_20260917/core/evaluations/cluener_qwen25_3b_base_input_s6100/dev/SUMMARY.json,9adae828cf638c6d0f001da40e4604687e6b6e8652041be7adbcedf54a51a834
core,cluener,qwen25_3b_base,input,6101,False,0.4783281759591773,0.15594921553565655,2.3781410306692123,0.25,42.16335540838852,39.73616473616474,/commondocument/wz/cross_encoder_workspace/im_exp/lora/reviewer_followup/model_architecture_14h_20260917/core/checkpoints/cluener_qwen25_3b_base_input_s6101/TRAINING.json,ae7b9f686df5e682c664206b5661e7622869a8b721989facef6d122be1450f53,/commondocument/wz/cross_encoder_workspace/im_exp/lora/reviewer_followup/model_architecture_14h_20260917/core/evaluations/cluener_qwen25_3b_base_input_s6101/dev/SUMMARY.json,1d153c17ff29441e159bb15c17f2ed81d3965b03397351a73324e081a4fc64e9
core,cluener,qwen25_3b_base,input,6102,False,0.4613922800635919,0.1612180468364386,2.137486681342125,0.265625,41.35667396061269,39.42168674698795,/commondocument/wz/cross_encoder_workspace/im_exp/lora/reviewer_followup/model_architecture_14h_20260917/core/checkpoints/cluener_qwen25_3b_base_input_s6102/TRAINING.json,8263488b2d692efa8732a535f558e9a789ec94146c70426cdd04aa26b475a07f,/commondocument/wz/cross_encoder_workspace/im_exp/lora/reviewer_followup/model_architecture_14h_20260917/core/evaluations/cluener_qwen25_3b_base_input_s6102/dev/SUMMARY.json,f5ad3ef739c0e92b41c22cde4f3b42b3ba3037ec0585222d92a84908f7ad6ddb
core,cluener,qwen25_3b_base,output,6100,False,0.3525597427506,0.16039875650312752,2.6109918355941772,0.140625,41.06951871657754,36.73651359786001,/commondocument/wz/cross_encoder_workspace/im_exp/lora/reviewer_followup/model_architecture_14h_20260917/core/checkpoints/cluener_qwen25_3b_base_output_s6100/TRAINING.json,bcda5ca26307f41144d674ee294ad806aef1fadb745db0d9e6df569dd0def1f1,/commondocument/wz/cross_encoder_workspace/im_exp/lora/reviewer_followup/model_architecture_14h_20260917/core/evaluations/cluener_qwen25_3b_base_output_s6100/dev/SUMMARY.json,ec51b5a89d1a4ae55621f515180d50aed6aeacbc1c41e87a0bd9fa2c188adada
core,cluener,qwen25_3b_base,output,6101,False,0.3777013215585612,0.1552104610891547,2.823801875114441,0.140625,36.76470588235294,36.76556137289121,/commondocument/wz/cross_encoder_workspace/im_exp/lora/reviewer_followup/model_architecture_14h_20260917/core/checkpoints/cluener_qwen25_3b_base_output_s6101/TRAINING.json,7e09d420da75f19d66f645cd4f33df50be272103897faae0f6ec0291f2ab2a2a,/commondocument/wz/cross_encoder_workspace/im_exp/lora/reviewer_followup/model_architecture_14h_20260917/core/evaluations/cluener_qwen25_3b_base_output_s6101/dev/SUMMARY.json,3fef84ed0fb67f237fcacd0dedb295a9ec41781681eb9ab2f5839c46620dce18
core,cluener,qwen25_3b_base,output,6102,False,0.3574651955277659,0.15480625338386744,2.685113564133644,0.171875,37.98994974874372,38.53937527496701,/commondocument/wz/cross_encoder_workspace/im_exp/lora/reviewer_followup/model_architecture_14h_20260917/core/checkpoints/cluener_qwen25_3b_base_output_s6102/TRAINING.json,203e76e42aa3204e756610f831a0129609e4483d937691054f217538dff06f97,/commondocument/wz/cross_encoder_workspace/im_exp/lora/reviewer_followup/model_architecture_14h_20260917/core/evaluations/cluener_qwen25_3b_base_output_s6102/dev/SUMMARY.json,052d856c06008fc68e4925651a6f4a4ced5e75e3810a3eebae9b7e6f1252c334
core,cluener,qwen25_3b_base,both,6100,False,0.32643599645234644,0.13771651829301845,2.799034871160984,0.1875,49.08896034297963,47.53754238656548,/commondocument/wz/cross_encoder_workspace/im_exp/lora/reviewer_followup/model_architecture_14h_20260917/core/checkpoints/cluener_qwen25_3b_base_both_s6100/TRAINING.json,364328f47287c4e807a4653d8d2ee856df0c808c613e933629b7997898620420,/commondocument/wz/cross_encoder_workspace/im_exp/lora/reviewer_followup/model_architecture_14h_20260917/core/evaluations/cluener_qwen25_3b_base_both_s6100/dev/SUMMARY.json,2642ad6a4df9cc9556b515b5b4da26119b09eaf36568c65cb88634f61c671396
core,cluener,qwen25_3b_base,both,6101,False,0.3416845505416859,0.1274557582073612,2.9316516742110252,0.109375,49.56521739130435,48.6529826812059,/commondocument/wz/cross_encoder_workspace/im_exp/lora/reviewer_followup/model_architecture_14h_20260917/core/checkpoints/cluener_qwen25_3b_base_both_s6101/TRAINING.json,8ed476ce7b6c6ee4d6c79369f4a30a4c8b30e00a79b66e0b30ee094c5e2b52d1,/commondocument/wz/cross_encoder_workspace/im_exp/lora/reviewer_followup/model_architecture_14h_20260917/core/evaluations/cluener_qwen25_3b_base_both_s6101/dev/SUMMARY.json,04f6e80493de0809afcbed24955288619f2c99b02fba19f36d8a84ae67019953
core,cluener,qwen25_3b_base,both,6102,False,0.32378403685288504,0.13271079598052893,2.6793805807828903,0.15625,48.29059829059829,48.80076750879437,/commondocument/wz/cross_encoder_workspace/im_exp/lora/reviewer_followup/model_architecture_14h_20260917/core/checkpoints/cluener_qwen25_3b_base_both_s6102/TRAINING.json,d6ed1a5c9e47e1fa104c798070342a00ce0b948ec68d083d5fcae3bbfd2fec47,/commondocument/wz/cross_encoder_workspace/im_exp/lora/reviewer_followup/model_architecture_14h_20260917/core/evaluations/cluener_qwen25_3b_base_both_s6102/dev/SUMMARY.json,1862b6f420765796ee32bd75ecf4d5b25533b9b5dfe6e8789ff0b7be10e5c205
core,wikisql,qwen25_3b_base,hidden,7100,True,0.37596131791360676,0.08755679267051164,1.3025793507695198,0.046875,80.46875,76.171875,/commondocument/wz/cross_encoder_workspace/im_exp/lora/reviewer_followup/model_architecture_14h_20260917/core/anchors/wikisql_qwen25_3b_base_hidden/7100/TRAINING.json,b8140d9b4b8581ba69dabeb5f08196851a94643c832d957740ad576a4bc9d026,/commondocument/wz/cross_encoder_workspace/im_exp/lora/reviewer_followup/model_scaling_20260917/evaluations/wikisql_qwen25_3b_base_hidden_s7100/dev/SUMMARY.json,4a0c9e79cf210c67ac14668f2420162fc1141b0c6367b81d22c5e126c957fc23
core,wikisql,qwen25_3b_base,hidden,7101,True,0.37442997249308974,0.07109594234498218,1.2890840247273445,0.046875,81.25,76.953125,/commondocument/wz/cross_encoder_workspace/im_exp/lora/reviewer_followup/model_architecture_14h_20260917/core/anchors/wikisql_qwen25_3b_base_hidden/7101/TRAINING.json,75101be1c934d4d3e3f11273d5be007b3a00e5b00db23d571dbb1dc12de3d982,/commondocument/wz/cross_encoder_workspace/im_exp/lora/reviewer_followup/model_scaling_20260917/evaluations/wikisql_qwen25_3b_base_hidden_s7101/dev/SUMMARY.json,a8ae4bcf4f7871eb6cc9cf17e67dd5ae45ae4e57866c7e1ee5c14e74a524c69c
core,wikisql,qwen25_3b_base,hidden,7102,True,0.35846170788863674,0.07084867839876097,1.2425090223550797,0.046875,81.25,77.5390625,/commondocument/wz/cross_encoder_workspace/im_exp/lora/reviewer_followup/model_architecture_14h_20260917/core/anchors/wikisql_qwen25_3b_base_hidden/7102/TRAINING.json,550070401a24bccf26f17a4be545ca149855592e20b6054f36383a661e503058,/commondocument/wz/cross_encoder_workspace/im_exp/lora/reviewer_followup/model_scaling_20260917/evaluations/wikisql_qwen25_3b_base_hidden_s7102/dev/SUMMARY.json,681044d0027d770594322964657789eee833ee50966b7a1809e3937688f42b44
core,wikisql,qwen25_3b_base,hidden_budget,7100,True,0.37593480304349214,0.08765883745218161,1.3136697188019753,0.046875,80.078125,76.171875,/commondocument/wz/cross_encoder_workspace/im_exp/lora/reviewer_followup/model_architecture_14h_20260917/core/anchors/wikisql_qwen25_3b_base_hidden_budget/7100/TRAINING.json,2bf92b7c3872b02d7d7f75e7db47db98aa9ed1e29b43d6fb1531230168e2ee1b,/commondocument/wz/cross_encoder_workspace/im_exp/lora/reviewer_followup/model_scaling_20260917/evaluations/wikisql_qwen25_3b_base_hidden_budget_s7100/dev/SUMMARY.json,7ad0e1807171f22650e704cc9cc272a929f2c73364f899f74e8ac37213098935
core,wikisql,qwen25_3b_base,hidden_budget,7101,True,0.3735522779170424,0.07122294649889227,1.300940491259098,0.046875,80.859375,76.5625,/commondocument/wz/cross_encoder_workspace/im_exp/lora/reviewer_followup/model_architecture_14h_20260917/core/anchors/wikisql_qwen25_3b_base_hidden_budget/7101/TRAINING.json,353cf7d3c87c6eff7c88ea8a5d3a1d3dc7029297fdd70a8554900cc6b6589fb0,/commondocument/wz/cross_encoder_workspace/im_exp/lora/reviewer_followup/model_scaling_20260917/evaluations/wikisql_qwen25_3b_base_hidden_budget_s7101/dev/SUMMARY.json,3f150bf709dd6d930b2a9800f57e3a827c995e49dfcb06ec46f3d88b8d0c8bab
core,wikisql,qwen25_3b_base,hidden_budget,7102,True,0.35812407720368356,0.07131513058266137,1.2481462806463242,0.046875,80.46875,76.7578125,/commondocument/wz/cross_encoder_workspace/im_exp/lora/reviewer_followup/model_architecture_14h_20260917/core/anchors/wikisql_qwen25_3b_base_hidden_budget/7102/TRAINING.json,ff287c0d3ab4bd0f9c587644311a816d36f89b2ad8be2553d12d0b86f3cd2702,/commondocument/wz/cross_encoder_workspace/im_exp/lora/reviewer_followup/model_scaling_20260917/evaluations/wikisql_qwen25_3b_base_hidden_budget_s7102/dev/SUMMARY.json,d97f9ccc1cdde3a94539a27c7b274ec925fbc25b10a63bd78d37fef43a9f5888
core,wikisql,qwen25_3b_base,hidden_input,7100,False,0.3663593167439103,0.08374745622859336,2.370165154337883,0.109375,82.03125,77.24609375,/commondocument/wz/cross_encoder_workspace/im_exp/lora/reviewer_followup/model_architecture_14h_20260917/core/checkpoints/wikisql_qwen25_3b_base_hidden_input_s7100/TRAINING.json,0e752611d7a3f641269a171c04b581ea8f0bac07da1fc36c1b1fee6b9d5352cc,/commondocument/wz/cross_encoder_workspace/im_exp/lora/reviewer_followup/model_architecture_14h_20260917/core/evaluations/wikisql_qwen25_3b_base_hidden_input_s7100/dev/SUMMARY.json,7251720b306c897f52427b81cb4eb89946d82406e99555197e1d98fd71a71073
core,wikisql,qwen25_3b_base,hidden_input,7101,False,0.3637667465955019,0.06831030992907472,2.357776001095772,0.109375,81.640625,76.171875,/commondocument/wz/cross_encoder_workspace/im_exp/lora/reviewer_followup/model_architecture_14h_20260917/core/checkpoints/wikisql_qwen25_3b_base_hidden_input_s7101/TRAINING.json,574576458756e5de50a37b668f369aba7c6a59431377adcb79ce4b7383af5699,/commondocument/wz/cross_encoder_workspace/im_exp/lora/reviewer_followup/model_architecture_14h_20260917/core/evaluations/wikisql_qwen25_3b_base_hidden_input_s7101/dev/SUMMARY.json,98fe02beff382e69b4b230d4d914fff0ec3379f43d735212be3683841e470ddb
core,wikisql,qwen25_3b_base,hidden_output,7100,False,0.35405257559614256,0.08521136682247743,2.2882610633969307,0.09375,82.03125,78.02734375,/commondocument/wz/cross_encoder_workspace/im_exp/lora/reviewer_followup/model_architecture_14h_20260917/core/checkpoints/wikisql_qwen25_3b_base_hidden_output_s7100/TRAINING.json,b0ac426ada5b72defd80415af9f8867aaaa8e6434de2565429e94f3a68443c6e,/commondocument/wz/cross_encoder_workspace/im_exp/lora/reviewer_followup/model_architecture_14h_20260917/core/evaluations/wikisql_qwen25_3b_base_hidden_output_s7100/dev/SUMMARY.json,b453dc533192c65792a0de342af2a8df2dd157ff5e66ed6eb2f98d9cae17fd6f
core,wikisql,qwen25_3b_base,hidden_output,7101,False,0.3565507656894624,0.06888499727210728,2.2839122861623764,0.046875,81.25,77.1484375,/commondocument/wz/cross_encoder_workspace/im_exp/lora/reviewer_followup/model_architecture_14h_20260917/core/checkpoints/wikisql_qwen25_3b_base_hidden_output_s7101/TRAINING.json,56872782ea70bdb7bda4c928878696be60379c3d8b452f635e61daf1f4ae276e,/commondocument/wz/cross_encoder_workspace/im_exp/lora/reviewer_followup/model_architecture_14h_20260917/core/evaluations/wikisql_qwen25_3b_base_hidden_output_s7101/dev/SUMMARY.json,4009b76a644dec39051d2f28bbc3e674d1386a6c8423b1e4859c19fbabc935d9
core,wikisql,qwen25_3b_base,hidden_both,7100,True,0.34937592141795903,0.08162862005701754,2.909291848540306,0.109375,82.421875,77.83203125,/commondocument/wz/cross_encoder_workspace/im_exp/lora/reviewer_followup/model_architecture_14h_20260917/core/anchors/wikisql_qwen25_3b_base_hidden_both/7100/TRAINING.json,6198f546b4ac39beb20b509b7a01423779ca5f3af53e5ec14506abbd2a0fc765,/commondocument/wz/cross_encoder_workspace/im_exp/lora/reviewer_followup/model_scaling_20260917/evaluations/wikisql_qwen25_3b_base_hidden_both_s7100/dev/SUMMARY.json,8658901e167cd62b948c05eece580894e073ccc7812943700ea1208e99325ae2
core,wikisql,qwen25_3b_base,hidden_both,7101,True,0.35102828149683774,0.0673070040429593,2.943203665316105,0.109375,82.8125,77.83203125,/commondocument/wz/cross_encoder_workspace/im_exp/lora/reviewer_followup/model_architecture_14h_20260917/core/anchors/wikisql_qwen25_3b_base_hidden_both/7101/TRAINING.json,921775d8cb76264340ffa6411cc85a399bdab1ed3a0bc6035b7a74a65d73ddeb,/commondocument/wz/cross_encoder_workspace/im_exp/lora/reviewer_followup/model_scaling_20260917/evaluations/wikisql_qwen25_3b_base_hidden_both_s7101/dev/SUMMARY.json,ddb4251cef041da004b8476513ab6a74eb657ec740aad505c236194b82d4177e
core,wikisql,qwen25_3b_base,hidden_both,7102,True,0.33499084057984874,0.06803729839157313,2.9683937057852745,0.15625,80.859375,77.9296875,/commondocument/wz/cross_encoder_workspace/im_exp/lora/reviewer_followup/model_architecture_14h_20260917/core/anchors/wikisql_qwen25_3b_base_hidden_both/7102/TRAINING.json,d0eaf7f25e33d7e9f21852c9ab60adb8c868e64c24d22d4a92fcca557237c73a,/commondocument/wz/cross_encoder_workspace/im_exp/lora/reviewer_followup/model_scaling_20260917/evaluations/wikisql_qwen25_3b_base_hidden_both_s7102/dev/SUMMARY.json,b0cf6d5a209aa76d09a75ab4594d13eb857e84a9b962519d426f308aac489209
core,wikisql,qwen25_3b_base,input,7100,False,0.5932843540795147,0.18568954418879002,3.7681042551994324,1.0,47.65625,45.60546875,/commondocument/wz/cross_encoder_workspace/im_exp/lora/reviewer_followup/model_architecture_14h_20260917/core/checkpoints/wikisql_qwen25_3b_base_input_s7100/TRAINING.json,0f09a89aed7469e1b18a94f602eada660ed376564460471f9daf9e49911ce44f,/commondocument/wz/cross_encoder_workspace/im_exp/lora/reviewer_followup/model_architecture_14h_20260917/core/evaluations/wikisql_qwen25_3b_base_input_s7100/dev/SUMMARY.json,af05e5d9ad5396e125d92fb08028859cdad53c331f98b05500afbb7e4f67cfa9
core,wikisql,qwen25_3b_base,output,7100,False,0.49391426239162683,0.2426229139091447,3.3353792428970337,0.15625,22.65625,23.92578125,/commondocument/wz/cross_encoder_workspace/im_exp/lora/reviewer_followup/model_architecture_14h_20260917/core/checkpoints/wikisql_qwen25_3b_base_output_s7100/TRAINING.json,51bc64ab9b8e6fad9499da1d173e281f4962cce07cecbc1af27de1a2ada6f9df,/commondocument/wz/cross_encoder_workspace/im_exp/lora/reviewer_followup/model_architecture_14h_20260917/core/evaluations/wikisql_qwen25_3b_base_output_s7100/dev/SUMMARY.json,832d882b251f016f443ef5622235db4b9d4ca1037f8afdd534a70dea3278e36d
core,wikisql,qwen25_3b_base,both,7100,False,0.45733989658765495,0.15614095103228465,3.6374007761478424,0.9375,53.515625,52.44140625,/commondocument/wz/cross_encoder_workspace/im_exp/lora/reviewer_followup/model_architecture_14h_20260917/core/checkpoints/wikisql_qwen25_3b_base_both_s7100/TRAINING.json,1cf7ef4fb93b6f6d9f4adb271f146c5ec497efe8d8dd479f654724d08d4a8603,/commondocument/wz/cross_encoder_workspace/im_exp/lora/reviewer_followup/model_architecture_14h_20260917/core/evaluations/wikisql_qwen25_3b_base_both_s7100/dev/SUMMARY.json,4da59ed84a5b3e5b74c425915de8d37a937e6f22db3d8966c50bc410908374b6
core,wikisql,qwen25_3b_base,both,7101,False,0.47621935047209263,0.15324873715871945,3.6171865314245224,0.890625,52.734375,52.34375,/commondocument/wz/cross_encoder_workspace/im_exp/lora/reviewer_followup/model_architecture_14h_20260917/core/checkpoints/wikisql_qwen25_3b_base_both_s7101/TRAINING.json,2ec63b6ae39e6af42fb59b1564ac1102193183cfccf3b06d7a52541279e0af6b,/commondocument/wz/cross_encoder_workspace/im_exp/lora/reviewer_followup/model_architecture_14h_20260917/core/evaluations/wikisql_qwen25_3b_base_both_s7101/dev/SUMMARY.json,54ef7ab8ccd96102b62d79dd539ca7e2076121e2ed6ec81ccda659e7dc834cd3
core,cluener,qwen25_7b_base,hidden,6100,True,0.20518433402321534,0.08194057114087627,0.4669532924890518,0.0,69.64467005076142,68.26556543837357,/commondocument/wz/cross_encoder_workspace/im_exp/lora/reviewer_followup/model_architecture_14h_20260917/core/anchors/cluener_qwen25_7b_base_hidden/6100/TRAINING.json,e5c8d85ea1be256762966b18744ceb4708dac322f00e5daf378df61cf626e1ed,/commondocument/wz/cross_encoder_workspace/im_exp/lora/reviewer_followup/model_scaling_20260917/evaluations/cluener_qwen25_7b_base_hidden_s6100/dev/SUMMARY.json,38275a961ac55f662d7a8de21aab7e6e99fe396a610c6c92092ac5521bec13ec
core,cluener,qwen25_7b_base,hidden,6101,True,0.22104588129150216,0.068600298369347,0.4924316443502903,0.015625,69.73415132924336,69.14175506268082,/commondocument/wz/cross_encoder_workspace/im_exp/lora/reviewer_followup/model_architecture_14h_20260917/core/anchors/cluener_qwen25_7b_base_hidden/6101/TRAINING.json,f6a96933581a97acf9e9f03438b7f3fe0af796e0a4cc9efe7dc08573d132f776,/commondocument/wz/cross_encoder_workspace/im_exp/lora/reviewer_followup/model_scaling_20260917/evaluations/cluener_qwen25_7b_base_hidden_s6101/dev/SUMMARY.json,c019ea6dfc86a2898f50efccf49cfd439b072cda058231abfc8078239d231c43
core,cluener,qwen25_7b_base,hidden,6102,True,0.2064167106000241,0.07398809067854017,0.45692313462495804,0.0,71.61749745676501,69.44533504328311,/commondocument/wz/cross_encoder_workspace/im_exp/lora/reviewer_followup/model_architecture_14h_20260917/core/anchors/cluener_qwen25_7b_base_hidden/6102/TRAINING.json,e5550252ae1108a99df2cb13a5bd3982c772d9cf740dcb6aa3bbdd686b875360,/commondocument/wz/cross_encoder_workspace/im_exp/lora/reviewer_followup/model_scaling_20260917/evaluations/cluener_qwen25_7b_base_hidden_s6102/dev/SUMMARY.json,75d5986632d6e8048b2c9cd6a826b916155d6054ba8e8c188f5107fc6c04f841
core,cluener,qwen25_7b_base,hidden,6103,True,0.19801132038992364,0.08138066363244434,0.4322816636413336,0.0,71.70582226762002,69.6327455104352,/commondocument/wz/cross_encoder_workspace/im_exp/lora/reviewer_followup/model_architecture_14h_20260917/core/anchors/cluener_qwen25_7b_base_hidden/6103/TRAINING.json,7925d71e81c9f3e4bc9120763c99c7f1e55dbfd0bc056e08df3f633742894524,/commondocument/wz/cross_encoder_workspace/im_exp/lora/reviewer_followup/model_scaling_20260917/evaluations/cluener_qwen25_7b_base_hidden_s6103/dev/SUMMARY.json,8ec42d04555895a9d9f220beb8a2de2c56734319de01f8a595e766236e04aac2
core,cluener,qwen25_7b_base,hidden,6104,True,0.19479612434952287,0.07911409044027096,0.4267754200845957,0.0,70.3030303030303,69.45726563743435,/commondocument/wz/cross_encoder_workspace/im_exp/lora/reviewer_followup/model_architecture_14h_20260917/core/anchors/cluener_qwen25_7b_base_hidden/6104/TRAINING.json,415fc3f016c2eb3ab522e73692213e4443d5b6f6f7b62d4bf848ffd76df28b5a,/commondocument/wz/cross_encoder_workspace/im_exp/lora/reviewer_followup/model_scaling_20260917/evaluations/cluener_qwen25_7b_base_hidden_s6104/dev/SUMMARY.json,169006557183fe362202daf4f7b6d41936421352254ac1a1159d232380427cfc
core,cluener,qwen25_7b_base,hidden_budget,6100,True,0.2053675253482652,0.08188863094710541,0.4682385139167309,0.0,69.83805668016194,68.35081029551954,/commondocument/wz/cross_encoder_workspace/im_exp/lora/reviewer_followup/model_architecture_14h_20260917/core/anchors/cluener_qwen25_7b_base_hidden_budget/6100/TRAINING.json,47c019d552868da05451024be2068b381c73e2086b73c8787aabc70ad6c84e33,/commondocument/wz/cross_encoder_workspace/im_exp/lora/reviewer_followup/model_scaling_20260917/evaluations/cluener_qwen25_7b_base_hidden_budget_s6100/dev/SUMMARY.json,213de9c68989c4914676d70e27b3739f714f3ec35610d2e0149a67889a22ecb3
core,cluener,qwen25_7b_base,hidden_budget,6101,True,0.22089639953628648,0.06843988910986809,0.49438807740807533,0.015625,69.87704918032787,69.00208902458621,/commondocument/wz/cross_encoder_workspace/im_exp/lora/reviewer_followup/model_architecture_14h_20260917/core/anchors/cluener_qwen25_7b_base_hidden_budget/6101/TRAINING.json,aa7b0222811b95c06b048acafaa40dd5c16a0eecb6f0c5e63595b53298c348cd,/commondocument/wz/cross_encoder_workspace/im_exp/lora/reviewer_followup/model_scaling_20260917/evaluations/cluener_qwen25_7b_base_hidden_budget_s6101/dev/SUMMARY.json,d57cebc2c1eccd28e1dd3e3b349dd9296658affd9f90e150ab7d06270cedbcf6
core,cluener,qwen25_7b_base,hidden_budget,6102,True,0.20638641456025653,0.07380855535666342,0.45874471589922905,0.0,71.69042769857434,69.31836407377706,/commondocument/wz/cross_encoder_workspace/im_exp/lora/reviewer_followup/model_architecture_14h_20260917/core/anchors/cluener_qwen25_7b_base_hidden_budget/6102/TRAINING.json,fd9a16287c9d430ae07b03571b33b38230f7076271f9ca550a7ff3f21117ec89,/commondocument/wz/cross_encoder_workspace/im_exp/lora/reviewer_followup/model_scaling_20260917/evaluations/cluener_qwen25_7b_base_hidden_budget_s6102/dev/SUMMARY.json,94b3d95e20be0dec490d07c64b287a7f4aaeac13cf8c7ec964de58836b71ea80
core,cluener,qwen25_7b_base,hidden_budget,6103,True,0.1978682221233612,0.0815082054323284,0.43413000740110874,0.0,72.27926078028747,69.91896272285251,/commondocument/wz/cross_encoder_workspace/im_exp/lora/reviewer_followup/model_architecture_14h_20260917/core/anchors/cluener_qwen25_7b_base_hidden_budget/6103/TRAINING.json,de9bf5d8449f2e889413cd4f1f62214dc5567d14b7b67e9f022f3bd0072f16a1,/commondocument/wz/cross_encoder_workspace/im_exp/lora/reviewer_followup/model_scaling_20260917/evaluations/cluener_qwen25_7b_base_hidden_budget_s6103/dev/SUMMARY.json,932cb3f48a3c862079be45cbdc344aef33f50d61f69b8c8df76c7e3a51878ad5
core,cluener,qwen25_7b_base,hidden_budget,6104,True,0.19439195517043117,0.07912084233976202,0.42736743204295635,0.0,70.22132796780684,69.50286806883365,/commondocument/wz/cross_encoder_workspace/im_exp/lora/reviewer_followup/model_architecture_14h_20260917/core/anchors/cluener_qwen25_7b_base_hidden_budget/6104/TRAINING.json,ac92c548b29eedd022e719f859ab671336a065f0eb509e95bd66ab1230413633,/commondocument/wz/cross_encoder_workspace/im_exp/lora/reviewer_followup/model_scaling_20260917/evaluations/cluener_qwen25_7b_base_hidden_budget_s6104/dev/SUMMARY.json,e0181543f5fc798d6a40638fe303fab2ef2e631a5631217a7884954860977657
core,cluener,qwen25_7b_base,hidden_input,6100,False,0.20279022659815382,0.08054385189279856,0.7491365894675255,0.03125,71.11111111111111,69.06543544021653,/commondocument/wz/cross_encoder_workspace/im_exp/lora/reviewer_followup/model_architecture_14h_20260917/core/checkpoints/cluener_qwen25_7b_base_hidden_input_s6100/TRAINING.json,638ca117c13b436bb971b05b79a21f631a87b953360af26421dfb42de7189a05,/commondocument/wz/cross_encoder_workspace/im_exp/lora/reviewer_followup/model_architecture_14h_20260917/core/evaluations/cluener_qwen25_7b_base_hidden_input_s6100/dev/SUMMARY.json,814aef4cc597da667f0a1dd6888e496ec14637c83b9db476cb6c5bce4c5346d4
core,cluener,qwen25_7b_base,hidden_input,6101,False,0.21730473317438737,0.06654164939573093,0.8004935756325722,0.03125,71.51515151515152,69.36231420808694,/commondocument/wz/cross_encoder_workspace/im_exp/lora/reviewer_followup/model_architecture_14h_20260917/core/checkpoints/cluener_qwen25_7b_base_hidden_input_s6101/TRAINING.json,9dc58badec4a712076940134c72e2816ead268355cf803bd1ab39244f4368947,/commondocument/wz/cross_encoder_workspace/im_exp/lora/reviewer_followup/model_architecture_14h_20260917/core/evaluations/cluener_qwen25_7b_base_hidden_input_s6101/dev/SUMMARY.json,f44f1191329e51907fd4218f43fa92116327203ef03790f08f7bd49385f1e473
core,cluener,qwen25_7b_base,hidden_input,6102,False,0.20430220870184712,0.07509376279631397,0.7350415363907814,0.03125,70.77856420626895,69.77116338614178,/commondocument/wz/cross_encoder_workspace/im_exp/lora/reviewer_followup/model_architecture_14h_20260917/core/checkpoints/cluener_qwen25_7b_base_hidden_input_s6102/TRAINING.json,db59fcd39418ca54291b6dffbe36c61ebfc86e7eba1de60dbb447224967bbbd8,/commondocument/wz/cross_encoder_workspace/im_exp/lora/reviewer_followup/model_architecture_14h_20260917/core/evaluations/cluener_qwen25_7b_base_hidden_input_s6102/dev/SUMMARY.json,f1de0661247db37bf99678c7abb6e52d1194fc6f4c60ef44d01eabf78ea85564
core,cluener,qwen25_7b_base,hidden_output,6100,False,0.19373975060443627,0.0777153478402397,1.3302629068493843,0.046875,71.21057985757884,70.38529743672417,/commondocument/wz/cross_encoder_workspace/im_exp/lora/reviewer_followup/model_architecture_14h_20260917/core/checkpoints/cluener_qwen25_7b_base_hidden_output_s6100/TRAINING.json,cddb668870532ba3b7496ce2661f9b632d23a5fc94adcf41ddd7cb079398f9ce,/commondocument/wz/cross_encoder_workspace/im_exp/lora/reviewer_followup/model_architecture_14h_20260917/core/evaluations/cluener_qwen25_7b_base_hidden_output_s6100/dev/SUMMARY.json,f175b1d9c18f875ddfeab7911c9157bfb81fb624c930c333b06dfba2f2778944
core,cluener,qwen25_7b_base,hidden_output,6101,False,0.2067024483840214,0.0659563077506391,1.354775819927454,0.03125,71.86234817813765,70.74417119131267,/commondocument/wz/cross_encoder_workspace/im_exp/lora/reviewer_followup/model_architecture_14h_20260917/core/checkpoints/cluener_qwen25_7b_base_hidden_output_s6101/TRAINING.json,1ebe0ed06a1120a7943221c9bd2cccf7e03a73ec8d9f99baede9a70ef8e516f2,/commondocument/wz/cross_encoder_workspace/im_exp/lora/reviewer_followup/model_architecture_14h_20260917/core/evaluations/cluener_qwen25_7b_base_hidden_output_s6101/dev/SUMMARY.json,52095d3dbf859cbe282153f29b7ef2c89d785d833328d29d48d9549d5e8d9e5f
core,cluener,qwen25_7b_base,hidden_output,6102,False,0.19521973579685437,0.0726059836370041,1.291389174759388,0.046875,71.73689619732785,69.66580976863753,/commondocument/wz/cross_encoder_workspace/im_exp/lora/reviewer_followup/model_architecture_14h_20260917/core/checkpoints/cluener_qwen25_7b_base_hidden_output_s6102/TRAINING.json,6b03e5a99f907a33b1c34e55ff8e04e1f483c99bfddf3f49f2964db8da933965,/commondocument/wz/cross_encoder_workspace/im_exp/lora/reviewer_followup/model_architecture_14h_20260917/core/evaluations/cluener_qwen25_7b_base_hidden_output_s6102/dev/SUMMARY.json,2024c0bdb9be3fdfa32735e19dd9d6d0702a49fca67c1cb86b16a1a42fc25376
core,cluener,qwen25_7b_base,hidden_both,6100,True,0.19281890102865873,0.0773039127748234,1.426250297576189,0.046875,71.64790174002047,70.4669887278583,/commondocument/wz/cross_encoder_workspace/im_exp/lora/reviewer_followup/model_architecture_14h_20260917/core/anchors/cluener_qwen25_7b_base_hidden_both/6100/TRAINING.json,137c3e8ec755fe0d35578df4fa48686da162aebf2a7e30f46aca59ef35f7b572,/commondocument/wz/cross_encoder_workspace/im_exp/lora/reviewer_followup/model_scaling_20260917/evaluations/cluener_qwen25_7b_base_hidden_both_s6100/dev/SUMMARY.json,22d12f97e5096dcce335f2e0c13747e37b28633d835c9fc6f741252ada238be1
core,cluener,qwen25_7b_base,hidden_both,6101,True,0.20482583440025337,0.06581699277103326,1.4445682726800442,0.03125,72.70896273917423,70.29972752043597,/commondocument/wz/cross_encoder_workspace/im_exp/lora/reviewer_followup/model_architecture_14h_20260917/core/anchors/cluener_qwen25_7b_base_hidden_both/6101/TRAINING.json,23ccfa72e404f3afca61241d6e97842d9e0c185bbb554b8ce93fbb5fc3106f88,/commondocument/wz/cross_encoder_workspace/im_exp/lora/reviewer_followup/model_scaling_20260917/evaluations/cluener_qwen25_7b_base_hidden_both_s6101/dev/SUMMARY.json,927c58bfa4034af0d235b90d66f2996f1b9d789a6039a89ddc912212687afe9f
core,cluener,qwen25_7b_base,hidden_both,6102,True,0.19474557365174405,0.07320019603685068,1.3931024372577667,0.046875,71.34146341463415,70.29275315949448,/commondocument/wz/cross_encoder_workspace/im_exp/lora/reviewer_followup/model_architecture_14h_20260917/core/anchors/cluener_qwen25_7b_base_hidden_both/6102/TRAINING.json,7b10f68ebd2378ac05d0fe03263e2c636e5c201c165f651f4bec09855cdce2a7,/commondocument/wz/cross_encoder_workspace/im_exp/lora/reviewer_followup/model_scaling_20260917/evaluations/cluener_qwen25_7b_base_hidden_both_s6102/dev/SUMMARY.json,05aceb0c4b1fff2f30a005d46394066ffc32492d5d80775f214f249899955a19
core,cluener,qwen25_7b_base,hidden_both,6103,True,0.18407645472325385,0.08086261040443787,1.298690877854824,0.046875,72.95081967213115,70.38668624571709,/commondocument/wz/cross_encoder_workspace/im_exp/lora/reviewer_followup/model_architecture_14h_20260917/core/anchors/cluener_qwen25_7b_base_hidden_both/6103/TRAINING.json,25489bd9a1d4ef6f3e6061a40df0ca0f63c5de389d8875c39a4301a9f1bd6207,/commondocument/wz/cross_encoder_workspace/im_exp/lora/reviewer_followup/model_scaling_20260917/evaluations/cluener_qwen25_7b_base_hidden_both_s6103/dev/SUMMARY.json,e79e7f17231b2a58605655a766ff0b7cca7650ff2ad9a6ab69d6a0329ec27226
core,cluener,qwen25_7b_base,hidden_both,6104,True,0.18062127607845468,0.07539675639054622,1.4043656773865223,0.046875,70.02012072434607,70.88324548794122,/commondocument/wz/cross_encoder_workspace/im_exp/lora/reviewer_followup/model_architecture_14h_20260917/core/anchors/cluener_qwen25_7b_base_hidden_both/6104/TRAINING.json,90d62c03ed065587dd72d7affd88df1d71ccb2f02bb0891f5e6570dc4e362624,/commondocument/wz/cross_encoder_workspace/im_exp/lora/reviewer_followup/model_scaling_20260917/evaluations/cluener_qwen25_7b_base_hidden_both_s6104/dev/SUMMARY.json,8cad281124c8f553c97658974847896318352ba2314c936a79c3c5ac55280c05
core,cluener,qwen25_7b_base,input,6100,False,0.33235086570493877,0.13889009587001055,1.0814366340637207,0.078125,54.906054279749476,51.14318144965137,/commondocument/wz/cross_encoder_workspace/im_exp/lora/reviewer_followup/model_architecture_14h_20260917/core/checkpoints/cluener_qwen25_7b_base_input_s6100/TRAINING.json,f191dbba4a7a0efff2e322fe5f00a34ba30c9ff67bf218077d86817797de24cd,/commondocument/wz/cross_encoder_workspace/im_exp/lora/reviewer_followup/model_architecture_14h_20260917/core/evaluations/cluener_qwen25_7b_base_input_s6100/dev/SUMMARY.json,bd3220a6c05f20aced22b3ff857dda84f6720fedb1f06438714fb96d3518663b
core,cluener,qwen25_7b_base,input,6101,False,0.3488283082842827,0.12274458017782308,1.1276965886354446,0.09375,52.63157894736842,52.242302543507364,/commondocument/wz/cross_encoder_workspace/im_exp/lora/reviewer_followup/model_architecture_14h_20260917/core/checkpoints/cluener_qwen25_7b_base_input_s6101/TRAINING.json,726f3692b8b13f640daffd50b51e7b830eb5c06c49738d974b312ac64ee6ebf6,/commondocument/wz/cross_encoder_workspace/im_exp/lora/reviewer_followup/model_architecture_14h_20260917/core/evaluations/cluener_qwen25_7b_base_input_s6101/dev/SUMMARY.json,56dddb1b3f66d858e68b4c2a2e5103b55446e291f355108418dcd423545a76f8
core,cluener,qwen25_7b_base,input,6102,False,0.3342148719821125,0.13008947478374466,1.045296236872673,0.078125,51.836306400839455,51.24338199903738,/commondocument/wz/cross_encoder_workspace/im_exp/lora/reviewer_followup/model_architecture_14h_20260917/core/checkpoints/cluener_qwen25_7b_base_input_s6102/TRAINING.json,7f477662968fdfca54bb810e88224349d61f058e73a7613babaed89c0b08d387,/commondocument/wz/cross_encoder_workspace/im_exp/lora/reviewer_followup/model_architecture_14h_20260917/core/evaluations/cluener_qwen25_7b_base_input_s6102/dev/SUMMARY.json,19895961b8e8ff874b6c93620a3b38ec3ba6caa7c5ee65da6fad66ab4e30a009
core,cluener,qwen25_7b_base,output,6100,False,0.22747166077897418,0.12861399117537076,1.8363573625683784,0.109375,57.142857142857146,54.066008846546445,/commondocument/wz/cross_encoder_workspace/im_exp/lora/reviewer_followup/model_architecture_14h_20260917/core/checkpoints/cluener_qwen25_7b_base_output_s6100/TRAINING.json,e7f9e7ef878dc468d2e5582d432ad9e86194e5ef118492646eadbef95177d78d,/commondocument/wz/cross_encoder_workspace/im_exp/lora/reviewer_followup/model_architecture_14h_20260917/core/evaluations/cluener_qwen25_7b_base_output_s6100/dev/SUMMARY.json,96cbf28542c64d3a794605a93c60f5affa4f2f713b12fea0cc873535b6fca382
core,cluener,qwen25_7b_base,output,6101,False,0.24685346618935,0.11581325250881491,2.1329873353242874,0.09375,56.792873051224944,53.74241402562374,/commondocument/wz/cross_encoder_workspace/im_exp/lora/reviewer_followup/model_architecture_14h_20260917/core/checkpoints/cluener_qwen25_7b_base_output_s6101/TRAINING.json,e889575b67417ccf29737b9b9c04bfa239a0b7de61b4fa8a07a14e8965059f9e,/commondocument/wz/cross_encoder_workspace/im_exp/lora/reviewer_followup/model_architecture_14h_20260917/core/evaluations/cluener_qwen25_7b_base_output_s6101/dev/SUMMARY.json,134e61b0189031009fe71a6e13e367fbb04a6c808d7ca34e83532a2579327892
core,cluener,qwen25_7b_base,output,6102,False,0.2387946447415743,0.12034913758543553,2.341017998754978,0.109375,56.82819383259912,53.41098169717138,/commondocument/wz/cross_encoder_workspace/im_exp/lora/reviewer_followup/model_architecture_14h_20260917/core/checkpoints/cluener_qwen25_7b_base_output_s6102/TRAINING.json,0c2af0ca60da480f8d193721103b212e3d5119a5e518f70b52c775068c0101a7,/commondocument/wz/cross_encoder_workspace/im_exp/lora/reviewer_followup/model_architecture_14h_20260917/core/evaluations/cluener_qwen25_7b_base_output_s6102/dev/SUMMARY.json,fd296dabd190e282778e2ffc27a40f920340cc6b2d9527dd4c866f9c484d54a2
core,cluener,qwen25_7b_base,both,6100,False,0.21740323131962214,0.11142013836069964,1.7123207673430443,0.09375,63.37271750805586,59.996670551023804,/commondocument/wz/cross_encoder_workspace/im_exp/lora/reviewer_followup/model_architecture_14h_20260917/core/checkpoints/cluener_qwen25_7b_base_both_s6100/TRAINING.json,eb16d7abc85a221f806d162351798ac6c4d3a65719c323998cf69f33ed352966,/commondocument/wz/cross_encoder_workspace/im_exp/lora/reviewer_followup/model_architecture_14h_20260917/core/evaluations/cluener_qwen25_7b_base_both_s6100/dev/SUMMARY.json,6c1a7b9235be26e867ae9be4cdc9e884c4a822f275d7e9917ee3884ab0900257
core,cluener,qwen25_7b_base,both,6101,False,0.23623640683945268,0.0972753592650406,1.9494985491037369,0.09375,62.047569803516026,60.19041471679845,/commondocument/wz/cross_encoder_workspace/im_exp/lora/reviewer_followup/model_architecture_14h_20260917/core/checkpoints/cluener_qwen25_7b_base_both_s6101/TRAINING.json,0e0a515a350231793ef7aab560b0617cb06e3c69c36599cb5e12cc082c0fe98c,/commondocument/wz/cross_encoder_workspace/im_exp/lora/reviewer_followup/model_architecture_14h_20260917/core/evaluations/cluener_qwen25_7b_base_both_s6101/dev/SUMMARY.json,079e6ffb06f9f8a5c742aeeea520f00255c15e6d95c8e7da8dd68965b00f1ab1
core,cluener,qwen25_7b_base,both,6102,False,0.2277980917133391,0.1047321594596724,2.1967996284365654,0.109375,62.48715313463515,59.170477842611575,/commondocument/wz/cross_encoder_workspace/im_exp/lora/reviewer_followup/model_architecture_14h_20260917/core/checkpoints/cluener_qwen25_7b_base_both_s6102/TRAINING.json,5158a9f4f7f2f8fce0a28382ff0896243f29405f0f1ed70ef26e3d8bb583a16e,/commondocument/wz/cross_encoder_workspace/im_exp/lora/reviewer_followup/model_architecture_14h_20260917/core/evaluations/cluener_qwen25_7b_base_both_s6102/dev/SUMMARY.json,d579dbe8da76563991f56abbb08937e29915d1f985a95d0aef49851dfe37d68a
core,wikisql,qwen25_7b_base,hidden,7100,True,0.3330025864415802,0.06738105132535566,0.9208897277712822,0.046875,83.59375,81.4453125,/commondocument/wz/cross_encoder_workspace/im_exp/lora/reviewer_followup/model_architecture_14h_20260917/core/anchors/wikisql_qwen25_7b_base_hidden/7100/TRAINING.json,0348e946e643c44ea4eee505ac80cf263b68f6ee5453ba27658e8e6f7f927fa1,/commondocument/wz/cross_encoder_workspace/im_exp/lora/reviewer_followup/model_scaling_20260917/evaluations/wikisql_qwen25_7b_base_hidden_s7100/dev/SUMMARY.json,e7cb01bb80418d3e4a86ba1e89485f3b77f6941c6b6c46fb9401d8d061f32a23
core,wikisql,qwen25_7b_base,hidden,7101,True,0.3374278743285686,0.05488128706929274,0.8811044543981552,0.046875,83.984375,81.8359375,/commondocument/wz/cross_encoder_workspace/im_exp/lora/reviewer_followup/model_architecture_14h_20260917/core/anchors/wikisql_qwen25_7b_base_hidden/7101/TRAINING.json,cd08c18283a355ada4de2b9a1fdeba5091417b97839a2cb6926c7952f0bff29a,/commondocument/wz/cross_encoder_workspace/im_exp/lora/reviewer_followup/model_scaling_20260917/evaluations/wikisql_qwen25_7b_base_hidden_s7101/dev/SUMMARY.json,7fa36c2565013fbd10c2b184b8971a4f0c5e907fb146f1a01872097a839e42ce
core,wikisql,qwen25_7b_base,hidden,7102,True,0.3353496065828949,0.06180306081660092,0.8706962205469608,0.046875,85.546875,81.25,/commondocument/wz/cross_encoder_workspace/im_exp/lora/reviewer_followup/model_architecture_14h_20260917/core/anchors/wikisql_qwen25_7b_base_hidden/7102/TRAINING.json,f73ca046698aec6e8383a5846a46c988e6f32ec834d64d96053705f9c4091c8d,/commondocument/wz/cross_encoder_workspace/im_exp/lora/reviewer_followup/model_scaling_20260917/evaluations/wikisql_qwen25_7b_base_hidden_s7102/dev/SUMMARY.json,6bf957217c14d8883212a24b8a5222813ea46d2d99baaf9ff94fca5f6a6ab6f1
core,wikisql,qwen25_7b_base,hidden,7103,True,0.31661601847736165,0.06256737909279764,0.8862951174378395,0.046875,83.984375,81.4453125,/commondocument/wz/cross_encoder_workspace/im_exp/lora/reviewer_followup/model_architecture_14h_20260917/core/anchors/wikisql_qwen25_7b_base_hidden/7103/TRAINING.json,26b088340b72b2bdf2a15a34092030b291225025ef68918db46bb8076c3304e8,/commondocument/wz/cross_encoder_workspace/im_exp/lora/reviewer_followup/model_scaling_20260917/evaluations/wikisql_qwen25_7b_base_hidden_s7103/dev/SUMMARY.json,502b19cc8c103fdcfb4efae8099923793126f685700722c187c0b8ce1c384dc1
core,wikisql,qwen25_7b_base,hidden,7104,True,0.3263228186988272,0.06587131618289277,0.8776188977062702,0.046875,86.71875,81.4453125,/commondocument/wz/cross_encoder_workspace/im_exp/lora/reviewer_followup/model_architecture_14h_20260917/core/anchors/wikisql_qwen25_7b_base_hidden/7104/TRAINING.json,13b89a692b08ef1ce589467546441b80738000c33e784b0b8037b688941571ed,/commondocument/wz/cross_encoder_workspace/im_exp/lora/reviewer_followup/model_scaling_20260917/evaluations/wikisql_qwen25_7b_base_hidden_s7104/dev/SUMMARY.json,c756448af864e49321ef857f960c0f03be4b4e66ce2ce91836a2679eee8e37fd
core,wikisql,qwen25_7b_base,hidden_budget,7100,True,0.33247974066762254,0.06819310151331592,0.9257221184670925,0.046875,83.203125,81.0546875,/commondocument/wz/cross_encoder_workspace/im_exp/lora/reviewer_followup/model_architecture_14h_20260917/core/anchors/wikisql_qwen25_7b_base_hidden_budget/7100/TRAINING.json,ec69b5e9707b91655274d41f902e4aa10d8db7c9a974d7731cd21a6ab66099eb,/commondocument/wz/cross_encoder_workspace/im_exp/lora/reviewer_followup/model_scaling_20260917/evaluations/wikisql_qwen25_7b_base_hidden_budget_s7100/dev/SUMMARY.json,7286bd11a3afbfef05701b7b7f921f64af907377b98ecf0cba295fc7be39466a
core,wikisql,qwen25_7b_base,hidden_budget,7101,True,0.33730373450089246,0.05476805260695983,0.8874525390565395,0.046875,83.59375,81.8359375,/commondocument/wz/cross_encoder_workspace/im_exp/lora/reviewer_followup/model_architecture_14h_20260917/core/anchors/wikisql_qwen25_7b_base_hidden_budget/7101/TRAINING.json,9c7a8dc05cc90de281b94e3da7fbfb96187d0ed3bdb89c6d742e88a0c6408f5b,/commondocument/wz/cross_encoder_workspace/im_exp/lora/reviewer_followup/model_scaling_20260917/evaluations/wikisql_qwen25_7b_base_hidden_budget_s7101/dev/SUMMARY.json,71d260fd7f094d904009acb1a85fddd825ff312adae67f5ea4ddb20080633943
core,wikisql,qwen25_7b_base,hidden_budget,7102,True,0.33470111366477795,0.061329098462010734,0.8686830997467041,0.046875,85.15625,81.0546875,/commondocument/wz/cross_encoder_workspace/im_exp/lora/reviewer_followup/model_architecture_14h_20260917/core/anchors/wikisql_qwen25_7b_base_hidden_budget/7102/TRAINING.json,99ec2a5d56b9638cfa9ce8cfdaa9914e7774a1dd69c097e11ebee628897a7195,/commondocument/wz/cross_encoder_workspace/im_exp/lora/reviewer_followup/model_scaling_20260917/evaluations/wikisql_qwen25_7b_base_hidden_budget_s7102/dev/SUMMARY.json,8ea9410283d3bce7593969d0fcc4cf166d79a8a9db26d12a5617f749530994b4
core,wikisql,qwen25_7b_base,hidden_budget,7103,True,0.3162132585130166,0.0618423488776898,0.8901123553514481,0.046875,83.984375,81.93359375,/commondocument/wz/cross_encoder_workspace/im_exp/lora/reviewer_followup/model_architecture_14h_20260917/core/anchors/wikisql_qwen25_7b_base_hidden_budget/7103/TRAINING.json,4508f44b82655cc0691efc5f4a0bf14a2908d05d704a9289ccfa7c1979d98f82,/commondocument/wz/cross_encoder_workspace/im_exp/lora/reviewer_followup/model_scaling_20260917/evaluations/wikisql_qwen25_7b_base_hidden_budget_s7103/dev/SUMMARY.json,3456d89cc75800bb7546932627158c75f9682d650c7d653926a358030094f15f
core,wikisql,qwen25_7b_base,hidden_budget,7104,True,0.32576722267549485,0.06584424793254584,0.878086507320404,0.046875,85.9375,81.34765625,/commondocument/wz/cross_encoder_workspace/im_exp/lora/reviewer_followup/model_architecture_14h_20260917/core/anchors/wikisql_qwen25_7b_base_hidden_budget/7104/TRAINING.json,920011b11e216293b0a865e9a93a36ff15fe46b79fc4f599ae309ddd8b60c577,/commondocument/wz/cross_encoder_workspace/im_exp/lora/reviewer_followup/model_scaling_20260917/evaluations/wikisql_qwen25_7b_base_hidden_budget_s7104/dev/SUMMARY.json,bfb01016f40e1be88321aa48e881fde9bf82262a9e17de57920b35c919245d0c
core,wikisql,qwen25_7b_base,hidden_input,7100,False,0.32729487330652773,0.06553487527708057,1.627825528383255,0.0625,83.984375,81.25,/commondocument/wz/cross_encoder_workspace/im_exp/lora/reviewer_followup/model_architecture_14h_20260917/core/checkpoints/wikisql_qwen25_7b_base_hidden_input_s7100/TRAINING.json,77e15e7a62f5b9273c6eb4096dc11c0bbe75ceb2bfec51f7ef8911d25cf7d644,/commondocument/wz/cross_encoder_workspace/im_exp/lora/reviewer_followup/model_architecture_14h_20260917/core/evaluations/wikisql_qwen25_7b_base_hidden_input_s7100/dev/SUMMARY.json,cc1f0aa81a5a3cc8145583277f7d1d8bfdd18351e5d18c3f9b72a63e82d9ae45
core,wikisql,qwen25_7b_base,hidden_input,7101,False,0.3306469130329788,0.054206510874792,1.5475099459290504,0.0625,85.15625,82.91015625,/commondocument/wz/cross_encoder_workspace/im_exp/lora/reviewer_followup/model_architecture_14h_20260917/core/checkpoints/wikisql_qwen25_7b_base_hidden_input_s7101/TRAINING.json,42da2d15da0bef4af54a38a5843af0a2bcc77d5b66ad5fd4f6abd76786af8b67,/commondocument/wz/cross_encoder_workspace/im_exp/lora/reviewer_followup/model_architecture_14h_20260917/core/evaluations/wikisql_qwen25_7b_base_hidden_input_s7101/dev/SUMMARY.json,e2601b6b2ee07e04b6a212c790255a8f920a98feb1e138fdc93cb80045aa1101
core,wikisql,qwen25_7b_base,hidden_input,7102,False,0.3309055199206341,0.06093996195704676,1.5270456597208977,0.0625,85.15625,81.4453125,/commondocument/wz/cross_encoder_workspace/im_exp/lora/reviewer_followup/model_architecture_14h_20260917/core/checkpoints/wikisql_qwen25_7b_base_hidden_input_s7102/TRAINING.json,472e1188ccb30478bbe2503d9b020e0317da5110b56898cd3d37930762567f71,/commondocument/wz/cross_encoder_workspace/im_exp/lora/reviewer_followup/model_architecture_14h_20260917/core/evaluations/wikisql_qwen25_7b_base_hidden_input_s7102/dev/SUMMARY.json,f511ac74509723d8f6838b18b21d30f93d6f8807ca08282abd92b358bf9f22f5
core,wikisql,qwen25_7b_base,hidden_output,7100,False,0.30620729306247085,0.06677679665153846,2.584838181734085,0.078125,84.765625,81.8359375,/commondocument/wz/cross_encoder_workspace/im_exp/lora/reviewer_followup/model_architecture_14h_20260917/core/checkpoints/wikisql_qwen25_7b_base_hidden_output_s7100/TRAINING.json,94a0014dd0553c9fe20f5b639f5e813f1ac08122888f552a457f4c5561c6cdbb,/commondocument/wz/cross_encoder_workspace/im_exp/lora/reviewer_followup/model_architecture_14h_20260917/core/evaluations/wikisql_qwen25_7b_base_hidden_output_s7100/dev/SUMMARY.json,794f6c9ebdf7c91828b0c17ca76f7581167c1744ba7ebea5aeb04c003dd8df09
core,wikisql,qwen25_7b_base,hidden_output,7101,False,0.3119336344534531,0.05517540562141221,2.6951251104474068,0.0625,85.15625,82.32421875,/commondocument/wz/cross_encoder_workspace/im_exp/lora/reviewer_followup/model_architecture_14h_20260917/core/checkpoints/wikisql_qwen25_7b_base_hidden_output_s7101/TRAINING.json,ead8dd2a8120f50b83f6d23d39073d40da425c0b2133d15ee92d0c6dcd69106e,/commondocument/wz/cross_encoder_workspace/im_exp/lora/reviewer_followup/model_architecture_14h_20260917/core/evaluations/wikisql_qwen25_7b_base_hidden_output_s7101/dev/SUMMARY.json,06762e4182d7965eadb8efea9912a2f94858ec8149536d3b98dec8d2e71f2c38
core,wikisql,qwen25_7b_base,hidden_output,7102,False,0.31392611234332435,0.05929406973882578,2.5860505551099777,0.0625,84.765625,81.4453125,/commondocument/wz/cross_encoder_workspace/im_exp/lora/reviewer_followup/model_architecture_14h_20260917/core/checkpoints/wikisql_qwen25_7b_base_hidden_output_s7102/TRAINING.json,1657a6800dc42a689fe878067ef61cabcf3c8def8713d253011346f4b9f9b5b7,/commondocument/wz/cross_encoder_workspace/im_exp/lora/reviewer_followup/model_architecture_14h_20260917/core/evaluations/wikisql_qwen25_7b_base_hidden_output_s7102/dev/SUMMARY.json,41a0c4017a2643d29d55ffcb9cc5dab41618190dd517d3585ea6e5edee1d1368
core,wikisql,qwen25_7b_base,hidden_both,7100,True,0.3045067322673276,0.06352741840237286,2.871786743402481,0.078125,85.546875,82.6171875,/commondocument/wz/cross_encoder_workspace/im_exp/lora/reviewer_followup/model_architecture_14h_20260917/core/anchors/wikisql_qwen25_7b_base_hidden_both/7100/TRAINING.json,28279c5bd592ab5e32366b5c2e6ab7474389c1dd6674eb9ef5cd605ecfef59c9,/commondocument/wz/cross_encoder_workspace/im_exp/lora/reviewer_followup/model_scaling_20260917/evaluations/wikisql_qwen25_7b_base_hidden_both_s7100/dev/SUMMARY.json,d66ce8f1399057729e177d72e9fa22c03edc3394b5c9b4f835e8069c6224954d
core,wikisql,qwen25_7b_base,hidden_both,7101,True,0.3124314070446417,0.05392925374326296,3.028090886771679,0.0625,85.15625,82.8125,/commondocument/wz/cross_encoder_workspace/im_exp/lora/reviewer_followup/model_architecture_14h_20260917/core/anchors/wikisql_qwen25_7b_base_hidden_both/7101/TRAINING.json,bb6127cc79c74ce01925bc91e73d50d15b32cbba93236f498faab65f80f688e8,/commondocument/wz/cross_encoder_workspace/im_exp/lora/reviewer_followup/model_scaling_20260917/evaluations/wikisql_qwen25_7b_base_hidden_both_s7101/dev/SUMMARY.json,cf6e96467114eee0199eae94d3f36b7e9918e5951d93f91664d2149870981b26
core,wikisql,qwen25_7b_base,hidden_both,7102,True,0.3118679933832027,0.0588664011011133,2.8261880427598953,0.0625,85.15625,81.8359375,/commondocument/wz/cross_encoder_workspace/im_exp/lora/reviewer_followup/model_architecture_14h_20260917/core/anchors/wikisql_qwen25_7b_base_hidden_both/7102/TRAINING.json,5d76080e2405b10d4512c24ac9b5b52a8e4577d75191e3b9450a6b19acc8869b,/commondocument/wz/cross_encoder_workspace/im_exp/lora/reviewer_followup/model_scaling_20260917/evaluations/wikisql_qwen25_7b_base_hidden_both_s7102/dev/SUMMARY.json,47990452baa0fc0cfbac32f3fb3f89bffd35ad5f705da2305f13f7d59fafcf31
core,wikisql,qwen25_7b_base,hidden_both,7103,True,0.29134396734298207,0.06314813587232493,2.7357823252677917,0.078125,82.8125,82.03125,/commondocument/wz/cross_encoder_workspace/im_exp/lora/reviewer_followup/model_architecture_14h_20260917/core/anchors/wikisql_qwen25_7b_base_hidden_both/7103/TRAINING.json,7434edb9ba6a2b9cdef845a7c2bc0c7a66b2eed07fbdfdc9117c1ac2bcc1370c,/commondocument/wz/cross_encoder_workspace/im_exp/lora/reviewer_followup/model_scaling_20260917/evaluations/wikisql_qwen25_7b_base_hidden_both_s7103/dev/SUMMARY.json,0ba85b6d56b1963bd04ffb619d3083ad6da3f771c5d2f6b7e0e1da95b570ddd6
core,wikisql,qwen25_7b_base,hidden_both,7104,True,0.2971855135401711,0.06399044246063568,2.627849154174328,0.0625,83.984375,81.34765625,/commondocument/wz/cross_encoder_workspace/im_exp/lora/reviewer_followup/model_architecture_14h_20260917/core/anchors/wikisql_qwen25_7b_base_hidden_both/7104/TRAINING.json,66329c1382b1c6c1bd2fdc4cfefadc9d2a3e64adaff40e8c3e799a4e5788899e,/commondocument/wz/cross_encoder_workspace/im_exp/lora/reviewer_followup/model_scaling_20260917/evaluations/wikisql_qwen25_7b_base_hidden_both_s7104/dev/SUMMARY.json,2cc64a6baec89f88a55d1d6508e5fbf20114df0cee256fb85c94b6a6b9b5cf9c
core,wikisql,qwen25_7b_base,input,7100,False,0.6227194597013295,0.13286562910070643,2.3403263092041016,0.515625,66.015625,62.79296875,/commondocument/wz/cross_encoder_workspace/im_exp/lora/reviewer_followup/model_architecture_14h_20260917/core/checkpoints/wikisql_qwen25_7b_base_input_s7100/TRAINING.json,174aba44ee0ff7dae915c110cb08ac2f8a67c8cf98d02d0e798ccdbb98f476d3,/commondocument/wz/cross_encoder_workspace/im_exp/lora/reviewer_followup/model_architecture_14h_20260917/core/evaluations/wikisql_qwen25_7b_base_input_s7100/dev/SUMMARY.json,18b678d16188facd2f9e124b47783784a0c1fc07fe89028f40fd6a44ef549701
core,wikisql,qwen25_7b_base,input,7101,False,0.6363760810345411,0.11163600522559136,2.4173748195171356,0.5625,67.1875,64.0625,/commondocument/wz/cross_encoder_workspace/im_exp/lora/reviewer_followup/model_architecture_14h_20260917/core/checkpoints/wikisql_qwen25_7b_base_input_s7101/TRAINING.json,0e85cefc92680c256ed1aad703d2637a54655ba714f4effc7d9c749143ca053c,/commondocument/wz/cross_encoder_workspace/im_exp/lora/reviewer_followup/model_architecture_14h_20260917/core/evaluations/wikisql_qwen25_7b_base_input_s7101/dev/SUMMARY.json,38775a76ab05f290a691af5f5c50a9ef21c79533bac1a5c6bdf79b441db6889d
core,wikisql,qwen25_7b_base,input,7102,False,0.6281312168575823,0.12690768635366112,2.360778033733368,0.40625,63.671875,61.71875,/commondocument/wz/cross_encoder_workspace/im_exp/lora/reviewer_followup/model_architecture_14h_20260917/core/checkpoints/wikisql_qwen25_7b_base_input_s7102/TRAINING.json,23842dd9b35fc7d322c86925f01876e068412724461b3debce8dd45785fa8ed7,/commondocument/wz/cross_encoder_workspace/im_exp/lora/reviewer_followup/model_architecture_14h_20260917/core/evaluations/wikisql_qwen25_7b_base_input_s7102/dev/SUMMARY.json,864f06d6dfa596dcb6ece93152f5599fabf40ce678f30bd2af0d3000e818a49a
core,wikisql,qwen25_7b_base,output,7100,False,0.4155982250813395,0.17981905781198293,4.466366872191429,0.234375,55.46875,52.9296875,/commondocument/wz/cross_encoder_workspace/im_exp/lora/reviewer_followup/model_architecture_14h_20260917/core/checkpoints/wikisql_qwen25_7b_base_output_s7100/TRAINING.json,9bbe6b5bf01b9c1f54387bb0a5fb37adf6809ab96ba4c9d7f25c942fafe8cdf9,/commondocument/wz/cross_encoder_workspace/im_exp/lora/reviewer_followup/model_architecture_14h_20260917/core/evaluations/wikisql_qwen25_7b_base_output_s7100/dev/SUMMARY.json,9a98a38f97701c6c577b8ac38c1455912e41a7694612720bc7cda4c2128db98a
core,wikisql,qwen25_7b_base,output,7101,False,0.4441586728207767,0.1599536951398477,4.407463654875755,0.3125,55.859375,51.07421875,/commondocument/wz/cross_encoder_workspace/im_exp/lora/reviewer_followup/model_architecture_14h_20260917/core/checkpoints/wikisql_qwen25_7b_base_output_s7101/TRAINING.json,9ffa2d40088c8a57c168ccf3601105149812ac5ab566937110db4fa5db6725f2,/commondocument/wz/cross_encoder_workspace/im_exp/lora/reviewer_followup/model_architecture_14h_20260917/core/evaluations/wikisql_qwen25_7b_base_output_s7101/dev/SUMMARY.json,556fba91767cb42a7188f8d9db610ae5412caeb5f22e60db427a6c86251f4840
core,wikisql,qwen25_7b_base,output,7102,False,0.44796135765500367,0.16471193270990625,4.5408614575862885,0.34375,54.296875,50.1953125,/commondocument/wz/cross_encoder_workspace/im_exp/lora/reviewer_followup/model_architecture_14h_20260917/core/checkpoints/wikisql_qwen25_7b_base_output_s7102/TRAINING.json,dd588b014c99f98e6466a0d9d35e2892ce81d23d60f84dae09d4053421e4c19a,/commondocument/wz/cross_encoder_workspace/im_exp/lora/reviewer_followup/model_architecture_14h_20260917/core/evaluations/wikisql_qwen25_7b_base_output_s7102/dev/SUMMARY.json,262f2420213c36ba98bfe2cd88bb3ddfd4ed4aa3853aaef9092ccf3cd5ace854
core,wikisql,qwen25_7b_base,both,7100,False,0.3957883372204378,0.11160714784637094,4.267463773488998,0.203125,72.265625,71.484375,/commondocument/wz/cross_encoder_workspace/im_exp/lora/reviewer_followup/model_architecture_14h_20260917/core/checkpoints/wikisql_qwen25_7b_base_both_s7100/TRAINING.json,29e8335d61dc1c591867c645ddada50322162b6d18f341070a103cac5e681d93,/commondocument/wz/cross_encoder_workspace/im_exp/lora/reviewer_followup/model_architecture_14h_20260917/core/evaluations/wikisql_qwen25_7b_base_both_s7100/dev/SUMMARY.json,8c92a268f8a1d3918bb55caac68344ed394a42a3dff2194816a2c39b13c516c1
core,wikisql,qwen25_7b_base,both,7101,False,0.42329073790460825,0.09323550201952457,4.397836774587631,0.265625,75.78125,70.1171875,/commondocument/wz/cross_encoder_workspace/im_exp/lora/reviewer_followup/model_architecture_14h_20260917/core/checkpoints/wikisql_qwen25_7b_base_both_s7101/TRAINING.json,f4e9a6a96ad5872222dcaf2429697870c98a9643238c01a925d836560b6339de,/commondocument/wz/cross_encoder_workspace/im_exp/lora/reviewer_followup/model_architecture_14h_20260917/core/evaluations/wikisql_qwen25_7b_base_both_s7101/dev/SUMMARY.json,93eb799be92aa007a7ae6a1f636d121e8be17a203b8a2b0280bb3d110a3660d1
core,wikisql,qwen25_7b_base,both,7102,False,0.41870802897028625,0.10416846614680253,4.084005251526833,0.25,72.265625,69.7265625,/commondocument/wz/cross_encoder_workspace/im_exp/lora/reviewer_followup/model_architecture_14h_20260917/core/checkpoints/wikisql_qwen25_7b_base_both_s7102/TRAINING.json,d5e248e3baed479aaf1cbe424e0d8d7d0f6846529736e0410c023811d4cbc6f6,/commondocument/wz/cross_encoder_workspace/im_exp/lora/reviewer_followup/model_architecture_14h_20260917/core/evaluations/wikisql_qwen25_7b_base_both_s7102/dev/SUMMARY.json,4ba73c9c733f385b5ebd8907bcb25f109f3b3ac6d845a789248883559f8dcc3e
core,cluener,qwen3_06b_base,hidden,6100,True,0.37799829377036076,0.1164139076754509,1.495051071047783,0.09375,,60.476190476190474,/commondocument/wz/cross_encoder_workspace/im_exp/lora/reviewer_followup/model_architecture_14h_20260917/core/anchors/cluener_qwen3_06b_base_hidden/6100/TRAINING.json,d5e6e143d1a572455503a18531bd1cec825b4b705ef6a5579f8c13e6d729737e,,
core,cluener,qwen3_06b_base,hidden,6101,True,0.4115530985582154,0.09923890949721681,1.63264711946249,0.09375,,61.029759093056214,/commondocument/wz/cross_encoder_workspace/im_exp/lora/reviewer_followup/model_architecture_14h_20260917/core/anchors/cluener_qwen3_06b_base_hidden/6101/TRAINING.json,b8543ea69c9f4ec95292c4a286e3e4028c464d0f394155177f25851261ce46cf,,
core,cluener,qwen3_06b_base,hidden,6102,True,0.37791545916115865,0.10395193588919938,1.4477834850549698,0.09375,,61.418326693227094,/commondocument/wz/cross_encoder_workspace/im_exp/lora/reviewer_followup/model_architecture_14h_20260917/core/anchors/cluener_qwen3_06b_base_hidden/6102/TRAINING.json,60f5c5dc0c076b6392c6245fdb09b236296c0fd3722cc9c705caa0bbf367f97a,,
core,cluener,qwen3_06b_base,hidden_budget,6100,True,0.3764287250523921,0.11540064016298857,1.4848688170313835,0.09375,,60.761112887751835,/commondocument/wz/cross_encoder_workspace/im_exp/lora/reviewer_followup/model_architecture_14h_20260917/core/anchors/cluener_qwen3_06b_base_hidden_budget/6100/TRAINING.json,e0165ceaf10ca2fd5116415047e2502a549f90e23b745ebb90a39cdeacfe21d6,,
core,cluener,qwen3_06b_base,hidden_budget,6101,True,0.41007580523728393,0.09879550493496936,1.6355255171656609,0.09375,,60.97867001254705,/commondocument/wz/cross_encoder_workspace/im_exp/lora/reviewer_followup/model_architecture_14h_20260917/core/anchors/cluener_qwen3_06b_base_hidden_budget/6101/TRAINING.json,a1d92a6491ae7db5cd9e5d8a5ec19d2fff811a7d74c35261be62fd720ce2f24e,,
core,cluener,qwen3_06b_base,hidden_budget,6102,True,0.37726952746743336,0.1036517108877888,1.4611058756709099,0.09375,,61.691542288557216,/commondocument/wz/cross_encoder_workspace/im_exp/lora/reviewer_followup/model_architecture_14h_20260917/core/anchors/cluener_qwen3_06b_base_hidden_budget/6102/TRAINING.json,18a704d3e387948ebba18a4a0172d7add5a8fcd6b5273c7c9a34bdd19eeaf613,,
core,cluener,qwen3_06b_base,hidden_input,6100,False,0.36942072659439873,0.11363612199784257,2.3349757194519043,0.3125,61.67846309403438,60.636463395516536,/commondocument/wz/cross_encoder_workspace/im_exp/lora/reviewer_followup/model_architecture_14h_20260917/core/checkpoints/cluener_qwen3_06b_base_hidden_input_s6100/TRAINING.json,fd5132e8e8a9d41d31cfc090d85d6e75454930bee04c58fbec2d01769a20c6b1,/commondocument/wz/cross_encoder_workspace/im_exp/lora/reviewer_followup/model_architecture_14h_20260917/core/evaluations/cluener_qwen3_06b_base_hidden_input_s6100/dev/SUMMARY.json,b1a786691b4615b343b45eb418fd0d329a160badd9cd7c896e20a8ec883339b7
core,cluener,qwen3_06b_base,hidden_input,6101,False,0.403867371060187,0.09535234024224337,2.6810223162174225,0.28125,62.10418794688458,61.924161704794734,/commondocument/wz/cross_encoder_workspace/im_exp/lora/reviewer_followup/model_architecture_14h_20260917/core/checkpoints/cluener_qwen3_06b_base_hidden_input_s6101/TRAINING.json,c63daa6dac75c391538c28343f73d60a44c9ce3ac45a6d9144cad9b6f44483dd,/commondocument/wz/cross_encoder_workspace/im_exp/lora/reviewer_followup/model_architecture_14h_20260917/core/evaluations/cluener_qwen3_06b_base_hidden_input_s6101/dev/SUMMARY.json,01f6fce7f8a767f3d3aac543dc0442a2d815f37c0d2ec3dcd7586e9f305d5c5c
core,cluener,qwen3_06b_base,hidden_input,6102,False,0.37066755851265043,0.10091465130244615,2.3286307007074356,0.34375,63.80368098159509,61.589613679544016,/commondocument/wz/cross_encoder_workspace/im_exp/lora/reviewer_followup/model_architecture_14h_20260917/core/checkpoints/cluener_qwen3_06b_base_hidden_input_s6102/TRAINING.json,6924b106468b8e2ea45a38e72e4f56a80c20733668f4b686fb6472f257ee0700,/commondocument/wz/cross_encoder_workspace/im_exp/lora/reviewer_followup/model_architecture_14h_20260917/core/evaluations/cluener_qwen3_06b_base_hidden_input_s6102/dev/SUMMARY.json,56b4e9af49c047b96a1645d194d54bb97d21bbeeee7cbb3abe9a11d988c5726b
core,cluener,qwen3_06b_base,hidden_output,6100,False,0.36603298925911076,0.11269835185157717,2.28951732814312,0.1875,61.412487205731836,60.94758381866835,/commondocument/wz/cross_encoder_workspace/im_exp/lora/reviewer_followup/model_architecture_14h_20260917/core/checkpoints/cluener_qwen3_06b_base_hidden_output_s6100/TRAINING.json,052a8962a1b1933f8d8e9cceb7d11d8ea3ce294d28b641d0825df6cc132555a6,/commondocument/wz/cross_encoder_workspace/im_exp/lora/reviewer_followup/model_architecture_14h_20260917/core/evaluations/cluener_qwen3_06b_base_hidden_output_s6100/dev/SUMMARY.json,b759ea0ddae7fb9a2e77fba9f867da7bc7682391eee6e5d58386b3927c61f89e
core,cluener,qwen3_06b_base,hidden_output,6101,False,0.3954097288660705,0.09566666393220657,2.6783062517642975,0.109375,65.2218782249742,62.749445676274945,/commondocument/wz/cross_encoder_workspace/im_exp/lora/reviewer_followup/model_architecture_14h_20260917/core/checkpoints/cluener_qwen3_06b_base_hidden_output_s6101/TRAINING.json,5f6e027dd4ab20a5f76c55323d43a31ddd19b09e5310e6465867d7d1237ace51,/commondocument/wz/cross_encoder_workspace/im_exp/lora/reviewer_followup/model_architecture_14h_20260917/core/evaluations/cluener_qwen3_06b_base_hidden_output_s6101/dev/SUMMARY.json,f8ff2e30ad79152506e6a6c27d432ceb724e167025bc028c68f7ed3af60dde4f
core,cluener,qwen3_06b_base,hidden_output,6102,False,0.36049929237924516,0.10023577425454278,2.1647007539868355,0.15625,64.84784889821616,63.09504598999516,/commondocument/wz/cross_encoder_workspace/im_exp/lora/reviewer_followup/model_architecture_14h_20260917/core/checkpoints/cluener_qwen3_06b_base_hidden_output_s6102/TRAINING.json,199badbe408665a087737144016f0e496e2aec81343aa1ec9d3d7e5891a4f6b3,/commondocument/wz/cross_encoder_workspace/im_exp/lora/reviewer_followup/model_architecture_14h_20260917/core/evaluations/cluener_qwen3_06b_base_hidden_output_s6102/dev/SUMMARY.json,f8cec33947696b8503af739626e9885671633861c0c8e61812b2854bf6056232
core,cluener,qwen3_06b_base,hidden_both,6100,True,0.36052512229071,0.11057209628597775,2.8967456370592117,0.4375,,60.887222742892845,/commondocument/wz/cross_encoder_workspace/im_exp/lora/reviewer_followup/model_architecture_14h_20260917/core/anchors/cluener_qwen3_06b_base_hidden_both/6100/TRAINING.json,2509d2f0aeb22333e97694048aa0e8c87fe7faf4d7161f310ff0b48a6c62e316,,
core,cluener,qwen3_06b_base,hidden_both,6101,True,0.39075023523764685,0.09369362187135266,3.392626777291298,0.421875,,62.58309591642925,/commondocument/wz/cross_encoder_workspace/im_exp/lora/reviewer_followup/model_architecture_14h_20260917/core/anchors/cluener_qwen3_06b_base_hidden_both/6101/TRAINING.json,5aa0d8dfa169cf7fdd1bd02697b2fd01e44f9af5f66790e993f7e56d4d2ac268,,
core,cluener,qwen3_06b_base,hidden_both,6102,True,0.35488951287698,0.09826313006487908,2.70602123439312,0.40625,,62.63074484944533,/commondocument/wz/cross_encoder_workspace/im_exp/lora/reviewer_followup/model_architecture_14h_20260917/core/anchors/cluener_qwen3_06b_base_hidden_both/6102/TRAINING.json,b088354dc108f7855053397241f541ae4a92e26d3e64e576d80c8cbd1ce8b5b8,,
core,cluener,qwen3_06b_base,input,6100,True,0.6034748735837638,0.21905092074302956,2.9955840408802032,1.0,,28.895265423242467,/commondocument/wz/cross_encoder_workspace/im_exp/lora/reviewer_followup/model_architecture_14h_20260917/core/anchors/cluener_qwen3_06b_base_input/6100/TRAINING.json,dacfa47e0553b0cbbf8248e77721db7b05279132ab96c786d5785687f843b19d,,
core,cluener,qwen3_06b_base,input,6101,True,0.6256195693276823,0.20000297160004266,3.1203205287456512,1.0,,31.01034692635423,/commondocument/wz/cross_encoder_workspace/im_exp/lora/reviewer_followup/model_architecture_14h_20260917/core/anchors/cluener_qwen3_06b_base_input/6101/TRAINING.json,47244bc83c6e4d3b2de9386b666a1196bbe8e650264745898f531e15af7a2be9,,
core,cluener,qwen3_06b_base,input,6102,True,0.6038398549426347,0.20762304158415645,2.9111227095127106,1.0,,30.963233059860226,/commondocument/wz/cross_encoder_workspace/im_exp/lora/reviewer_followup/model_architecture_14h_20260917/core/anchors/cluener_qwen3_06b_base_input/6102/TRAINING.json,4c70d071fb31b037b977fd83b7f5e35de33e1c82f2cda0b1aa622c35ceb2d59a,,
core,cluener,qwen3_06b_base,output,6100,True,0.5415414851158857,0.25101993524003774,3.5452249348163605,0.390625,,19.25580252978018,/commondocument/wz/cross_encoder_workspace/im_exp/lora/reviewer_followup/model_architecture_14h_20260917/core/anchors/cluener_qwen3_06b_base_output/6100/TRAINING.json,24a016787026df99e7bae58369c38247317dc807ba62c7ab134e06577bdbabb6,,
core,cluener,qwen3_06b_base,output,6101,True,0.5540600910317153,0.2353588097030297,4.29923802614212,0.453125,,19.07864122847836,/commondocument/wz/cross_encoder_workspace/im_exp/lora/reviewer_followup/model_architecture_14h_20260917/core/anchors/cluener_qwen3_06b_base_output/6101/TRAINING.json,8e8ffe26af6e3aef977a4c3da86bf391cad1266bb704b18312551f48dc7580ce,,
core,cluener,qwen3_06b_base,output,6102,True,0.5301814905833453,0.23166497063357383,3.749625325202942,0.328125,,18.014010897364617,/commondocument/wz/cross_encoder_workspace/im_exp/lora/reviewer_followup/model_architecture_14h_20260917/core/anchors/cluener_qwen3_06b_base_output/6102/TRAINING.json,52a5f146f76afbd4769caddbc546bf823592c45ebf14493ec4d281701b3d767c,,
core,cluener,qwen3_06b_base,both,6100,False,0.4843425406143069,0.19256679620593786,4.039846330881119,0.953125,36.54916512059369,36.311322111926344,/commondocument/wz/cross_encoder_workspace/im_exp/lora/reviewer_followup/model_architecture_14h_20260917/core/checkpoints/cluener_qwen3_06b_base_both_s6100/TRAINING.json,43a0aa7be72df291da7e33b927c834c5f2944ec6dad081b6d1248b41fb71dc8d,/commondocument/wz/cross_encoder_workspace/im_exp/lora/reviewer_followup/model_architecture_14h_20260917/core/evaluations/cluener_qwen3_06b_base_both_s6100/dev/SUMMARY.json,2d10b0a3e611e2757b9a9a8a536921db9bd7900125ed3e72b77bce142a627527
core,cluener,qwen3_06b_base,both,6101,False,0.501137568091508,0.17376684199552983,4.564725011587143,1.0,38.19095477386934,37.35432117451188,/commondocument/wz/cross_encoder_workspace/im_exp/lora/reviewer_followup/model_architecture_14h_20260917/core/checkpoints/cluener_qwen3_06b_base_both_s6101/TRAINING.json,a21e8fc0e2079ea87e325ab5be34698b758c6a4fe76baca8432894bb4bca8e07,/commondocument/wz/cross_encoder_workspace/im_exp/lora/reviewer_followup/model_architecture_14h_20260917/core/evaluations/cluener_qwen3_06b_base_both_s6101/dev/SUMMARY.json,b66bb0f5a3a01f71781dc80370f798502102b2b7b9a243f3f029a7fbeecd6eb8
core,cluener,qwen3_06b_base,both,6102,False,0.4789511940907687,0.17721742461435497,4.020959138870239,0.96875,40.2659069325736,38.01101768628588,/commondocument/wz/cross_encoder_workspace/im_exp/lora/reviewer_followup/model_architecture_14h_20260917/core/checkpoints/cluener_qwen3_06b_base_both_s6102/TRAINING.json,11f740ffecd6abb45e181ff22bed6fd44a12faa9d1d6d84b9bd534c7e311b4e1,/commondocument/wz/cross_encoder_workspace/im_exp/lora/reviewer_followup/model_architecture_14h_20260917/core/evaluations/cluener_qwen3_06b_base_both_s6102/dev/SUMMARY.json,4a7f5914cd541d57798b236ae6cd5cc931770e8638f8c17b69ac913e9a2f98ee
core,wikisql,qwen3_06b_base,hidden,7100,True,0.5682504542637616,0.10163320158608258,2.057922013103962,0.15625,76.171875,72.55859375,/commondocument/wz/cross_encoder_workspace/im_exp/lora/reviewer_followup/model_architecture_14h_20260917/core/anchors/wikisql_qwen3_06b_base_hidden/7100/TRAINING.json,8b223d2daa7e59790f7a4c8122435a1a8a0c92c0f81a75bebb819dab5918e1c3,/commondocument/wz/cross_encoder_workspace/im_exp/lora/reviewer_followup/downstream_transfer_20260917/evaluations/wikisql_qwen3_06b_base_hidden_s7100/dev/SUMMARY.json,bff254cc50e5d3ff0cf8d69b72e53fef8b6eaa89be6f0a44e0b995780fb9f509
core,wikisql,qwen3_06b_base,hidden,7101,True,0.5746491895988584,0.09729325500666164,2.136224642395973,0.171875,74.609375,70.01953125,/commondocument/wz/cross_encoder_workspace/im_exp/lora/reviewer_followup/model_architecture_14h_20260917/core/anchors/wikisql_qwen3_06b_base_hidden/7101/TRAINING.json,a0c128bc89d792b33553885087e68d7576b1bb99165a3efac403fa4cc444df54,/commondocument/wz/cross_encoder_workspace/im_exp/lora/reviewer_followup/downstream_transfer_20260917/evaluations/wikisql_qwen3_06b_base_hidden_s7101/dev/SUMMARY.json,cd95614d4416722358effd1d87608d61dfc8acb17f48bc5da2273e0ec8368dcd
core,wikisql,qwen3_06b_base,hidden,7102,True,0.5497284103184938,0.09471925615798682,2.1126443445682526,0.1875,76.171875,70.3125,/commondocument/wz/cross_encoder_workspace/im_exp/lora/reviewer_followup/model_architecture_14h_20260917/core/anchors/wikisql_qwen3_06b_base_hidden/7102/TRAINING.json,ebea189c3816c439fc1d86ea4c76b990c5940d252653ec3956c5f36fd134e393,/commondocument/wz/cross_encoder_workspace/im_exp/lora/reviewer_followup/downstream_transfer_20260917/evaluations/wikisql_qwen3_06b_base_hidden_s7102/dev/SUMMARY.json,14206585632ec560438cef8ae1204cc87e859618cc3602a1004c476862e1b223
core,wikisql,qwen3_06b_base,hidden_budget,7100,True,0.5664511546492577,0.10211535228881985,2.0768426284193993,0.21875,75.0,72.4609375,/commondocument/wz/cross_encoder_workspace/im_exp/lora/reviewer_followup/model_architecture_14h_20260917/core/anchors/wikisql_qwen3_06b_base_hidden_budget/7100/TRAINING.json,e81db4ae81adbb66ff50e7714ed3c7fae75ab1a865f09e9f5fdefe23185cbdbd,/commondocument/wz/cross_encoder_workspace/im_exp/lora/reviewer_followup/downstream_transfer_20260917/evaluations/wikisql_qwen3_06b_base_hidden_budget_s7100/dev/SUMMARY.json,ca630649471a07339663da0c4a8e7a943f88baea609d365ec8ae51ad216acb91
core,wikisql,qwen3_06b_base,hidden_budget,7101,True,0.5740419747307897,0.09672587746172212,2.1556741073727608,0.1875,74.609375,70.3125,/commondocument/wz/cross_encoder_workspace/im_exp/lora/reviewer_followup/model_architecture_14h_20260917/core/anchors/wikisql_qwen3_06b_base_hidden_budget/7101/TRAINING.json,bbe4f713da4c560e3eb9d43ca021f82b130bf4f997740d93f4be5fa9fe6d39e1,/commondocument/wz/cross_encoder_workspace/im_exp/lora/reviewer_followup/downstream_transfer_20260917/evaluations/wikisql_qwen3_06b_base_hidden_budget_s7101/dev/SUMMARY.json,acfd06a9c644e88bbcf568b1198faedd64cbd4e7a6e0bf03e9b415460b6c2876
core,wikisql,qwen3_06b_base,hidden_budget,7102,True,0.5488703579176217,0.09470606333343312,2.12428180873394,0.1875,75.0,70.8984375,/commondocument/wz/cross_encoder_workspace/im_exp/lora/reviewer_followup/model_architecture_14h_20260917/core/anchors/wikisql_qwen3_06b_base_hidden_budget/7102/TRAINING.json,40eb952aa1947d86b9e1d8f54e4c5ae9c3f7ab3895f9741554550faa23485ad5,/commondocument/wz/cross_encoder_workspace/im_exp/lora/reviewer_followup/downstream_transfer_20260917/evaluations/wikisql_qwen3_06b_base_hidden_budget_s7102/dev/SUMMARY.json,261633b5d1957757b2476df94d6c48e06cf0438b7bf2f38df2988b6e50bbbc35
core,wikisql,qwen3_06b_base,hidden_input,7100,False,0.5576108621899039,0.1013377160707023,3.4732993692159653,0.5625,75.0,72.265625,/commondocument/wz/cross_encoder_workspace/im_exp/lora/reviewer_followup/model_architecture_14h_20260917/core/checkpoints/wikisql_qwen3_06b_base_hidden_input_s7100/TRAINING.json,46945dcae333a30cb06460a4b48437950a870c5920eed923145b86f076d2a9c2,/commondocument/wz/cross_encoder_workspace/im_exp/lora/reviewer_followup/model_architecture_14h_20260917/core/evaluations/wikisql_qwen3_06b_base_hidden_input_s7100/dev/SUMMARY.json,2880b4159c746c85907b8c6f68735668b250d20de5182e41b09d1c13e4d5c96f
core,wikisql,qwen3_06b_base,hidden_input,7101,False,0.5595507163088769,0.09111954475520179,3.539547100663185,0.546875,76.171875,71.38671875,/commondocument/wz/cross_encoder_workspace/im_exp/lora/reviewer_followup/model_architecture_14h_20260917/core/checkpoints/wikisql_qwen3_06b_base_hidden_input_s7101/TRAINING.json,87cf645f06e5c7dd71a96b8eaeb3dfd0e788b16aaab0c1370b4609169ee83d1a,/commondocument/wz/cross_encoder_workspace/im_exp/lora/reviewer_followup/model_architecture_14h_20260917/core/evaluations/wikisql_qwen3_06b_base_hidden_input_s7101/dev/SUMMARY.json,24a477b2dd1cd0a08baabc83f97ed6dae3ef9ce024e34e76870195ece530bd5e
core,wikisql,qwen3_06b_base,hidden_input,7102,False,0.5397346079116687,0.09129961926373653,3.629962280392647,0.609375,75.78125,70.60546875,/commondocument/wz/cross_encoder_workspace/im_exp/lora/reviewer_followup/model_architecture_14h_20260917/core/checkpoints/wikisql_qwen3_06b_base_hidden_input_s7102/TRAINING.json,cccc56abec1f8b81ff6f45618f43a8ac138761d7308964da0d3cf4c679aac935,/commondocument/wz/cross_encoder_workspace/im_exp/lora/reviewer_followup/model_architecture_14h_20260917/core/evaluations/wikisql_qwen3_06b_base_hidden_input_s7102/dev/SUMMARY.json,6a831ee32e675eecd2660e53be56c460510efa6afd9850e8a0ff5d7989d9911b
core,wikisql,qwen3_06b_base,hidden_output,7100,False,0.548956910148263,0.10149495289078914,3.2368051558732986,0.25,75.78125,73.046875,/commondocument/wz/cross_encoder_workspace/im_exp/lora/reviewer_followup/model_architecture_14h_20260917/core/checkpoints/wikisql_qwen3_06b_base_hidden_output_s7100/TRAINING.json,a2a2c3847dd1b5ad0f6ebb6a42770c6aed033dfad989693dbb27a92f7722f609,/commondocument/wz/cross_encoder_workspace/im_exp/lora/reviewer_followup/model_architecture_14h_20260917/core/evaluations/wikisql_qwen3_06b_base_hidden_output_s7100/dev/SUMMARY.json,59e27633cb7a98404260f2d7308b4ce781c591384eb7273cb858cd9e2a470d03
core,wikisql,qwen3_06b_base,hidden_output,7101,False,0.5523969014175236,0.09188832207291853,3.217492774128914,0.28125,76.5625,70.80078125,/commondocument/wz/cross_encoder_workspace/im_exp/lora/reviewer_followup/model_architecture_14h_20260917/core/checkpoints/wikisql_qwen3_06b_base_hidden_output_s7101/TRAINING.json,d10ba48c62cc0783cefaf44e53115450305006a54a99bee0cefcfffb4adbca2f,/commondocument/wz/cross_encoder_workspace/im_exp/lora/reviewer_followup/model_architecture_14h_20260917/core/evaluations/wikisql_qwen3_06b_base_hidden_output_s7101/dev/SUMMARY.json,02f9ffab9d1628a354a4617e7b1bb9901a3ebea4807bef0b9cafa52b4107f7ee
core,wikisql,qwen3_06b_base,hidden_output,7102,False,0.5322873764671385,0.09301575939753093,3.383100152015686,0.296875,75.78125,71.2890625,/commondocument/wz/cross_encoder_workspace/im_exp/lora/reviewer_followup/model_architecture_14h_20260917/core/checkpoints/wikisql_qwen3_06b_base_hidden_output_s7102/TRAINING.json,6b30c9a44e5522350077ce92d6a821ef2d1918a55da7706324041a8ab43109d6,/commondocument/wz/cross_encoder_workspace/im_exp/lora/reviewer_followup/model_architecture_14h_20260917/core/evaluations/wikisql_qwen3_06b_base_hidden_output_s7102/dev/SUMMARY.json,eea66e029e14735730221a8bf855c6eeedcf209b12a69874540891d01202160c
core,wikisql,qwen3_06b_base,hidden_both,7100,True,0.5417283652350307,0.09899789281189442,4.167068153619766,0.625,74.609375,73.4375,/commondocument/wz/cross_encoder_workspace/im_exp/lora/reviewer_followup/model_architecture_14h_20260917/core/anchors/wikisql_qwen3_06b_base_hidden_both/7100/TRAINING.json,241256f50f451125800ea9e0bbc175da47cc82d5ccc381b8c9b4da2bf003d86d,/commondocument/wz/cross_encoder_workspace/im_exp/lora/reviewer_followup/downstream_transfer_20260917/evaluations/wikisql_qwen3_06b_base_hidden_both_s7100/dev/SUMMARY.json,859f0a538b201c9434078551fa829ff7c9258c9b1c530158e1fc0cb002a11718
core,wikisql,qwen3_06b_base,hidden_both,7101,True,0.5415839056950063,0.08952558229793794,4.177495300769806,0.53125,75.78125,71.2890625,/commondocument/wz/cross_encoder_workspace/im_exp/lora/reviewer_followup/model_architecture_14h_20260917/core/anchors/wikisql_qwen3_06b_base_hidden_both/7101/TRAINING.json,72d9cb34d64fb3fec521badc438e66213110508a33b67e86e945755ae2ac08c3,/commondocument/wz/cross_encoder_workspace/im_exp/lora/reviewer_followup/downstream_transfer_20260917/evaluations/wikisql_qwen3_06b_base_hidden_both_s7101/dev/SUMMARY.json,e4e8f0d7d8e3d82d032e456ed79228a850f0159a86c5fb590443cc93a1828b20
core,wikisql,qwen3_06b_base,hidden_both,7102,True,0.5238368073478341,0.0903714626620058,4.420542746782303,0.609375,76.171875,72.4609375,/commondocument/wz/cross_encoder_workspace/im_exp/lora/reviewer_followup/model_architecture_14h_20260917/core/anchors/wikisql_qwen3_06b_base_hidden_both/7102/TRAINING.json,ae25cb1c7241e056ce321980a0fc7f582d76d1c501f3248139440f2050d72b60,/commondocument/wz/cross_encoder_workspace/im_exp/lora/reviewer_followup/downstream_transfer_20260917/evaluations/wikisql_qwen3_06b_base_hidden_both_s7102/dev/SUMMARY.json,f42d7503ffbc46381711ade917d40b582237b75d9343f9cbab04f8116660cf7b
core,wikisql,qwen3_06b_base,input,7100,False,0.8998529566451907,0.32726076571270823,4.840680867433548,1.0,17.1875,14.35546875,/commondocument/wz/cross_encoder_workspace/im_exp/lora/reviewer_followup/model_architecture_14h_20260917/core/checkpoints/wikisql_qwen3_06b_base_input_s7100/TRAINING.json,0df1f76597d7787f43d2b8edb286f1872418c628536735c37792441ee8833b56,/commondocument/wz/cross_encoder_workspace/im_exp/lora/reviewer_followup/model_architecture_14h_20260917/core/evaluations/wikisql_qwen3_06b_base_input_s7100/dev/SUMMARY.json,0228e8261e0bc473ce9695e9a14199143ac15bea7e361f51fa37cc11540c4778
core,wikisql,qwen3_06b_base,input,7101,False,0.8975598765537143,0.3304623942822218,4.966285943984985,1.0,17.578125,15.13671875,/commondocument/wz/cross_encoder_workspace/im_exp/lora/reviewer_followup/model_architecture_14h_20260917/core/checkpoints/wikisql_qwen3_06b_base_input_s7101/TRAINING.json,b28bb4308688be6f3311a308e1dcb5ba9c98941aed00135307a3bae2d7be9292,/commondocument/wz/cross_encoder_workspace/im_exp/lora/reviewer_followup/model_architecture_14h_20260917/core/evaluations/wikisql_qwen3_06b_base_input_s7101/dev/SUMMARY.json,4674fd3a884d5e461f1115633c2e0a4546ee1f85476b068c1e134a7e61065e56
core,wikisql,qwen3_06b_base,input,7102,False,0.875168259255588,0.3250500352587551,4.979577720165253,1.0,17.96875,13.4765625,/commondocument/wz/cross_encoder_workspace/im_exp/lora/reviewer_followup/model_architecture_14h_20260917/core/checkpoints/wikisql_qwen3_06b_base_input_s7102/TRAINING.json,c596b0899dc638b092a38851372591fe4b34eb26dcfc60cec5e5d74f30b26e32,/commondocument/wz/cross_encoder_workspace/im_exp/lora/reviewer_followup/model_architecture_14h_20260917/core/evaluations/wikisql_qwen3_06b_base_input_s7102/dev/SUMMARY.json,95424e2b19ab934cf01961ac0baec3dc7a935e3fac3fde9c5764c51a17f74f03
core,wikisql,qwen3_06b_base,output,7100,False,0.8197957091033459,0.4009320018813014,4.874329537153244,0.5,3.515625,3.7109375,/commondocument/wz/cross_encoder_workspace/im_exp/lora/reviewer_followup/model_architecture_14h_20260917/core/checkpoints/wikisql_qwen3_06b_base_output_s7100/TRAINING.json,81b106b250c379bc67c863a45af9aecc206c5c6f844a58835a88a2c99ef9f210,/commondocument/wz/cross_encoder_workspace/im_exp/lora/reviewer_followup/model_architecture_14h_20260917/core/evaluations/wikisql_qwen3_06b_base_output_s7100/dev/SUMMARY.json,f43dc934fa4197fd5bf34be7acc604ef6e63bad145bb1c1cb0d71f6e0458fef1
core,wikisql,qwen3_06b_base,output,7101,False,0.829242265317589,0.39928355044685304,4.730913460254669,0.578125,2.34375,4.296875,/commondocument/wz/cross_encoder_workspace/im_exp/lora/reviewer_followup/model_architecture_14h_20260917/core/checkpoints/wikisql_qwen3_06b_base_output_s7101/TRAINING.json,fad068d77a14254009474ddfd645f5c1328fddffbfd51b0fdd660efd0737930a,/commondocument/wz/cross_encoder_workspace/im_exp/lora/reviewer_followup/model_architecture_14h_20260917/core/evaluations/wikisql_qwen3_06b_base_output_s7101/dev/SUMMARY.json,30f40c37bb18297b9c3288066f507c0abbb0e3799e99a19f1961aed243b416ec
core,wikisql,qwen3_06b_base,output,7102,False,0.8047842662781477,0.3845783928409219,5.051608085632324,0.609375,3.515625,3.3203125,/commondocument/wz/cross_encoder_workspace/im_exp/lora/reviewer_followup/model_architecture_14h_20260917/core/checkpoints/wikisql_qwen3_06b_base_output_s7102/TRAINING.json,ac8f15f1da9c4a2f85857f541ccbc7a0bbdf95ce219ebb73980169d54029d6f6,/commondocument/wz/cross_encoder_workspace/im_exp/lora/reviewer_followup/model_architecture_14h_20260917/core/evaluations/wikisql_qwen3_06b_base_output_s7102/dev/SUMMARY.json,a9cbd64f417eef9f507b183e0c8adf807fd1e8ff6c659b0d45f0b4239a02fc66
core,wikisql,qwen3_06b_base,both,7100,False,0.738211449701339,0.27509295637719333,5.463388174772263,1.0,23.4375,19.62890625,/commondocument/wz/cross_encoder_workspace/im_exp/lora/reviewer_followup/model_architecture_14h_20260917/core/checkpoints/wikisql_qwen3_06b_base_both_s7100/TRAINING.json,e2d1317b7c35cf39f4c5259a8fb740fefc8f277e7b01c1e065c4cc975f60aa9f,/commondocument/wz/cross_encoder_workspace/im_exp/lora/reviewer_followup/model_architecture_14h_20260917/core/evaluations/wikisql_qwen3_06b_base_both_s7100/dev/SUMMARY.json,239126ae095252c9be7b45e718f9d65cc6cc3a8f000056c090277ff5c29160d1
core,wikisql,qwen3_06b_base,both,7101,False,0.7401038790121675,0.2786213883664459,5.412198603153229,1.0,21.484375,19.140625,/commondocument/wz/cross_encoder_workspace/im_exp/lora/reviewer_followup/model_architecture_14h_20260917/core/checkpoints/wikisql_qwen3_06b_base_both_s7101/TRAINING.json,41145536c44bcc74aea75fd8c71b33fdb4b052195e2f2a0c0ca9a066d9a06fe6,/commondocument/wz/cross_encoder_workspace/im_exp/lora/reviewer_followup/model_architecture_14h_20260917/core/evaluations/wikisql_qwen3_06b_base_both_s7101/dev/SUMMARY.json,8804d3327765d998f29e87487fdfb62190e6fa1dbad0d4d89b131ec612c14547
core,wikisql,qwen3_06b_base,both,7102,False,0.7171527477912605,0.27119432704057544,5.687022566795349,1.0,17.1875,18.5546875,/commondocument/wz/cross_encoder_workspace/im_exp/lora/reviewer_followup/model_architecture_14h_20260917/core/checkpoints/wikisql_qwen3_06b_base_both_s7102/TRAINING.json,771b40beeef3bad165bd46e0e7675a42b2dbc032a77550913c99d3f59577ab88,/commondocument/wz/cross_encoder_workspace/im_exp/lora/reviewer_followup/model_architecture_14h_20260917/core/evaluations/wikisql_qwen3_06b_base_both_s7102/dev/SUMMARY.json,08746dbc3a59b760e07811c8170242ea5cae4c17e8e49f7d1355b75a548f2e3f
core,cluener,qwen3_17b_base,hidden,6100,False,0.29749265595455654,0.10673412427058793,0.6997284777462482,0.03125,65.54973821989529,64.08360128617363,/commondocument/wz/cross_encoder_workspace/im_exp/lora/reviewer_followup/model_architecture_14h_20260917/core/checkpoints/cluener_qwen3_17b_base_hidden_s6100/TRAINING.json,c29f694d377e1d3a3a20a101c3bef37f4d4849cef85bbf879516b4021587e832,/commondocument/wz/cross_encoder_workspace/im_exp/lora/reviewer_followup/model_architecture_14h_20260917/core/evaluations/cluener_qwen3_17b_base_hidden_s6100/dev/SUMMARY.json,bcfa3e69e5f08bf6b816757ffab68c75118491a6f9d533921c3a8bba6e205de7
core,cluener,qwen3_17b_base,hidden,6101,False,0.32385297448490746,0.09181883275232394,0.7957937158644199,0.03125,66.46090534979425,63.80407124681934,/commondocument/wz/cross_encoder_workspace/im_exp/lora/reviewer_followup/model_architecture_14h_20260917/core/checkpoints/cluener_qwen3_17b_base_hidden_s6101/TRAINING.json,1ba87395b147f01bd738991df8ad74692ff95093d8bfe9e4615c200f28f7c787,/commondocument/wz/cross_encoder_workspace/im_exp/lora/reviewer_followup/model_architecture_14h_20260917/core/evaluations/cluener_qwen3_17b_base_hidden_s6101/dev/SUMMARY.json,49cece2783e2a043280b3aab3018e10925b6da7ca7aa3bf893bf5c197f368810
core,cluener,qwen3_17b_base,hidden,6102,False,0.3127244306670036,0.0977379350879346,0.80077800527215,0.03125,65.09723643807574,64.45362134688692,/commondocument/wz/cross_encoder_workspace/im_exp/lora/reviewer_followup/model_architecture_14h_20260917/core/checkpoints/cluener_qwen3_17b_base_hidden_s6102/TRAINING.json,a4da5fc2bb00fd2750b15112ef6b64af005be0a3a816ce0ad08e41ea95d140c9,/commondocument/wz/cross_encoder_workspace/im_exp/lora/reviewer_followup/model_architecture_14h_20260917/core/evaluations/cluener_qwen3_17b_base_hidden_s6102/dev/SUMMARY.json,0428c86225a313fb1a0be7f80cb3710ee84425191c773f8dc7e4b7aac81d8ca0
core,cluener,qwen3_17b_base,hidden_budget,6100,False,0.2970685796753969,0.10676373688693275,0.6997393071651459,0.03125,65.19916142557652,64.28917218008714,/commondocument/wz/cross_encoder_workspace/im_exp/lora/reviewer_followup/model_architecture_14h_20260917/core/checkpoints/cluener_qwen3_17b_base_hidden_budget_s6100/TRAINING.json,cd7826aa5f58fcb9b3f54c768f07c3b14ca42e0a240d0e454003de5d9d934ebc,/commondocument/wz/cross_encoder_workspace/im_exp/lora/reviewer_followup/model_architecture_14h_20260917/core/evaluations/cluener_qwen3_17b_base_hidden_budget_s6100/dev/SUMMARY.json,d20206f2581a07044b42e83f09dc72ba62d4696b70d6cee4fdfde102a2a912c7
core,cluener,qwen3_17b_base,hidden_budget,6101,False,0.3236451705743093,0.09106625661297585,0.7958844155073166,0.03125,66.32443531827515,64.0215838755753,/commondocument/wz/cross_encoder_workspace/im_exp/lora/reviewer_followup/model_architecture_14h_20260917/core/checkpoints/cluener_qwen3_17b_base_hidden_budget_s6101/TRAINING.json,4766bdbc2f4eb38e2b1a64c4ee55bd144d6369e429678e544254d320e82d0b60,/commondocument/wz/cross_encoder_workspace/im_exp/lora/reviewer_followup/model_architecture_14h_20260917/core/evaluations/cluener_qwen3_17b_base_hidden_budget_s6101/dev/SUMMARY.json,aa92fe7ad1050aae765b9e91f5e06d142ff289273c15b112a0bdc4daa4bcebe2
core,cluener,qwen3_17b_base,hidden_budget,6102,False,0.3128631816362031,0.09771289536001859,0.8006523326039314,0.03125,64.89252814738997,64.59627329192547,/commondocument/wz/cross_encoder_workspace/im_exp/lora/reviewer_followup/model_architecture_14h_20260917/core/checkpoints/cluener_qwen3_17b_base_hidden_budget_s6102/TRAINING.json,2568a02b749ad2401f12e54ed18ec70b050d3c7579663aab4e2eba11a745fe0b,/commondocument/wz/cross_encoder_workspace/im_exp/lora/reviewer_followup/model_architecture_14h_20260917/core/evaluations/cluener_qwen3_17b_base_hidden_budget_s6102/dev/SUMMARY.json,d13c98c5bcc70dfaf3053954537a341a93f7e24467ce60f21ed569ea6aa6bca4
core,cluener,qwen3_17b_base,hidden_input,6100,False,0.2904973781260196,0.10409400864227791,1.0386135950684547,0.046875,68.32814122533749,65.67885327750041,/commondocument/wz/cross_encoder_workspace/im_exp/lora/reviewer_followup/model_architecture_14h_20260917/core/checkpoints/cluener_qwen3_17b_base_hidden_input_s6100/TRAINING.json,c19e15939d62e95b6c5912a257cc6da1724da2f9c763c8fb0dbf07f988088fed,/commondocument/wz/cross_encoder_workspace/im_exp/lora/reviewer_followup/model_architecture_14h_20260917/core/evaluations/cluener_qwen3_17b_base_hidden_input_s6100/dev/SUMMARY.json,03f8f5d84f71dcc104ceea0bab269744dd11c7e575aa5de9a433aef794fe9c59
core,cluener,qwen3_17b_base,hidden_input,6101,False,0.31586925490410067,0.08731472822910291,1.1673842296004295,0.046875,67.67676767676768,65.69457510191283,/commondocument/wz/cross_encoder_workspace/im_exp/lora/reviewer_followup/model_architecture_14h_20260917/core/checkpoints/cluener_qwen3_17b_base_hidden_input_s6101/TRAINING.json,41bf631c4e17671cb9cba763102f2fcfc62564fce76344d352623e43e5e854bd,/commondocument/wz/cross_encoder_workspace/im_exp/lora/reviewer_followup/model_architecture_14h_20260917/core/evaluations/cluener_qwen3_17b_base_hidden_input_s6101/dev/SUMMARY.json,02f189f865cf569f5929a479203e3a6ffa315d42962dfa651483d942ead4208e
core,cluener,qwen3_17b_base,hidden_input,6102,False,0.30541391178849153,0.09554795977965114,1.1344153359532356,0.0625,65.61844863731656,65.85090967638061,/commondocument/wz/cross_encoder_workspace/im_exp/lora/reviewer_followup/model_architecture_14h_20260917/core/checkpoints/cluener_qwen3_17b_base_hidden_input_s6102/TRAINING.json,5849283e353f3979b1053d05adca22a60631b879f9a89eb7f175a4e8833241ab,/commondocument/wz/cross_encoder_workspace/im_exp/lora/reviewer_followup/model_architecture_14h_20260917/core/evaluations/cluener_qwen3_17b_base_hidden_input_s6102/dev/SUMMARY.json,01c82cd7eaf9c491df111293fb8cbd73dcb4295c6835be44febce4aec0965ffc
core,cluener,qwen3_17b_base,hidden_output,6100,False,0.26929188752546906,0.0985356645524007,3.823731243610382,0.125,67.48717948717949,66.3566388710712,/commondocument/wz/cross_encoder_workspace/im_exp/lora/reviewer_followup/model_architecture_14h_20260917/core/checkpoints/cluener_qwen3_17b_base_hidden_output_s6100/TRAINING.json,1d36c1dd63a585971218952db8361a3b0d7cad38d75894da73995bfd69496062,/commondocument/wz/cross_encoder_workspace/im_exp/lora/reviewer_followup/model_architecture_14h_20260917/core/evaluations/cluener_qwen3_17b_base_hidden_output_s6100/dev/SUMMARY.json,3c6430baaf9f56fd6fa8c3e9aa15a86a1c31b146317d4c1490474ff809e0de6b
core,cluener,qwen3_17b_base,hidden_output,6101,False,0.29910133277007844,0.08490940249248524,4.325963132083416,0.109375,68.07653575025176,66.4461247637051,/commondocument/wz/cross_encoder_workspace/im_exp/lora/reviewer_followup/model_architecture_14h_20260917/core/checkpoints/cluener_qwen3_17b_base_hidden_output_s6101/TRAINING.json,3a91902388baa386afab04199e74551bdd09793958e7526ca2a92af0ae40f3ea,/commondocument/wz/cross_encoder_workspace/im_exp/lora/reviewer_followup/model_architecture_14h_20260917/core/evaluations/cluener_qwen3_17b_base_hidden_output_s6101/dev/SUMMARY.json,f645c4f12e7e1724d35a2c79fa55022061d64029c9cdc5871d982334202f2456
core,cluener,qwen3_17b_base,hidden_output,6102,False,0.2839426634600386,0.09080015996732982,4.286521077156067,0.15625,68.17248459958932,66.62426458896486,/commondocument/wz/cross_encoder_workspace/im_exp/lora/reviewer_followup/model_architecture_14h_20260917/core/checkpoints/cluener_qwen3_17b_base_hidden_output_s6102/TRAINING.json,065ff2682dee50305c3030b8dce937c1a882bb24081a3bf147f13e8bdad7efde,/commondocument/wz/cross_encoder_workspace/im_exp/lora/reviewer_followup/model_architecture_14h_20260917/core/evaluations/cluener_qwen3_17b_base_hidden_output_s6102/dev/SUMMARY.json,f184a0e6f3bf2ffae7a8c71f1610b545bca6948503723470694f5b9cc3985785
core,cluener,qwen3_17b_base,hidden_both,6100,False,0.26406474110262934,0.09719134016086173,3.6650329679250717,0.125,68.09815950920246,66.50524616626312,/commondocument/wz/cross_encoder_workspace/im_exp/lora/reviewer_followup/model_architecture_14h_20260917/core/checkpoints/cluener_qwen3_17b_base_hidden_both_s6100/TRAINING.json,57f4f756cc178cec08aa729383b69bbec6586650cad82c791dae23e57d930455,/commondocument/wz/cross_encoder_workspace/im_exp/lora/reviewer_followup/model_architecture_14h_20260917/core/evaluations/cluener_qwen3_17b_base_hidden_both_s6100/dev/SUMMARY.json,7e6cba70015b9f50b5d88591157b75ccd9a8a5c2ed4ba86d6450b20ee12d7c08
core,cluener,qwen3_17b_base,hidden_both,6101,False,0.2930150187021354,0.08445958149968646,4.157582774758339,0.125,68.33667334669339,66.71889689752429,/commondocument/wz/cross_encoder_workspace/im_exp/lora/reviewer_followup/model_architecture_14h_20260917/core/checkpoints/cluener_qwen3_17b_base_hidden_both_s6101/TRAINING.json,be7ef8b5f5453ac65cc0c4a1a8acaecf42698baf64062f80e0af8f302683eaf4,/commondocument/wz/cross_encoder_workspace/im_exp/lora/reviewer_followup/model_architecture_14h_20260917/core/evaluations/cluener_qwen3_17b_base_hidden_both_s6101/dev/SUMMARY.json,6c76df59d56a2065eaf6d2fe7ad7e9cb685d8e5659157436b904fe0bb281b282
core,cluener,qwen3_17b_base,hidden_both,6102,False,0.2776508112438023,0.09035137586579367,4.100409090518951,0.15625,67.35537190082644,66.99664697429347,/commondocument/wz/cross_encoder_workspace/im_exp/lora/reviewer_followup/model_architecture_14h_20260917/core/checkpoints/cluener_qwen3_17b_base_hidden_both_s6102/TRAINING.json,7918bf887688b6df9eda0512739e0e2366aa38dc7c666058b974f0f65b221bf5,/commondocument/wz/cross_encoder_workspace/im_exp/lora/reviewer_followup/model_architecture_14h_20260917/core/evaluations/cluener_qwen3_17b_base_hidden_both_s6102/dev/SUMMARY.json,816c0732125e104bda8b457212ca5d8e72e740a53ec11be2e7b90ac662624b0d
core,cluener,qwen3_17b_base,input,6100,False,0.43293184065259993,0.16940686989983078,1.2454135194420815,0.5,42.9769392033543,41.44256179076636,/commondocument/wz/cross_encoder_workspace/im_exp/lora/reviewer_followup/model_architecture_14h_20260917/core/checkpoints/cluener_qwen3_17b_base_input_s6100/TRAINING.json,923ed5ce751f42eb289b8a310bb1d4bbd40b484d978140d899de68b36130de83,/commondocument/wz/cross_encoder_workspace/im_exp/lora/reviewer_followup/model_architecture_14h_20260917/core/evaluations/cluener_qwen3_17b_base_input_s6100/dev/SUMMARY.json,cceea8c4b7f1ff3d92d4ce63eacdebe92c63691a62e18be2182e945a6f1df9d0
core,cluener,qwen3_17b_base,input,6101,False,0.45039784407708794,0.15134833456249908,1.3278203755617142,0.609375,42.60958205912334,42.02045243259994,/commondocument/wz/cross_encoder_workspace/im_exp/lora/reviewer_followup/model_architecture_14h_20260917/core/checkpoints/cluener_qwen3_17b_base_input_s6101/TRAINING.json,8b5a8d1b2a305196ea2b8377dd02a433421c0d8af112c8e4fe00e9b497d1f2de,/commondocument/wz/cross_encoder_workspace/im_exp/lora/reviewer_followup/model_architecture_14h_20260917/core/evaluations/cluener_qwen3_17b_base_input_s6101/dev/SUMMARY.json,dcacdb8359d32949d1fb2939b44bbc7e0d09924549e3aecb9328226bbfae8b39
core,cluener,qwen3_17b_base,input,6102,False,0.43681066134013236,0.1559186860686168,1.1897998303174973,0.5625,45.30612244897959,43.15185357530635,/commondocument/wz/cross_encoder_workspace/im_exp/lora/reviewer_followup/model_architecture_14h_20260917/core/checkpoints/cluener_qwen3_17b_base_input_s6102/TRAINING.json,ccc77dc181579b2232ab37a6244fb22f9f38f21dfd00b220f0669486fc08dc5c,/commondocument/wz/cross_encoder_workspace/im_exp/lora/reviewer_followup/model_architecture_14h_20260917/core/evaluations/cluener_qwen3_17b_base_input_s6102/dev/SUMMARY.json,6a6b63ee30ea3c73a8bb2531c0e24129d8cab94f219c525ff009b68d56735c72
core,cluener,qwen3_17b_base,output,6100,False,0.2917471857217606,0.17225522034277674,3.669821470975876,0.40625,38.143289606458126,37.771454245918825,/commondocument/wz/cross_encoder_workspace/im_exp/lora/reviewer_followup/model_architecture_14h_20260917/core/checkpoints/cluener_qwen3_17b_base_output_s6100/TRAINING.json,50b7a1e0df3f2d7bcb2c6018c25c605d5cb45c9bc34cfcdf3ac3377f5fc7c66c,/commondocument/wz/cross_encoder_workspace/im_exp/lora/reviewer_followup/model_architecture_14h_20260917/core/evaluations/cluener_qwen3_17b_base_output_s6100/dev/SUMMARY.json,eaf62a8ef1d8dc6cf6659dc001f9ed202af858fd42824485b0565c1e7da45ae6
core,cluener,qwen3_17b_base,output,6101,False,0.3192893241648562,0.16070970763394143,3.9020493626594543,0.359375,36.883629191321496,37.27140783744557,/commondocument/wz/cross_encoder_workspace/im_exp/lora/reviewer_followup/model_architecture_14h_20260917/core/checkpoints/cluener_qwen3_17b_base_output_s6101/TRAINING.json,fc3919d6e80316c45247191f676da5af051c88da9fc2f59a408fd7402027e6ac,/commondocument/wz/cross_encoder_workspace/im_exp/lora/reviewer_followup/model_architecture_14h_20260917/core/evaluations/cluener_qwen3_17b_base_output_s6101/dev/SUMMARY.json,accea34f368460dd6f101bf0012244b17673d1728e3b6e848e8af7b4588dccc8
core,cluener,qwen3_17b_base,output,6102,False,0.3048494688118808,0.1582807117374614,4.596236988902092,0.421875,36.847290640394085,37.585454545454546,/commondocument/wz/cross_encoder_workspace/im_exp/lora/reviewer_followup/model_architecture_14h_20260917/core/checkpoints/cluener_qwen3_17b_base_output_s6102/TRAINING.json,1ff9c3ce77f1c556e93f7ade4fa36ec2998056c0f7c315dfcee0d067952e8bd4,/commondocument/wz/cross_encoder_workspace/im_exp/lora/reviewer_followup/model_architecture_14h_20260917/core/evaluations/cluener_qwen3_17b_base_output_s6102/dev/SUMMARY.json,16ca27b0c772aad59fb8a157f1fe854181b1c837042173ab9d00561ca32aaf16
core,cluener,qwen3_17b_base,both,6100,False,0.28605938106193207,0.1404269343111082,4.033524677157402,0.515625,51.95353748680042,50.0157678965626,/commondocument/wz/cross_encoder_workspace/im_exp/lora/reviewer_followup/model_architecture_14h_20260917/core/checkpoints/cluener_qwen3_17b_base_both_s6100/TRAINING.json,4f15bd68a6786653da979d12636c83bee38a62a45f0030fc892c83f8b5a4901e,/commondocument/wz/cross_encoder_workspace/im_exp/lora/reviewer_followup/model_architecture_14h_20260917/core/evaluations/cluener_qwen3_17b_base_both_s6100/dev/SUMMARY.json,6efe026633b17b1301a8c9e1c6776e409bc12a5c11ee8f7dda4078367ec4a5e5
core,cluener,qwen3_17b_base,both,6101,False,0.31182886243914254,0.12505958521796856,4.138308867812157,0.546875,53.51239669421488,49.405878674171355,/commondocument/wz/cross_encoder_workspace/im_exp/lora/reviewer_followup/model_architecture_14h_20260917/core/checkpoints/cluener_qwen3_17b_base_both_s6101/TRAINING.json,03e34a5421ec48de9028fc6b11ea90ffb8163f060cfbeb2d48b3a94890eb512d,/commondocument/wz/cross_encoder_workspace/im_exp/lora/reviewer_followup/model_architecture_14h_20260917/core/evaluations/cluener_qwen3_17b_base_both_s6101/dev/SUMMARY.json,2bb7cce2cd73abe7633954ae773ddb635b90d89b059ff4036e745bbc3d63c7b5
core,cluener,qwen3_17b_base,both,6102,False,0.300552157277707,0.12777160734549398,5.092197567224503,0.515625,56.73175745118191,51.71378929079135,/commondocument/wz/cross_encoder_workspace/im_exp/lora/reviewer_followup/model_architecture_14h_20260917/core/checkpoints/cluener_qwen3_17b_base_both_s6102/TRAINING.json,f1d9804741d399bdf641a67887439822308db7a7509c88b5cee5dbd59e6c5d79,/commondocument/wz/cross_encoder_workspace/im_exp/lora/reviewer_followup/model_architecture_14h_20260917/core/evaluations/cluener_qwen3_17b_base_both_s6102/dev/SUMMARY.json,a9cd91301b682dc54db201ef4b63932add743962939a009cc57b7a177b49593b
core,wikisql,qwen3_17b_base,hidden,7100,False,0.47885147912893444,0.0942124730499927,1.2988268658518791,0.078125,73.046875,73.53515625,/commondocument/wz/cross_encoder_workspace/im_exp/lora/reviewer_followup/model_architecture_14h_20260917/core/checkpoints/wikisql_qwen3_17b_base_hidden_s7100/TRAINING.json,9f9b7d096526e3b4816cd61895e69a11e70a1c59a248f3a8e71771e1aa094faf,/commondocument/wz/cross_encoder_workspace/im_exp/lora/reviewer_followup/model_architecture_14h_20260917/core/evaluations/wikisql_qwen3_17b_base_hidden_s7100/dev/SUMMARY.json,cf39da7a0e0ddccac0c10c09b2207f020e8221df893d7dfff591b13c14823109
core,wikisql,qwen3_17b_base,hidden,7101,False,0.48067526961676776,0.08326342742657289,1.4149836897850037,0.078125,74.21875,73.2421875,/commondocument/wz/cross_encoder_workspace/im_exp/lora/reviewer_followup/model_architecture_14h_20260917/core/checkpoints/wikisql_qwen3_17b_base_hidden_s7101/TRAINING.json,6d38661f2b0fde035551101e902f6fb5850397338006ed342064d89a9583015f,/commondocument/wz/cross_encoder_workspace/im_exp/lora/reviewer_followup/model_architecture_14h_20260917/core/evaluations/wikisql_qwen3_17b_base_hidden_s7101/dev/SUMMARY.json,872de586b9e4a20b2cbdd4caa193d3f8b907ba0d4c39f92ea53fe2ce8323b63e
core,wikisql,qwen3_17b_base,hidden,7102,False,0.4646472909953445,0.08455096084799152,1.27412498742342,0.078125,73.828125,73.33984375,/commondocument/wz/cross_encoder_workspace/im_exp/lora/reviewer_followup/model_architecture_14h_20260917/core/checkpoints/wikisql_qwen3_17b_base_hidden_s7102/TRAINING.json,f858f62115c6ca2ba55d8e57c91d7d1b7a8d33389ded5803fbc90bd36cee0ec5,/commondocument/wz/cross_encoder_workspace/im_exp/lora/reviewer_followup/model_architecture_14h_20260917/core/evaluations/wikisql_qwen3_17b_base_hidden_s7102/dev/SUMMARY.json,2d08274e69e37eab603d5f37844786d5aabe60f2b3969f4043baa2534b6d2437
core,wikisql,qwen3_17b_base,hidden_budget,7100,False,0.4779821252450347,0.09509817842626944,1.3125535920262337,0.078125,73.046875,73.92578125,/commondocument/wz/cross_encoder_workspace/im_exp/lora/reviewer_followup/model_architecture_14h_20260917/core/checkpoints/wikisql_qwen3_17b_base_hidden_budget_s7100/TRAINING.json,f106b5608a6f6d74345e7eedb1db363c07d320aeedabbd6a43c0d96af0c53f56,/commondocument/wz/cross_encoder_workspace/im_exp/lora/reviewer_followup/model_architecture_14h_20260917/core/evaluations/wikisql_qwen3_17b_base_hidden_budget_s7100/dev/SUMMARY.json,8a858cdf3c0a8134384d63de359bce9b684e55152f4a3678d6e7208f5e43d804
core,wikisql,qwen3_17b_base,hidden_budget,7101,False,0.480263416771777,0.08254960982594639,1.4220146834850311,0.078125,75.0,73.33984375,/commondocument/wz/cross_encoder_workspace/im_exp/lora/reviewer_followup/model_architecture_14h_20260917/core/checkpoints/wikisql_qwen3_17b_base_hidden_budget_s7101/TRAINING.json,8a69df70c562a0f52e4c1d0e7480e0c327ac41aafe9fbaa607629207f0891080,/commondocument/wz/cross_encoder_workspace/im_exp/lora/reviewer_followup/model_architecture_14h_20260917/core/evaluations/wikisql_qwen3_17b_base_hidden_budget_s7101/dev/SUMMARY.json,79060046838a1859e25a56a7204bcb3516e8edfa9d488c555acea6a1385884be
core,wikisql,qwen3_17b_base,hidden_budget,7102,False,0.4622771739959717,0.08398431341629475,1.238724909722805,0.0625,74.609375,72.94921875,/commondocument/wz/cross_encoder_workspace/im_exp/lora/reviewer_followup/model_architecture_14h_20260917/core/checkpoints/wikisql_qwen3_17b_base_hidden_budget_s7102/TRAINING.json,bb67f9be4c38f5db468b4bb51619c0640577ec544c890f0d0db10e7754c026b3,/commondocument/wz/cross_encoder_workspace/im_exp/lora/reviewer_followup/model_architecture_14h_20260917/core/evaluations/wikisql_qwen3_17b_base_hidden_budget_s7102/dev/SUMMARY.json,6505b80499d7e2ae57cb0d787bcf1463808b4f39b184a205cfc9078b4f3168aa
core,wikisql,qwen3_17b_base,hidden_input,7100,False,0.4639947325922549,0.09145486744819209,2.514889344573021,0.25,75.0,74.4140625,/commondocument/wz/cross_encoder_workspace/im_exp/lora/reviewer_followup/model_architecture_14h_20260917/core/checkpoints/wikisql_qwen3_17b_base_hidden_input_s7100/TRAINING.json,29c41931d76ac91c44cc385a4297f2431c610ead448adf704811035593d260db,/commondocument/wz/cross_encoder_workspace/im_exp/lora/reviewer_followup/model_architecture_14h_20260917/core/evaluations/wikisql_qwen3_17b_base_hidden_input_s7100/dev/SUMMARY.json,557bff7c219df65030286d0a5da876aabee5de3b4ef9488176594aba31b67d41
core,wikisql,qwen3_17b_base,hidden_input,7101,False,0.46331548993475735,0.07978768172324635,2.5363373905420303,0.21875,74.609375,73.92578125,/commondocument/wz/cross_encoder_workspace/im_exp/lora/reviewer_followup/model_architecture_14h_20260917/core/checkpoints/wikisql_qwen3_17b_base_hidden_input_s7101/TRAINING.json,5ec8331a1f5fc08a4a955d78c5592ff102ea2d502b5dc0598badf6370956540c,/commondocument/wz/cross_encoder_workspace/im_exp/lora/reviewer_followup/model_architecture_14h_20260917/core/evaluations/wikisql_qwen3_17b_base_hidden_input_s7101/dev/SUMMARY.json,a7bc6e6003169fb2cdceac5a62d8c7eb7c8474be21baf18405a5a5408d524ec1
core,wikisql,qwen3_17b_base,hidden_input,7102,False,0.44846069090999663,0.07902884384384379,2.3905263245105743,0.21875,77.734375,74.31640625,/commondocument/wz/cross_encoder_workspace/im_exp/lora/reviewer_followup/model_architecture_14h_20260917/core/checkpoints/wikisql_qwen3_17b_base_hidden_input_s7102/TRAINING.json,fd6faa89dbb81ab1ebe9a56e2a235c6fd7a18dddb18cd322f7ac88f926223108,/commondocument/wz/cross_encoder_workspace/im_exp/lora/reviewer_followup/model_architecture_14h_20260917/core/evaluations/wikisql_qwen3_17b_base_hidden_input_s7102/dev/SUMMARY.json,ca5c21c855b5643fd8eb8d3fedd51a6ac44ba043aef5486caea08ceef411e3ad
core,wikisql,qwen3_17b_base,hidden_output,7100,False,0.4309410807909444,0.09033288883802015,3.826508939266205,0.234375,76.5625,75.1953125,/commondocument/wz/cross_encoder_workspace/im_exp/lora/reviewer_followup/model_architecture_14h_20260917/core/checkpoints/wikisql_qwen3_17b_base_hidden_output_s7100/TRAINING.json,9913224c71d95d9428882c381f47ed583ef15e17944bf6d9214e5313cc678c4a,/commondocument/wz/cross_encoder_workspace/im_exp/lora/reviewer_followup/model_architecture_14h_20260917/core/evaluations/wikisql_qwen3_17b_base_hidden_output_s7100/dev/SUMMARY.json,4e41bdf0929c1bbb6629501b42ea1f3664cc5190620b135320e1fd0df516ae88
core,wikisql,qwen3_17b_base,hidden_output,7101,False,0.42257996392436326,0.079472147510387,3.9620795994997025,0.171875,75.78125,73.33984375,/commondocument/wz/cross_encoder_workspace/im_exp/lora/reviewer_followup/model_architecture_14h_20260917/core/checkpoints/wikisql_qwen3_17b_base_hidden_output_s7101/TRAINING.json,33d275290fb5833ff0a9e1441b8dffcc01f1146587f5fe772dbd941409148f69,/commondocument/wz/cross_encoder_workspace/im_exp/lora/reviewer_followup/model_architecture_14h_20260917/core/evaluations/wikisql_qwen3_17b_base_hidden_output_s7101/dev/SUMMARY.json,cb10f17f8907d9bb704af4d66e767cf3d0d485dadef7ecec720e25e331a5a1b1
core,wikisql,qwen3_17b_base,hidden_output,7102,False,0.40673071186756715,0.07744530492345802,4.4645204693078995,0.203125,77.34375,74.51171875,/commondocument/wz/cross_encoder_workspace/im_exp/lora/reviewer_followup/model_architecture_14h_20260917/core/checkpoints/wikisql_qwen3_17b_base_hidden_output_s7102/TRAINING.json,0fbe774711f9098470332110c67d6c44e3cd25d7a28f869f1a1c097aa0ca35e6,/commondocument/wz/cross_encoder_workspace/im_exp/lora/reviewer_followup/model_architecture_14h_20260917/core/evaluations/wikisql_qwen3_17b_base_hidden_output_s7102/dev/SUMMARY.json,a8f413f410e619ccf9f4090bf0e7ee927f492c08e4afc168a6ff0de7dd503544
core,wikisql,qwen3_17b_base,hidden_both,7100,False,0.4182303720153868,0.08736135132494383,4.1515514850616455,0.3125,76.5625,76.26953125,/commondocument/wz/cross_encoder_workspace/im_exp/lora/reviewer_followup/model_architecture_14h_20260917/core/checkpoints/wikisql_qwen3_17b_base_hidden_both_s7100/TRAINING.json,9ced3da47ab0c5ca3b94788c35a06e24cf33b61f174af9b5f34cb1f966520e59,/commondocument/wz/cross_encoder_workspace/im_exp/lora/reviewer_followup/model_architecture_14h_20260917/core/evaluations/wikisql_qwen3_17b_base_hidden_both_s7100/dev/SUMMARY.json,3955127edd124d423c704a7e1528453530c29ab2c395783a36c0f330ff46c874
core,wikisql,qwen3_17b_base,hidden_both,7101,False,0.4127405695617199,0.07945269416086376,4.344185397028923,0.234375,76.5625,73.73046875,/commondocument/wz/cross_encoder_workspace/im_exp/lora/reviewer_followup/model_architecture_14h_20260917/core/checkpoints/wikisql_qwen3_17b_base_hidden_both_s7101/TRAINING.json,f0614c9416d4da35b998f860ac90a7a60212a559710333ce60c104b158d2349e,/commondocument/wz/cross_encoder_workspace/im_exp/lora/reviewer_followup/model_architecture_14h_20260917/core/evaluations/wikisql_qwen3_17b_base_hidden_both_s7101/dev/SUMMARY.json,2d964d4b9d9d69b5d8639a694b30c1c60b0c6c0bd57fd49ed87548baf38fa6bf
core,wikisql,qwen3_17b_base,hidden_both,7102,False,0.40033049770863727,0.0752064570406219,4.7812424302101135,0.265625,77.34375,74.70703125,/commondocument/wz/cross_encoder_workspace/im_exp/lora/reviewer_followup/model_architecture_14h_20260917/core/checkpoints/wikisql_qwen3_17b_base_hidden_both_s7102/TRAINING.json,f1a7035745d7457b805df0938d72d643f912a41acddd369b40e83fd5c016aae6,/commondocument/wz/cross_encoder_workspace/im_exp/lora/reviewer_followup/model_architecture_14h_20260917/core/evaluations/wikisql_qwen3_17b_base_hidden_both_s7102/dev/SUMMARY.json,1ea59b552f2413cd411c9c3c568ccdb1420e61fb407aa8f7a58ba4e419cbf0cc
core,wikisql,qwen3_17b_base,input,7100,False,0.7142141037620604,0.22263983904849738,3.2498587369918823,1.0,53.90625,46.19140625,/commondocument/wz/cross_encoder_workspace/im_exp/lora/reviewer_followup/model_architecture_14h_20260917/core/checkpoints/wikisql_qwen3_17b_base_input_s7100/TRAINING.json,eaa2e7a5ab0dc40195a9d0bc44c4489ea411b88ef349ecca03a15d6537abc5bc,/commondocument/wz/cross_encoder_workspace/im_exp/lora/reviewer_followup/model_architecture_14h_20260917/core/evaluations/wikisql_qwen3_17b_base_input_s7100/dev/SUMMARY.json,644c3c9259f33f2fa8bc8d90db863e5a2b705689305b5404aad3fd2bf33d49a7
core,wikisql,qwen3_17b_base,input,7101,False,0.7256655716337264,0.18013484159018844,3.3984272480010986,1.0,48.046875,42.1875,/commondocument/wz/cross_encoder_workspace/im_exp/lora/reviewer_followup/model_architecture_14h_20260917/core/checkpoints/wikisql_qwen3_17b_base_input_s7101/TRAINING.json,2add1016464bff8d82f2f5d0e875ea6129141c027c98cc0d8d1ded5e1220562d,/commondocument/wz/cross_encoder_workspace/im_exp/lora/reviewer_followup/model_architecture_14h_20260917/core/evaluations/wikisql_qwen3_17b_base_input_s7101/dev/SUMMARY.json,22521cc70431073e27d939935545d1e64d2398f9b405f0c7896e103e5a52db1d
core,wikisql,qwen3_17b_base,input,7102,False,0.7053976468741894,0.1851251363987103,3.481253057718277,1.0,43.359375,41.2109375,/commondocument/wz/cross_encoder_workspace/im_exp/lora/reviewer_followup/model_architecture_14h_20260917/core/checkpoints/wikisql_qwen3_17b_base_input_s7102/TRAINING.json,0bb8bb5e12ca7e076fd63268295b438d0b48d9ca3dfcd6c0f75bff54dab5e788,/commondocument/wz/cross_encoder_workspace/im_exp/lora/reviewer_followup/model_architecture_14h_20260917/core/evaluations/wikisql_qwen3_17b_base_input_s7102/dev/SUMMARY.json,c83d1813b16c314b40e4380503f4a6de2698fb18177d3475aa281239750a2aa1
core,wikisql,qwen3_17b_base,output,7100,False,0.5741912808734924,0.2852295620832592,7.024144738912582,0.90625,12.890625,13.18359375,/commondocument/wz/cross_encoder_workspace/im_exp/lora/reviewer_followup/model_architecture_14h_20260917/core/checkpoints/wikisql_qwen3_17b_base_output_s7100/TRAINING.json,bf12d383d12413187f3b9a4c0bb879519030795e32e5efb0dd2d1508bad7e741,/commondocument/wz/cross_encoder_workspace/im_exp/lora/reviewer_followup/model_architecture_14h_20260917/core/evaluations/wikisql_qwen3_17b_base_output_s7100/dev/SUMMARY.json,a5d80288ae488ac6df14ca04596d757e8f4ef0a27aab7fcb5572ff787c237379
core,wikisql,qwen3_17b_base,output,7101,False,0.590331562794745,0.28551115305162966,8.166372209787369,0.90625,13.28125,12.40234375,/commondocument/wz/cross_encoder_workspace/im_exp/lora/reviewer_followup/model_architecture_14h_20260917/core/checkpoints/wikisql_qwen3_17b_base_output_s7101/TRAINING.json,2ab665ba1cb444b21e051ee8859b3c685aef81aff8b6dbb73939de13bbf7a3b1,/commondocument/wz/cross_encoder_workspace/im_exp/lora/reviewer_followup/model_architecture_14h_20260917/core/evaluations/wikisql_qwen3_17b_base_output_s7101/dev/SUMMARY.json,e6c8803959dedc63c0b3b169b8e3b3cc8c6c66b424d3f5df203c2e33fe7a934e
core,wikisql,qwen3_17b_base,output,7102,False,0.5617648242041469,0.2794248261488974,8.307264387607574,0.96875,12.890625,11.42578125,/commondocument/wz/cross_encoder_workspace/im_exp/lora/reviewer_followup/model_architecture_14h_20260917/core/checkpoints/wikisql_qwen3_17b_base_output_s7102/TRAINING.json,27f6908bc0aa29b97da8430e7347fbc9a52751f88e10cd035c8b2548ecc2c205,/commondocument/wz/cross_encoder_workspace/im_exp/lora/reviewer_followup/model_architecture_14h_20260917/core/evaluations/wikisql_qwen3_17b_base_output_s7102/dev/SUMMARY.json,480868f5e61e2a7115e5b1eb098e71823e8ddc55b47e913bb47a032f443a19ad
core,wikisql,qwen3_17b_base,both,7100,False,0.5150018658023328,0.16819389833835885,5.919515132904053,1.0,57.8125,54.00390625,/commondocument/wz/cross_encoder_workspace/im_exp/lora/reviewer_followup/model_architecture_14h_20260917/core/checkpoints/wikisql_qwen3_17b_base_both_s7100/TRAINING.json,9bd02d136e5c3b036214ed6f82f081fff735b227abfde84a66d20e41fd24aa83,/commondocument/wz/cross_encoder_workspace/im_exp/lora/reviewer_followup/model_architecture_14h_20260917/core/evaluations/wikisql_qwen3_17b_base_both_s7100/dev/SUMMARY.json,c408667df07576307c1543e18c37a315446b20027adfa076181cebc927c836ef
core,wikisql,qwen3_17b_base,both,7101,False,0.5225634451489896,0.15195364702958614,6.566325068473816,1.0,55.859375,52.9296875,/commondocument/wz/cross_encoder_workspace/im_exp/lora/reviewer_followup/model_architecture_14h_20260917/core/checkpoints/wikisql_qwen3_17b_base_both_s7101/TRAINING.json,7f1eb67e483d4ac5d46e90968b6b62029bc97ef883af4f45a9db34720b276db9,/commondocument/wz/cross_encoder_workspace/im_exp/lora/reviewer_followup/model_architecture_14h_20260917/core/evaluations/wikisql_qwen3_17b_base_both_s7101/dev/SUMMARY.json,8063cf43b67e020ffcb9a4db8c0f3f1b5195371bb602bed79d2c32da9b91ddcd
core,wikisql,qwen3_17b_base,both,7102,False,0.4882896589115262,0.15189914568327367,6.751911371946335,1.0,57.421875,55.37109375,/commondocument/wz/cross_encoder_workspace/im_exp/lora/reviewer_followup/model_architecture_14h_20260917/core/checkpoints/wikisql_qwen3_17b_base_both_s7102/TRAINING.json,8ed3b0f97b5b7d6d6d4d0d369fb460c7d2b330a87dff138fd13abaa9f42f4b2d,/commondocument/wz/cross_encoder_workspace/im_exp/lora/reviewer_followup/model_architecture_14h_20260917/core/evaluations/wikisql_qwen3_17b_base_both_s7102/dev/SUMMARY.json,059dba7c63aa7554499a8ced7917a1d629ebd3ab59aa12bb2610a89f88bc130a
core,cluener,qwen3_4b_base,hidden,6100,False,0.24429341313953046,0.08757410876751237,0.6132250912487507,0.0,71.2215320910973,68.76107620428549,/commondocument/wz/cross_encoder_workspace/im_exp/lora/reviewer_followup/model_architecture_14h_20260917/core/checkpoints/cluener_qwen3_4b_base_hidden_s6100/TRAINING.json,b329cec0e4d13ef8a1604ef2b0c9575e11aac9edaa7f7ad92acf80ed68298bdf,/commondocument/wz/cross_encoder_workspace/im_exp/lora/reviewer_followup/model_architecture_14h_20260917/core/evaluations/cluener_qwen3_4b_base_hidden_s6100/dev/SUMMARY.json,efc8f4c9b39bfed419979ab4ec6561874619a49317043c0cde9ca478cd9e4a8d
core,cluener,qwen3_4b_base,hidden,6101,False,0.25595364937908016,0.07643127076516976,0.5832995437085629,0.03125,69.42148760330579,68.219794344473,/commondocument/wz/cross_encoder_workspace/im_exp/lora/reviewer_followup/model_architecture_14h_20260917/core/checkpoints/cluener_qwen3_4b_base_hidden_s6101/TRAINING.json,5072d2d7cb6ad93a553f1747817771eb8371cfac3d836dccbf505cdd98bc7879,/commondocument/wz/cross_encoder_workspace/im_exp/lora/reviewer_followup/model_architecture_14h_20260917/core/evaluations/cluener_qwen3_4b_base_hidden_s6101/dev/SUMMARY.json,fd52406ff7d0c8653fbdedee299c1800cd491f24c14d16599a03e4c37d764292
core,cluener,qwen3_4b_base,hidden,6102,False,0.2456280671467539,0.08099557208697661,0.6044161021709442,0.0,71.60493827160494,68.83870967741936,/commondocument/wz/cross_encoder_workspace/im_exp/lora/reviewer_followup/model_architecture_14h_20260917/core/checkpoints/cluener_qwen3_4b_base_hidden_s6102/TRAINING.json,d7a5b68c574041e95bc28df7299f66d95b0f7c59f99e4866255944186fb677a2,/commondocument/wz/cross_encoder_workspace/im_exp/lora/reviewer_followup/model_architecture_14h_20260917/core/evaluations/cluener_qwen3_4b_base_hidden_s6102/dev/SUMMARY.json,8177aa795125e8648c98469bf25946c1d89fa2b814444fe6fbc2b5e5f7e081e2
core,cluener,qwen3_4b_base,hidden_budget,6100,False,0.24376501478400314,0.08739839730878884,0.6066817082464695,0.0,70.80745341614907,69.01884968583857,/commondocument/wz/cross_encoder_workspace/im_exp/lora/reviewer_followup/model_architecture_14h_20260917/core/checkpoints/cluener_qwen3_4b_base_hidden_budget_s6100/TRAINING.json,8165de19fcfcdf02aadbd2cc467f0ac703d7c9b8f3d3ff2a77c715f42bf105c7,/commondocument/wz/cross_encoder_workspace/im_exp/lora/reviewer_followup/model_architecture_14h_20260917/core/evaluations/cluener_qwen3_4b_base_hidden_budget_s6100/dev/SUMMARY.json,fe727e21286ebb6a99643a47c15fd903a3136312d075c082ce053a54ab2de929
core,cluener,qwen3_4b_base,hidden_budget,6101,False,0.2557540869456716,0.07439838947357202,0.5846604965627193,0.015625,69.42148760330579,68.93344025661588,/commondocument/wz/cross_encoder_workspace/im_exp/lora/reviewer_followup/model_architecture_14h_20260917/core/checkpoints/cluener_qwen3_4b_base_hidden_budget_s6101/TRAINING.json,875800f0cb1457dda6bc2f64c287f7bc7cb1eb1fff4647162cc48bbe1428255e,/commondocument/wz/cross_encoder_workspace/im_exp/lora/reviewer_followup/model_architecture_14h_20260917/core/evaluations/cluener_qwen3_4b_base_hidden_budget_s6101/dev/SUMMARY.json,427a723399e770fe30c3ef7477a4d5bb8381ff2abdc7a9d37a63f430aa638d95
core,cluener,qwen3_4b_base,hidden_budget,6102,False,0.2453040040563792,0.08110088601642929,0.6046178378164768,0.0,71.38461538461539,68.78323932312651,/commondocument/wz/cross_encoder_workspace/im_exp/lora/reviewer_followup/model_architecture_14h_20260917/core/checkpoints/cluener_qwen3_4b_base_hidden_budget_s6102/TRAINING.json,25a34d14724203e06d87b5d58b05739f3612996f05c4c10d0277fd5c83cd1355,/commondocument/wz/cross_encoder_workspace/im_exp/lora/reviewer_followup/model_architecture_14h_20260917/core/evaluations/cluener_qwen3_4b_base_hidden_budget_s6102/dev/SUMMARY.json,d78be299d771a67bc5306ecb34883a449e4ddaa0f2a43627c3360c98953e7b62
core,cluener,qwen3_4b_base,hidden_input,6100,False,0.24256321119901258,0.0878219762325898,1.0193070881068707,0.0625,71.47270854788877,68.88139945434119,/commondocument/wz/cross_encoder_workspace/im_exp/lora/reviewer_followup/model_architecture_14h_20260917/core/checkpoints/cluener_qwen3_4b_base_hidden_input_s6100/TRAINING.json,a105f0ec1339537d8ca96a8a5d82f22c1def8bbb4c55fb337620fcf69e79fa58,/commondocument/wz/cross_encoder_workspace/im_exp/lora/reviewer_followup/model_architecture_14h_20260917/core/evaluations/cluener_qwen3_4b_base_hidden_input_s6100/dev/SUMMARY.json,465e8ec38d0d51fc7093adfeac076c725dc9f366a095ae308c2b816e99def87d
core,cluener,qwen3_4b_base,hidden_input,6101,False,0.2533728677954059,0.07456112404179294,0.9503260217607021,0.0625,69.62809917355372,69.21217979700339,/commondocument/wz/cross_encoder_workspace/im_exp/lora/reviewer_followup/model_architecture_14h_20260917/core/checkpoints/cluener_qwen3_4b_base_hidden_input_s6101/TRAINING.json,cf8014050c558a134cabda4669c27eaea425716bd9247fc6c191f818c8e56894,/commondocument/wz/cross_encoder_workspace/im_exp/lora/reviewer_followup/model_architecture_14h_20260917/core/evaluations/cluener_qwen3_4b_base_hidden_input_s6101/dev/SUMMARY.json,198ac1f4aaef389fc6bc891ad3187876666c4c1fbc2e9b08ed2253e0b1114bbc
core,cluener,qwen3_4b_base,hidden_input,6102,False,0.24100084231758956,0.08054516781339771,0.8673800081014633,0.03125,72.2567287784679,68.50988587043884,/commondocument/wz/cross_encoder_workspace/im_exp/lora/reviewer_followup/model_architecture_14h_20260917/core/checkpoints/cluener_qwen3_4b_base_hidden_input_s6102/TRAINING.json,38a140dfecd701c91fa504184bdaf4ac672d6584e2d93ef9738ad81327b9a3ba,/commondocument/wz/cross_encoder_workspace/im_exp/lora/reviewer_followup/model_architecture_14h_20260917/core/evaluations/cluener_qwen3_4b_base_hidden_input_s6102/dev/SUMMARY.json,09d16427e5643aa9bc5e4b963623f1499600637ec2aa5adf7407cc5fb3bfdd93
core,cluener,qwen3_4b_base,hidden_output,6100,False,0.22580760551500134,0.08305142983954283,2.0228238254785538,0.0625,72.61410788381743,69.54143201930813,/commondocument/wz/cross_encoder_workspace/im_exp/lora/reviewer_followup/model_architecture_14h_20260917/core/checkpoints/cluener_qwen3_4b_base_hidden_output_s6100/TRAINING.json,8f095d216b9ccf95fe4ea708af9526bf2743923852779fd0ec0ccc4bf9f294c5,/commondocument/wz/cross_encoder_workspace/im_exp/lora/reviewer_followup/model_architecture_14h_20260917/core/evaluations/cluener_qwen3_4b_base_hidden_output_s6100/dev/SUMMARY.json,55f5364d6ea1b0e20e04f3a4d860b7b0e0727c8bb18535e16bb7f4eb31718fe4
core,cluener,qwen3_4b_base,hidden_output,6101,False,0.2381178774376167,0.07029465649429767,1.9608036577701569,0.0625,70.51546391752578,69.918177442644,/commondocument/wz/cross_encoder_workspace/im_exp/lora/reviewer_followup/model_architecture_14h_20260917/core/checkpoints/cluener_qwen3_4b_base_hidden_output_s6101/TRAINING.json,684cd5d189617ce8ab55d081dc4e67ec53c8ca7125f999805121322074c56daf,/commondocument/wz/cross_encoder_workspace/im_exp/lora/reviewer_followup/model_architecture_14h_20260917/core/evaluations/cluener_qwen3_4b_base_hidden_output_s6101/dev/SUMMARY.json,407d2b6eaf42c72d05b472bee6e12ba7acdf169e6c66db4a27754b87ea29d4f9
core,cluener,qwen3_4b_base,hidden_output,6102,False,0.22553840407636017,0.07832479784156021,1.9237573146820068,0.078125,71.39917695473251,70.1294498381877,/commondocument/wz/cross_encoder_workspace/im_exp/lora/reviewer_followup/model_architecture_14h_20260917/core/checkpoints/cluener_qwen3_4b_base_hidden_output_s6102/TRAINING.json,6f55672b84fc157b5b782ac7c254d919b4a05daa5b1b0812a0cbe7ae8ad77536,/commondocument/wz/cross_encoder_workspace/im_exp/lora/reviewer_followup/model_architecture_14h_20260917/core/evaluations/cluener_qwen3_4b_base_hidden_output_s6102/dev/SUMMARY.json,c1733ea1654091325f3dfb07e31c789da198f5ec269f70e5b1325ae5011ff6bb
core,cluener,qwen3_4b_base,hidden_both,6100,False,0.22556802409235388,0.0842362669245631,2.166761338710785,0.078125,72.48182762201453,69.90166048686119,/commondocument/wz/cross_encoder_workspace/im_exp/lora/reviewer_followup/model_architecture_14h_20260917/core/checkpoints/cluener_qwen3_4b_base_hidden_both_s6100/TRAINING.json,5395e66a5758fba97451f7906caba7ec1f9a90bdd425860014a752c1f3034d8f,/commondocument/wz/cross_encoder_workspace/im_exp/lora/reviewer_followup/model_architecture_14h_20260917/core/evaluations/cluener_qwen3_4b_base_hidden_both_s6100/dev/SUMMARY.json,01e4b93296eada4d890acf7747339bbbbd03efa17e791c6600df5a65f72ddeb6
core,cluener,qwen3_4b_base,hidden_both,6101,False,0.2356440429284703,0.07090494271324133,1.9617363214492798,0.09375,73.19062181447502,69.64570699010532,/commondocument/wz/cross_encoder_workspace/im_exp/lora/reviewer_followup/model_architecture_14h_20260917/core/checkpoints/cluener_qwen3_4b_base_hidden_both_s6101/TRAINING.json,dfdbe27658b6125cb95db5e7c6ea9a23e2bfe52a285dae2bbbb3cc12c0527e04,/commondocument/wz/cross_encoder_workspace/im_exp/lora/reviewer_followup/model_architecture_14h_20260917/core/evaluations/cluener_qwen3_4b_base_hidden_both_s6101/dev/SUMMARY.json,5577cb44fe41ae0e20d1d5dd70e37274dfe6ddef591e84207be6cc5d73620a6d
core,cluener,qwen3_4b_base,hidden_both,6102,False,0.22439188229327556,0.07815462950566143,2.016783781349659,0.125,72.16494845360825,69.45296111021462,/commondocument/wz/cross_encoder_workspace/im_exp/lora/reviewer_followup/model_architecture_14h_20260917/core/checkpoints/cluener_qwen3_4b_base_hidden_both_s6102/TRAINING.json,385e299872c32242374ca35d118191c8918be8465fbd7c133aa65e8621668cc0,/commondocument/wz/cross_encoder_workspace/im_exp/lora/reviewer_followup/model_architecture_14h_20260917/core/evaluations/cluener_qwen3_4b_base_hidden_both_s6102/dev/SUMMARY.json,dc2df9048c3b89f38f16373d70a0fde0736dec7d5548a0fc09775357432d2617
core,cluener,qwen3_4b_base,input,6100,False,0.3984479488572106,0.1524169516778784,1.15533347427845,0.34375,51.03598691384951,46.51008931524975,/commondocument/wz/cross_encoder_workspace/im_exp/lora/reviewer_followup/model_architecture_14h_20260917/core/checkpoints/cluener_qwen3_4b_base_input_s6100/TRAINING.json,8605a65ee7787d33d6b9d017a8848bf3abe8fddfd9da82436e0b01b056736479,/commondocument/wz/cross_encoder_workspace/im_exp/lora/reviewer_followup/model_architecture_14h_20260917/core/evaluations/cluener_qwen3_4b_base_input_s6100/dev/SUMMARY.json,56e6a56ee9c56998f1b4dab0558aecbdc6e2bd105d13e214b0aa2fd8a5b5df2e
core,cluener,qwen3_4b_base,input,6101,False,0.4177650078199804,0.13887662747583818,1.1681674867868423,0.359375,51.03598691384951,48.37067209775967,/commondocument/wz/cross_encoder_workspace/im_exp/lora/reviewer_followup/model_architecture_14h_20260917/core/checkpoints/cluener_qwen3_4b_base_input_s6101/TRAINING.json,5f3db49b078b5d2b87d52b5372d218aaa14a5dfc31252e23df8019f9263cbdb7,/commondocument/wz/cross_encoder_workspace/im_exp/lora/reviewer_followup/model_architecture_14h_20260917/core/evaluations/cluener_qwen3_4b_base_input_s6101/dev/SUMMARY.json,b71ee747126d8e8f659c474aae268de845dc59da8985641c114df4a72e6bf0fe
core,cluener,qwen3_4b_base,input,6102,False,0.4016350042074919,0.13926284007902723,1.089007407426834,0.359375,50.05257623554154,48.219703017723134,/commondocument/wz/cross_encoder_workspace/im_exp/lora/reviewer_followup/model_architecture_14h_20260917/core/checkpoints/cluener_qwen3_4b_base_input_s6102/TRAINING.json,e4b78be311aca4049f930d0a49d40d27ef7555f3bc5f1e8956fc29d4c15c7431,/commondocument/wz/cross_encoder_workspace/im_exp/lora/reviewer_followup/model_architecture_14h_20260917/core/evaluations/cluener_qwen3_4b_base_input_s6102/dev/SUMMARY.json,ed8cee0f1e35a5346a9a3492f816eb9350d9b985a041b9687f136ffb4c509b83
core,cluener,qwen3_4b_base,output,6100,False,0.3220500102615915,0.15061654211604036,5.955143615603447,0.21875,48.22389666307858,48.88296098699566,/commondocument/wz/cross_encoder_workspace/im_exp/lora/reviewer_followup/model_architecture_14h_20260917/core/checkpoints/cluener_qwen3_4b_base_output_s6100/TRAINING.json,68b9dd0826c104021b36c31c243c76bdb94420973136425001a48e148608469a,/commondocument/wz/cross_encoder_workspace/im_exp/lora/reviewer_followup/model_architecture_14h_20260917/core/evaluations/cluener_qwen3_4b_base_output_s6100/dev/SUMMARY.json,ae3d8688de839d7decdd98d634917272938199684251baf14b6fd85ed671343a
core,cluener,qwen3_4b_base,output,6101,False,0.31620738221681677,0.13435814475815278,4.720295071601868,0.21875,50.108932461873636,48.9946380697051,/commondocument/wz/cross_encoder_workspace/im_exp/lora/reviewer_followup/model_architecture_14h_20260917/core/checkpoints/cluener_qwen3_4b_base_output_s6101/TRAINING.json,2db3fee408c1f22d86d07ff227f6385694df7083668a474e5e730d9d15e97d20,/commondocument/wz/cross_encoder_workspace/im_exp/lora/reviewer_followup/model_architecture_14h_20260917/core/evaluations/cluener_qwen3_4b_base_output_s6101/dev/SUMMARY.json,2067dcfe9e1a6dfc9148faffafe519ba6f595d240e8afde66039a7e6ed2d5345
core,cluener,qwen3_4b_base,output,6102,False,0.30606744906981476,0.13599763675301801,5.185658559203148,0.21875,47.66949152542373,49.83776768332252,/commondocument/wz/cross_encoder_workspace/im_exp/lora/reviewer_followup/model_architecture_14h_20260917/core/checkpoints/cluener_qwen3_4b_base_output_s6102/TRAINING.json,3eb9d6db7661cf4a6e86fc9693a4a270f020aaaed0114c525bdf29ab6b25b6d6,/commondocument/wz/cross_encoder_workspace/im_exp/lora/reviewer_followup/model_architecture_14h_20260917/core/evaluations/cluener_qwen3_4b_base_output_s6102/dev/SUMMARY.json,0e14e4fc75ddbae01a6b770c5b607db507be4ff9790cb7eb8cee34865df22ece
core,cluener,qwen3_4b_base,both,6100,False,0.29280973292770796,0.12050846523197833,4.898648232221603,0.25,58.41269841269841,56.10305958132045,/commondocument/wz/cross_encoder_workspace/im_exp/lora/reviewer_followup/model_architecture_14h_20260917/core/checkpoints/cluener_qwen3_4b_base_both_s6100/TRAINING.json,86296cb366abbe39c85f2a98296b27c4f187ab88e0123a0d884c6901feee1ce3,/commondocument/wz/cross_encoder_workspace/im_exp/lora/reviewer_followup/model_architecture_14h_20260917/core/evaluations/cluener_qwen3_4b_base_both_s6100/dev/SUMMARY.json,4e1f20627dc56d320f77bdc4e2bf5aceba67a67227fea9b7a8428f93e6b64d6d
core,cluener,qwen3_4b_base,both,6101,False,0.2997972192824818,0.11037286673672497,4.440540194511414,0.1875,60.39707419017764,56.987353929886346,/commondocument/wz/cross_encoder_workspace/im_exp/lora/reviewer_followup/model_architecture_14h_20260917/core/checkpoints/cluener_qwen3_4b_base_both_s6101/TRAINING.json,1590dfb618ad0eee69b4769df35a22cd3ee7e55ac2461bab2bfbe94068d8ce1e,/commondocument/wz/cross_encoder_workspace/im_exp/lora/reviewer_followup/model_architecture_14h_20260917/core/evaluations/cluener_qwen3_4b_base_both_s6101/dev/SUMMARY.json,d917b0d37b1a61616780deb181a5f7ddebbb2d5bad72c68453652d8f135a8cbb
core,cluener,qwen3_4b_base,both,6102,False,0.29326712150941603,0.11241045549832052,5.010040611028671,0.234375,59.81688708036623,56.67138142385667,/commondocument/wz/cross_encoder_workspace/im_exp/lora/reviewer_followup/model_architecture_14h_20260917/core/checkpoints/cluener_qwen3_4b_base_both_s6102/TRAINING.json,fe29c6a96ece045c44690b965b9d6fe1c5b2777dd19716d22f711fd46b8d98c5,/commondocument/wz/cross_encoder_workspace/im_exp/lora/reviewer_followup/model_architecture_14h_20260917/core/evaluations/cluener_qwen3_4b_base_both_s6102/dev/SUMMARY.json,0bac0feb85d16639d327a87167dc51b26ef4ada5f392f79735fb2e8a465b57a8
core,wikisql,qwen3_4b_base,hidden,7100,False,0.3222298994078301,0.07341823502792977,0.818857092410326,0.046875,84.375,81.93359375,/commondocument/wz/cross_encoder_workspace/im_exp/lora/reviewer_followup/model_architecture_14h_20260917/core/checkpoints/wikisql_qwen3_4b_base_hidden_s7100/TRAINING.json,8c990e1f9ba786bb7ea85390de9a777d559ce9e1ac4fa4653e6cbe2d4ff3c3dd,/commondocument/wz/cross_encoder_workspace/im_exp/lora/reviewer_followup/model_architecture_14h_20260917/core/evaluations/wikisql_qwen3_4b_base_hidden_s7100/dev/SUMMARY.json,1f7893a625d31f63d5ada1edd43df914a161b28767427e7264290e930f7bacb1
core,wikisql,qwen3_4b_base,hidden,7101,False,0.32554429181618616,0.061416479635227006,0.8113770037889481,0.046875,85.15625,81.15234375,/commondocument/wz/cross_encoder_workspace/im_exp/lora/reviewer_followup/model_architecture_14h_20260917/core/checkpoints/wikisql_qwen3_4b_base_hidden_s7101/TRAINING.json,8d9f4090647ab7789022353b28f9986878267cc8e5ff3d94de1ae74cbef7b81d,/commondocument/wz/cross_encoder_workspace/im_exp/lora/reviewer_followup/model_architecture_14h_20260917/core/evaluations/wikisql_qwen3_4b_base_hidden_s7101/dev/SUMMARY.json,f489e73d6353b4b271a836f9165960233f851dd83f587627bfa18701a33ecd03
core,wikisql,qwen3_4b_base,hidden,7102,False,0.31344604401965626,0.06192834394460078,0.792160838842392,0.046875,81.640625,79.98046875,/commondocument/wz/cross_encoder_workspace/im_exp/lora/reviewer_followup/model_architecture_14h_20260917/core/checkpoints/wikisql_qwen3_4b_base_hidden_s7102/TRAINING.json,78cc590d5c35362ddb30f7cb93b5d5b5a72159043548c6261fe130483604bc33,/commondocument/wz/cross_encoder_workspace/im_exp/lora/reviewer_followup/model_architecture_14h_20260917/core/evaluations/wikisql_qwen3_4b_base_hidden_s7102/dev/SUMMARY.json,a5dd87fe0c7699d203775d5f2086bdcc3e79d90792da6cdcb1c883aa28da2978
core,wikisql,qwen3_4b_base,hidden_budget,7100,False,0.32177933264756575,0.07234720408450812,0.8298806101083755,0.046875,84.765625,81.73828125,/commondocument/wz/cross_encoder_workspace/im_exp/lora/reviewer_followup/model_architecture_14h_20260917/core/checkpoints/wikisql_qwen3_4b_base_hidden_budget_s7100/TRAINING.json,efa7cc109e7f7816e903890fdeb2840aa46ea740755bcc2c14539fcccff5792c,/commondocument/wz/cross_encoder_workspace/im_exp/lora/reviewer_followup/model_architecture_14h_20260917/core/evaluations/wikisql_qwen3_4b_base_hidden_budget_s7100/dev/SUMMARY.json,f7ae4b0a06befa59d6c53fb93b552828364d3d7f6d25663ff94a839a671d42c3
core,wikisql,qwen3_4b_base,hidden_budget,7101,False,0.3253642556373961,0.06181315154390177,0.8189110420644283,0.046875,84.375,81.4453125,/commondocument/wz/cross_encoder_workspace/im_exp/lora/reviewer_followup/model_architecture_14h_20260917/core/checkpoints/wikisql_qwen3_4b_base_hidden_budget_s7101/TRAINING.json,65e4f441465c5b2d818238b2ba883396dd89a7ccc11d1b5ee2e8f7f621db9198,/commondocument/wz/cross_encoder_workspace/im_exp/lora/reviewer_followup/model_architecture_14h_20260917/core/evaluations/wikisql_qwen3_4b_base_hidden_budget_s7101/dev/SUMMARY.json,677ef4198c534bdad740abd141be6e6cf3941ec8a7bae618673e93fdd5baad20
core,wikisql,qwen3_4b_base,hidden_budget,7102,False,0.3129484810633585,0.06177276039670687,0.7930862866342068,0.046875,81.640625,81.15234375,/commondocument/wz/cross_encoder_workspace/im_exp/lora/reviewer_followup/model_architecture_14h_20260917/core/checkpoints/wikisql_qwen3_4b_base_hidden_budget_s7102/TRAINING.json,e0d8b5802f497b4325b21b9fa3a3cd1e21edb6896b40def80ddbf4a3f15f1aea,/commondocument/wz/cross_encoder_workspace/im_exp/lora/reviewer_followup/model_architecture_14h_20260917/core/evaluations/wikisql_qwen3_4b_base_hidden_budget_s7102/dev/SUMMARY.json,4895ca5650f387ccac5a8fe864b67a6a900c912667177d0c67d5ece9d4866031
core,wikisql,qwen3_4b_base,hidden_input,7100,False,0.3161942521110177,0.07046823762357235,1.1802554279565811,0.046875,83.203125,81.34765625,/commondocument/wz/cross_encoder_workspace/im_exp/lora/reviewer_followup/model_architecture_14h_20260917/core/checkpoints/wikisql_qwen3_4b_base_hidden_input_s7100/TRAINING.json,c24d16cb5f11887c7d1ba292ab54517080f4c4be35c11b23ce5e6ecfd48a857e,/commondocument/wz/cross_encoder_workspace/im_exp/lora/reviewer_followup/model_architecture_14h_20260917/core/evaluations/wikisql_qwen3_4b_base_hidden_input_s7100/dev/SUMMARY.json,0c0f44ee6f4692843601b163fca4f39f1377744a650edd309f14e76c79fe54f2
core,wikisql,qwen3_4b_base,hidden_input,7101,False,0.3181684229057282,0.06055208580073668,1.1760420575737953,0.0625,87.5,81.73828125,/commondocument/wz/cross_encoder_workspace/im_exp/lora/reviewer_followup/model_architecture_14h_20260917/core/checkpoints/wikisql_qwen3_4b_base_hidden_input_s7101/TRAINING.json,5c1c8cdd2e737e80bdc1b798b1fe1ee9af437671376e00b87946a5d235c07df1,/commondocument/wz/cross_encoder_workspace/im_exp/lora/reviewer_followup/model_architecture_14h_20260917/core/evaluations/wikisql_qwen3_4b_base_hidden_input_s7101/dev/SUMMARY.json,0f38dc3fca4233ed1ea4e2fc7f3ec605eaf022cbf2a42461b66d980df8136ba5
core,wikisql,qwen3_4b_base,hidden_input,7102,False,0.30712955168564804,0.060545463777089026,1.1622787490487099,0.046875,83.203125,80.95703125,/commondocument/wz/cross_encoder_workspace/im_exp/lora/reviewer_followup/model_architecture_14h_20260917/core/checkpoints/wikisql_qwen3_4b_base_hidden_input_s7102/TRAINING.json,da180d1296273154c63fb64e1bba00c32c7faba198fdcba5ed36882e8058b769,/commondocument/wz/cross_encoder_workspace/im_exp/lora/reviewer_followup/model_architecture_14h_20260917/core/evaluations/wikisql_qwen3_4b_base_hidden_input_s7102/dev/SUMMARY.json,560944aaa82b6fe428c21ac6fffc950f29771b2defe24154fabe47be0b3c4d99
core,wikisql,qwen3_4b_base,hidden_output,7100,False,0.30048621800960973,0.06911974775721319,2.2388079538941383,0.078125,85.546875,82.421875,/commondocument/wz/cross_encoder_workspace/im_exp/lora/reviewer_followup/model_architecture_14h_20260917/core/checkpoints/wikisql_qwen3_4b_base_hidden_output_s7100/TRAINING.json,eab8b616129d136892b5b3ad7371845101dd0fbe826c39f96f7f0f302a7b12fb,/commondocument/wz/cross_encoder_workspace/im_exp/lora/reviewer_followup/model_architecture_14h_20260917/core/evaluations/wikisql_qwen3_4b_base_hidden_output_s7100/dev/SUMMARY.json,0e9b0b173f833de46b02d546be0db205d574d6832f867459c3adc80cbfca3a43
core,wikisql,qwen3_4b_base,hidden_output,7101,False,0.3014141001040116,0.06011031557136448,2.817269578576088,0.0625,84.375,82.03125,/commondocument/wz/cross_encoder_workspace/im_exp/lora/reviewer_followup/model_architecture_14h_20260917/core/checkpoints/wikisql_qwen3_4b_base_hidden_output_s7101/TRAINING.json,4a14e79678b5b197b9b834cc739eb3540483a5427c0e057a181a0083acb4b4ee,/commondocument/wz/cross_encoder_workspace/im_exp/lora/reviewer_followup/model_architecture_14h_20260917/core/evaluations/wikisql_qwen3_4b_base_hidden_output_s7101/dev/SUMMARY.json,cd7aed14c2b22c1e67e23ef946a1c0d859c121ad5191ab91e812d49c36bb2f64
core,wikisql,qwen3_4b_base,hidden_output,7102,False,0.29205833704327233,0.05869474963401444,2.5627088472247124,0.0625,83.59375,81.4453125,/commondocument/wz/cross_encoder_workspace/im_exp/lora/reviewer_followup/model_architecture_14h_20260917/core/checkpoints/wikisql_qwen3_4b_base_hidden_output_s7102/TRAINING.json,743ecd9e634c8bcb7b4c559009c45f829821c0f2c3eba4ba71f2b090d5299f30,/commondocument/wz/cross_encoder_workspace/im_exp/lora/reviewer_followup/model_architecture_14h_20260917/core/evaluations/wikisql_qwen3_4b_base_hidden_output_s7102/dev/SUMMARY.json,8b935a39f6608948b945d55e0ad43cee31f2f128025bcc7e6c4cead6f95260c6
core,wikisql,qwen3_4b_base,hidden_both,7100,False,0.29741022671805695,0.06798692492884584,2.4243535697460175,0.09375,85.15625,82.6171875,/commondocument/wz/cross_encoder_workspace/im_exp/lora/reviewer_followup/model_architecture_14h_20260917/core/checkpoints/wikisql_qwen3_4b_base_hidden_both_s7100/TRAINING.json,d50d8d9df438dab53129fcac0d4b4c05aac4bcef444e0cee64e00eaee88a5066,/commondocument/wz/cross_encoder_workspace/im_exp/lora/reviewer_followup/model_architecture_14h_20260917/core/evaluations/wikisql_qwen3_4b_base_hidden_both_s7100/dev/SUMMARY.json,b75c52985dfb2c5cf174dc332202358b2fe04a291d3631a098a3735ac7a7330f
core,wikisql,qwen3_4b_base,hidden_both,7101,False,0.29662278143223375,0.05889228169689886,2.8772279024124146,0.078125,85.546875,81.54296875,/commondocument/wz/cross_encoder_workspace/im_exp/lora/reviewer_followup/model_architecture_14h_20260917/core/checkpoints/wikisql_qwen3_4b_base_hidden_both_s7101/TRAINING.json,921388e72a5c67939521b64915f80f67fafc0aac87688005a0dbf93e83a9d40a,/commondocument/wz/cross_encoder_workspace/im_exp/lora/reviewer_followup/model_architecture_14h_20260917/core/evaluations/wikisql_qwen3_4b_base_hidden_both_s7101/dev/SUMMARY.json,942dc188597e11a7ba82628f9c356a1a253f1911f7bc8218357b8c3384634824
core,wikisql,qwen3_4b_base,hidden_both,7102,False,0.28817576813162304,0.058653709551435895,2.6702741086483,0.078125,85.9375,82.8125,/commondocument/wz/cross_encoder_workspace/im_exp/lora/reviewer_followup/model_architecture_14h_20260917/core/checkpoints/wikisql_qwen3_4b_base_hidden_both_s7102/TRAINING.json,952a6ccfc013cc9ea12daa110f0133a612fa3d89d2bf7c6c91da9bba85093ebe,/commondocument/wz/cross_encoder_workspace/im_exp/lora/reviewer_followup/model_architecture_14h_20260917/core/evaluations/wikisql_qwen3_4b_base_hidden_both_s7102/dev/SUMMARY.json,6c57171025931b4935fd3c04590534fc905e17cdc66e743061f43fee8dd57eac
core,wikisql,qwen3_4b_base,input,7100,False,0.5953527204692364,0.15558486944064498,1.573423609137535,0.8125,58.203125,55.46875,/commondocument/wz/cross_encoder_workspace/im_exp/lora/reviewer_followup/model_architecture_14h_20260917/core/checkpoints/wikisql_qwen3_4b_base_input_s7100/TRAINING.json,787cabf3d41ce2eb49023c743f727ffc92ebcba8ee32f7d98fdf8566d29d93ea,/commondocument/wz/cross_encoder_workspace/im_exp/lora/reviewer_followup/model_architecture_14h_20260917/core/evaluations/wikisql_qwen3_4b_base_input_s7100/dev/SUMMARY.json,ff68b233058014a68aec995ff1af07f7e7b61a600352e4fb365229254bc988c2
core,wikisql,qwen3_4b_base,input,7101,False,0.6032517906278372,0.15156469627982005,1.589515209197998,0.8125,57.03125,53.02734375,/commondocument/wz/cross_encoder_workspace/im_exp/lora/reviewer_followup/model_architecture_14h_20260917/core/checkpoints/wikisql_qwen3_4b_base_input_s7101/TRAINING.json,8891cbb9868df6c5243d54622543bf6e3f488187043052efb3c8b47cea3e8253,/commondocument/wz/cross_encoder_workspace/im_exp/lora/reviewer_followup/model_architecture_14h_20260917/core/evaluations/wikisql_qwen3_4b_base_input_s7101/dev/SUMMARY.json,29cafbbab34507f9e681182445eea9d34890f1637ed3e757082619512176597a
core,wikisql,qwen3_4b_base,input,7102,False,0.5878632375970483,0.1491412955801934,1.6474674344062805,0.796875,58.203125,55.76171875,/commondocument/wz/cross_encoder_workspace/im_exp/lora/reviewer_followup/model_architecture_14h_20260917/core/checkpoints/wikisql_qwen3_4b_base_input_s7102/TRAINING.json,9c230e00c17a13225fc6db5fd3f25eb7a551cf3978ef7c097e2e3d28d97e7bb0,/commondocument/wz/cross_encoder_workspace/im_exp/lora/reviewer_followup/model_architecture_14h_20260917/core/evaluations/wikisql_qwen3_4b_base_input_s7102/dev/SUMMARY.json,9702c6fedb2a2ac10ff16ae248c461e3e0c8160d88a81484b90af97b31796c18
core,wikisql,qwen3_4b_base,output,7100,False,0.42896040668711066,0.1836945359245874,4.405587166547775,0.375,53.515625,49.0234375,/commondocument/wz/cross_encoder_workspace/im_exp/lora/reviewer_followup/model_architecture_14h_20260917/core/checkpoints/wikisql_qwen3_4b_base_output_s7100/TRAINING.json,61311170b8247feec585f1beb2654187f84c75fe2501c58ed638400de857b762,/commondocument/wz/cross_encoder_workspace/im_exp/lora/reviewer_followup/model_architecture_14h_20260917/core/evaluations/wikisql_qwen3_4b_base_output_s7100/dev/SUMMARY.json,8c07007f59f5e7c388f64f5bd58b3f38dd28e8e260d038b18a4927360189d8c7
core,wikisql,qwen3_4b_base,output,7101,False,0.43886631913483143,0.1794701537291985,5.227849930524826,0.59375,53.515625,48.6328125,/commondocument/wz/cross_encoder_workspace/im_exp/lora/reviewer_followup/model_architecture_14h_20260917/core/checkpoints/wikisql_qwen3_4b_base_output_s7101/TRAINING.json,bdecfa35a5c711c59413eeb7e7c5bebe41965efbb35f98be65a7b7463811b94e,/commondocument/wz/cross_encoder_workspace/im_exp/lora/reviewer_followup/model_architecture_14h_20260917/core/evaluations/wikisql_qwen3_4b_base_output_s7101/dev/SUMMARY.json,5da78e286fd8d088a89c761906fe471991b31192edde4dde871d8991b15a5f73
core,wikisql,qwen3_4b_base,output,7102,False,0.42480803362559527,0.16975105216261,4.953224390745163,0.484375,53.515625,48.53515625,/commondocument/wz/cross_encoder_workspace/im_exp/lora/reviewer_followup/model_architecture_14h_20260917/core/checkpoints/wikisql_qwen3_4b_base_output_s7102/TRAINING.json,ef9be835371f4054869e56875c2d60fd36933f9b2a59135d7cdf0a1fbce4db75,/commondocument/wz/cross_encoder_workspace/im_exp/lora/reviewer_followup/model_architecture_14h_20260917/core/evaluations/wikisql_qwen3_4b_base_output_s7102/dev/SUMMARY.json,bfdf2f0a21360a968032cc416bf0e2fe4715fca6edc9df7ffe9127d9416a311b
core,wikisql,qwen3_4b_base,both,7100,False,0.4031243777135387,0.13877131143817678,4.019460469484329,0.421875,72.65625,66.6015625,/commondocument/wz/cross_encoder_workspace/im_exp/lora/reviewer_followup/model_architecture_14h_20260917/core/checkpoints/wikisql_qwen3_4b_base_both_s7100/TRAINING.json,aa3cd8a01af6f1b64de323c3e907f57b8bbedb7b26986a90a6f52a1c388a3cf1,/commondocument/wz/cross_encoder_workspace/im_exp/lora/reviewer_followup/model_architecture_14h_20260917/core/evaluations/wikisql_qwen3_4b_base_both_s7100/dev/SUMMARY.json,fc98ec39e38f308f6995cfdc2c5ba9182635df9e7ea504ee52ea8607cd70b8ed
core,wikisql,qwen3_4b_base,both,7101,False,0.4152782775927335,0.12077173183206469,4.9104632288217545,0.65625,68.359375,64.74609375,/commondocument/wz/cross_encoder_workspace/im_exp/lora/reviewer_followup/model_architecture_14h_20260917/core/checkpoints/wikisql_qwen3_4b_base_both_s7101/TRAINING.json,9676757dd806f1510779957f2d5776f475afa3a88a436a47d5a7a4904b8e6303,/commondocument/wz/cross_encoder_workspace/im_exp/lora/reviewer_followup/model_architecture_14h_20260917/core/evaluations/wikisql_qwen3_4b_base_both_s7101/dev/SUMMARY.json,8673d6c5cbbf655df0672519348b8c2c97575df75c6132bc86b7ecd8f14570f9
core,wikisql,qwen3_4b_base,both,7102,False,0.3995405822061002,0.12158626515883952,4.706818535923958,0.6875,70.3125,66.6015625,/commondocument/wz/cross_encoder_workspace/im_exp/lora/reviewer_followup/model_architecture_14h_20260917/core/checkpoints/wikisql_qwen3_4b_base_both_s7102/TRAINING.json,6d5000c1f550d5798a09bb3fce8c5aa9022e53cab73479d9101361a6a949c1d0,/commondocument/wz/cross_encoder_workspace/im_exp/lora/reviewer_followup/model_architecture_14h_20260917/core/evaluations/wikisql_qwen3_4b_base_both_s7102/dev/SUMMARY.json,392d83de45cc4a246c10c1de65755ca4d3b0507c2c504abdc66cbf60385509ee
core,cluener,qwen3_8b_base,hidden,6100,False,0.2125711852713721,0.08063787548690016,0.4635511841624975,0.0,71.67868177136972,70.52563689132538,/commondocument/wz/cross_encoder_workspace/im_exp/lora/reviewer_followup/model_architecture_14h_20260917/core/checkpoints/cluener_qwen3_8b_base_hidden_s6100/TRAINING.json,1f27be2925e31496f191d9ac92f2dd5068e373d953054e77fea9760e1e70a70e,/commondocument/wz/cross_encoder_workspace/im_exp/lora/reviewer_followup/model_architecture_14h_20260917/core/evaluations/cluener_qwen3_8b_base_hidden_s6100/dev/SUMMARY.json,1f0d6a806603583b0ac48c53ec8fc9790724a09b26253dd05292cde992ca9a51
core,cluener,qwen3_8b_base,hidden,6101,False,0.22303748922422528,0.06933984001807403,0.5124367102980614,0.0,70.75962539021852,71.09311740890688,/commondocument/wz/cross_encoder_workspace/im_exp/lora/reviewer_followup/model_architecture_14h_20260917/core/checkpoints/cluener_qwen3_8b_base_hidden_s6101/TRAINING.json,06f48c8f8588fb5cdc6bbf443126101419ed05ecf68fb787ac6a61d43031a0be,/commondocument/wz/cross_encoder_workspace/im_exp/lora/reviewer_followup/model_architecture_14h_20260917/core/evaluations/cluener_qwen3_8b_base_hidden_s6101/dev/SUMMARY.json,deb8e70458fca6b7c1eca4291c06b9cd36762a57525e256e2b36e5fa1f4e29db
core,cluener,qwen3_8b_base,hidden,6102,False,0.21349131921306252,0.07331904672719247,0.39686549827456474,0.0,71.0880829015544,70.24249237192869,/commondocument/wz/cross_encoder_workspace/im_exp/lora/reviewer_followup/model_architecture_14h_20260917/core/checkpoints/cluener_qwen3_8b_base_hidden_s6102/TRAINING.json,4c727dff400e6459231b32c65f63440a67a2d5d938eae095e97c8296b874c990,/commondocument/wz/cross_encoder_workspace/im_exp/lora/reviewer_followup/model_architecture_14h_20260917/core/evaluations/cluener_qwen3_8b_base_hidden_s6102/dev/SUMMARY.json,6e0ae3de222425e5a33603d10621d3a6c6267304477d5b5887b65eeef9f55a32
core,cluener,qwen3_8b_base,hidden_budget,6100,False,0.21221300352772232,0.08051527920542867,0.4610016066581011,0.0,71.94244604316546,71.11039380245319,/commondocument/wz/cross_encoder_workspace/im_exp/lora/reviewer_followup/model_architecture_14h_20260917/core/checkpoints/cluener_qwen3_8b_base_hidden_budget_s6100/TRAINING.json,4062322e488e74f76655a8362993fe12a47ef70e5b83749dd123f502edfed602,/commondocument/wz/cross_encoder_workspace/im_exp/lora/reviewer_followup/model_architecture_14h_20260917/core/evaluations/cluener_qwen3_8b_base_hidden_budget_s6100/dev/SUMMARY.json,3cd9f609681b6e85873720004edc2080290606132abd001742369874b40aff8e
core,cluener,qwen3_8b_base,hidden_budget,6101,False,0.22279122138570528,0.0686153920050856,0.5127406306564808,0.0,71.72557172557173,71.03559870550161,/commondocument/wz/cross_encoder_workspace/im_exp/lora/reviewer_followup/model_architecture_14h_20260917/core/checkpoints/cluener_qwen3_8b_base_hidden_budget_s6101/TRAINING.json,8a7b87413a5c49fcf49bc3ff3200f085726323a893d2a780fc0783b2cd3d3ed7,/commondocument/wz/cross_encoder_workspace/im_exp/lora/reviewer_followup/model_architecture_14h_20260917/core/evaluations/cluener_qwen3_8b_base_hidden_budget_s6101/dev/SUMMARY.json,6e1d33662b39cbbbe55fcaef765f5e8d002553dfca8cc2e6c5833ec01a841075
core,cluener,qwen3_8b_base,hidden_budget,6102,False,0.21316338612814434,0.07303672398120398,0.39709234796464443,0.0,71.0880829015544,70.45344521542683,/commondocument/wz/cross_encoder_workspace/im_exp/lora/reviewer_followup/model_architecture_14h_20260917/core/checkpoints/cluener_qwen3_8b_base_hidden_budget_s6102/TRAINING.json,21cc3658f1b9763f69d80a9b3d52c7d2aa6fbd770fb23ba56f4d74e9ef8bd9c5,/commondocument/wz/cross_encoder_workspace/im_exp/lora/reviewer_followup/model_architecture_14h_20260917/core/evaluations/cluener_qwen3_8b_base_hidden_budget_s6102/dev/SUMMARY.json,3eb5dd1530fb402aa2b64d10641a9c5a872197600fb695b40537176bdaf34382
core,cluener,qwen3_8b_base,hidden_input,6100,False,0.20745572945452295,0.08025996755895903,0.5532086007297039,0.0,71.17948717948718,71.58232931726907,/commondocument/wz/cross_encoder_workspace/im_exp/lora/reviewer_followup/model_architecture_14h_20260917/core/checkpoints/cluener_qwen3_8b_base_hidden_input_s6100/TRAINING.json,e56eba09132c46752ac51e59b56c4003637354d3cc24a9ce5a1c51fac75b9952,/commondocument/wz/cross_encoder_workspace/im_exp/lora/reviewer_followup/model_architecture_14h_20260917/core/evaluations/cluener_qwen3_8b_base_hidden_input_s6100/dev/SUMMARY.json,a3df1c3b72ccd5055fd82c2f644acafdf067f05e690e8f8ba08e3557f18f6e7b
core,cluener,qwen3_8b_base,hidden_input,6101,False,0.2197755626111757,0.06995174516850966,0.641013864427805,0.015625,71.7948717948718,70.07861382961656,/commondocument/wz/cross_encoder_workspace/im_exp/lora/reviewer_followup/model_architecture_14h_20260917/core/checkpoints/cluener_qwen3_8b_base_hidden_input_s6101/TRAINING.json,9a53694bb2cb5524440efe3cdb738dda2a1718b81fa98f1b0325732dfb5cf955,/commondocument/wz/cross_encoder_workspace/im_exp/lora/reviewer_followup/model_architecture_14h_20260917/core/evaluations/cluener_qwen3_8b_base_hidden_input_s6101/dev/SUMMARY.json,294f1ed384b16030320880feb9058a3659e73685da270c7a735bc90874c721cb
core,cluener,qwen3_8b_base,hidden_input,6102,False,0.20988291176036,0.07282533896614041,0.5076450742781162,0.0,71.2215320910973,70.87222401029932,/commondocument/wz/cross_encoder_workspace/im_exp/lora/reviewer_followup/model_architecture_14h_20260917/core/checkpoints/cluener_qwen3_8b_base_hidden_input_s6102/TRAINING.json,418909d5e151ff4cc29d384534fd11a4a302096e0840df1d18047c3ff394f2dd,/commondocument/wz/cross_encoder_workspace/im_exp/lora/reviewer_followup/model_architecture_14h_20260917/core/evaluations/cluener_qwen3_8b_base_hidden_input_s6102/dev/SUMMARY.json,50438682109396a0c608d4723153835e7d2558f983d472431a4566a3626e160c
core,cluener,qwen3_8b_base,hidden_output,6100,False,0.18588531915156636,0.0784053185616358,2.558627873659134,0.078125,71.29533678756476,72.49432371067142,/commondocument/wz/cross_encoder_workspace/im_exp/lora/reviewer_followup/model_architecture_14h_20260917/core/checkpoints/cluener_qwen3_8b_base_hidden_output_s6100/TRAINING.json,48492078785b99dbd65fa675975f5cbe263ce820cfe9f8b79db80835e5d83837,/commondocument/wz/cross_encoder_workspace/im_exp/lora/reviewer_followup/model_architecture_14h_20260917/core/evaluations/cluener_qwen3_8b_base_hidden_output_s6100/dev/SUMMARY.json,9bf0c9401a265a323b1bccdb5e906b4585116198d86f8a2527d91077afe924dd
core,cluener,qwen3_8b_base,hidden_output,6101,False,0.2060667889090837,0.06534709853167442,4.872068308293819,0.09375,72.50257466529351,71.41479099678456,/commondocument/wz/cross_encoder_workspace/im_exp/lora/reviewer_followup/model_architecture_14h_20260917/core/checkpoints/cluener_qwen3_8b_base_hidden_output_s6101/TRAINING.json,5305668be4489bc5f653adbe6bf5ebd7302d84025ac72d27f1e7a242309e07f9,/commondocument/wz/cross_encoder_workspace/im_exp/lora/reviewer_followup/model_architecture_14h_20260917/core/evaluations/cluener_qwen3_8b_base_hidden_output_s6101/dev/SUMMARY.json,b35e56c07d8341bcfa6a2f3f0cc78a564781d1f80cb3de5c13524dc7a3ced92b
core,cluener,qwen3_8b_base,hidden_output,6102,False,0.19413417397299781,0.07007136388710933,4.419111862778664,0.09375,72.27926078028747,71.04544724586478,/commondocument/wz/cross_encoder_workspace/im_exp/lora/reviewer_followup/model_architecture_14h_20260917/core/checkpoints/cluener_qwen3_8b_base_hidden_output_s6102/TRAINING.json,e51c3c9ec7759f2aa2d1e434701a55e138eee4ad284b0009325dca98745d28ad,/commondocument/wz/cross_encoder_workspace/im_exp/lora/reviewer_followup/model_architecture_14h_20260917/core/evaluations/cluener_qwen3_8b_base_hidden_output_s6102/dev/SUMMARY.json,0c505db9b680722513aaf0c2c1b47694483d444d32aa99d5a552b0faf00a533e
core,cluener,qwen3_8b_base,hidden_both,6100,False,0.18607145933492575,0.07759275605167204,2.59597534686327,0.09375,71.35575942915392,72.3589001447178,/commondocument/wz/cross_encoder_workspace/im_exp/lora/reviewer_followup/model_architecture_14h_20260917/core/checkpoints/cluener_qwen3_8b_base_hidden_both_s6100/TRAINING.json,dec0988f29f7bfbeff5598b6a48285f3d03be53bee9917bd48aaa93b9c068f82,/commondocument/wz/cross_encoder_workspace/im_exp/lora/reviewer_followup/model_architecture_14h_20260917/core/evaluations/cluener_qwen3_8b_base_hidden_both_s6100/dev/SUMMARY.json,336aa3e9cd93dea21f1dcefec56c2bbf593ba8ab71b017e68d6ac21435ed1dfb
core,cluener,qwen3_8b_base,hidden_both,6101,False,0.20403337173047476,0.06655158701141772,4.773604236543179,0.09375,73.08488612836439,71.82712465731333,/commondocument/wz/cross_encoder_workspace/im_exp/lora/reviewer_followup/model_architecture_14h_20260917/core/checkpoints/cluener_qwen3_8b_base_hidden_both_s6101/TRAINING.json,1b67f8ee9e6069c5fed01c78558000f6fad646bc9b902ff5753f964402c02267,/commondocument/wz/cross_encoder_workspace/im_exp/lora/reviewer_followup/model_architecture_14h_20260917/core/evaluations/cluener_qwen3_8b_base_hidden_both_s6101/dev/SUMMARY.json,b2497c9036fb5722792492a45256c553d5a436c2f0d8f098073a4b48296f618a
core,cluener,qwen3_8b_base,hidden_both,6102,False,0.19337362749502063,0.06991493027817341,4.376197941601276,0.109375,72.50257466529351,71.74052665382145,/commondocument/wz/cross_encoder_workspace/im_exp/lora/reviewer_followup/model_architecture_14h_20260917/core/checkpoints/cluener_qwen3_8b_base_hidden_both_s6102/TRAINING.json,13a402bcc49960708632696f8c6df0baf90171e9d976813c5e631d5c2ccc2084,/commondocument/wz/cross_encoder_workspace/im_exp/lora/reviewer_followup/model_architecture_14h_20260917/core/evaluations/cluener_qwen3_8b_base_hidden_both_s6102/dev/SUMMARY.json,c82175237eea3dcaac4b8980ceaf8000d4b43281b203db596ae515f81661347b
core,cluener,qwen3_8b_base,input,6100,False,0.3428057449636981,0.1363441225985298,0.7071923799812794,0.15625,52.47629083245521,53.36182804537235,/commondocument/wz/cross_encoder_workspace/im_exp/lora/reviewer_followup/model_architecture_14h_20260917/core/checkpoints/cluener_qwen3_8b_base_input_s6100/TRAINING.json,f82ab71acd1d6ae0ed062352e5f8570c90b959a24646f7988de88d6ac24fa89b,/commondocument/wz/cross_encoder_workspace/im_exp/lora/reviewer_followup/model_architecture_14h_20260917/core/evaluations/cluener_qwen3_8b_base_input_s6100/dev/SUMMARY.json,8d79aa074905d611b0fe5c86939e2b154a9c9a44fd4d6ce935525e3d769bdc02
core,cluener,qwen3_8b_base,input,6101,False,0.3540825577219948,0.12457526041544043,0.6535777859389782,0.125,52.23880597014925,52.10587647744298,/commondocument/wz/cross_encoder_workspace/im_exp/lora/reviewer_followup/model_architecture_14h_20260917/core/checkpoints/cluener_qwen3_8b_base_input_s6101/TRAINING.json,1ce1f3e8e8b22038097b5984ea7d66ab1177427e9e6ce4c204930bd1dd7f50f7,/commondocument/wz/cross_encoder_workspace/im_exp/lora/reviewer_followup/model_architecture_14h_20260917/core/evaluations/cluener_qwen3_8b_base_input_s6101/dev/SUMMARY.json,4edc2330dbeecc74018922b6bc3304560340a042c258b361ce4136b83351725f
core,cluener,qwen3_8b_base,input,6102,False,0.3422075341222808,0.12803408957552165,0.6760788708925247,0.171875,53.5300316122234,53.49222111883482,/commondocument/wz/cross_encoder_workspace/im_exp/lora/reviewer_followup/model_architecture_14h_20260917/core/checkpoints/cluener_qwen3_8b_base_input_s6102/TRAINING.json,c6d3f178cf365d25a6c8565b5db2d60489bf40e3555dc9531cb4989ec974bc63,/commondocument/wz/cross_encoder_workspace/im_exp/lora/reviewer_followup/model_architecture_14h_20260917/core/evaluations/cluener_qwen3_8b_base_input_s6102/dev/SUMMARY.json,29085ee0b3a230aa331c7b1c4bc278a16c3a93216ea4499147243b96afba00db
core,cluener,qwen3_8b_base,output,6100,False,0.20698292632005177,0.11752599762985483,2.9405534863471985,0.296875,57.17321997874601,58.2059123343527,/commondocument/wz/cross_encoder_workspace/im_exp/lora/reviewer_followup/model_architecture_14h_20260917/core/checkpoints/cluener_qwen3_8b_base_output_s6100/TRAINING.json,94fb9fb0b45c8e810e4839f309a5f208205b4b5c4c086b2028f6670b5830ffbf,/commondocument/wz/cross_encoder_workspace/im_exp/lora/reviewer_followup/model_architecture_14h_20260917/core/evaluations/cluener_qwen3_8b_base_output_s6100/dev/SUMMARY.json,7feb59f19aa28d15b8f264a9195168446eca0d6e8d8a4047fd8ceea0bc5f663a
core,cluener,qwen3_8b_base,output,6101,False,0.22477079278905876,0.1108605135596008,5.477816581726074,0.359375,57.69644779332616,58.98866903433113,/commondocument/wz/cross_encoder_workspace/im_exp/lora/reviewer_followup/model_architecture_14h_20260917/core/checkpoints/cluener_qwen3_8b_base_output_s6101/TRAINING.json,80ec140e6aee9070e2a3484976294db224307d94c2e149059ceb2b565a1cca69,/commondocument/wz/cross_encoder_workspace/im_exp/lora/reviewer_followup/model_architecture_14h_20260917/core/evaluations/cluener_qwen3_8b_base_output_s6101/dev/SUMMARY.json,4c246c4d11f14b1a915538069aee853f34a7d4030fc258e3900bdafba9855eab
core,cluener,qwen3_8b_base,output,6102,False,0.2151313368231058,0.11106767085584579,5.362429827451706,0.453125,55.72755417956656,58.049509885363015,/commondocument/wz/cross_encoder_workspace/im_exp/lora/reviewer_followup/model_architecture_14h_20260917/core/checkpoints/cluener_qwen3_8b_base_output_s6102/TRAINING.json,f1ebb10d7670562f19d142c4acc86b0e2858fc2617763a8d91fe6b53d796a8dc,/commondocument/wz/cross_encoder_workspace/im_exp/lora/reviewer_followup/model_architecture_14h_20260917/core/evaluations/cluener_qwen3_8b_base_output_s6102/dev/SUMMARY.json,7082f64dfa49b7d2b858efe1da2df8f53ed087f1484fe7983eb7c8db8ba7b0e6
core,cluener,qwen3_8b_base,both,6100,False,0.20294355784426443,0.105055661751976,2.7209722623229027,0.203125,61.602497398543186,62.76067527308838,/commondocument/wz/cross_encoder_workspace/im_exp/lora/reviewer_followup/model_architecture_14h_20260917/core/checkpoints/cluener_qwen3_8b_base_both_s6100/TRAINING.json,1847fdd3f49453a3e4f0f92b3ba3c89ad869b91ae8708b2b8f42f15b50b3eb76,/commondocument/wz/cross_encoder_workspace/im_exp/lora/reviewer_followup/model_architecture_14h_20260917/core/evaluations/cluener_qwen3_8b_base_both_s6100/dev/SUMMARY.json,9cf7e830449e429258da5392740f2e0ce2c1a19359c52e4576d308444001cd4a
core,cluener,qwen3_8b_base,both,6101,False,0.21932510810438544,0.09440686364541762,5.079407654702663,0.234375,63.76518218623482,61.87141947803946,/commondocument/wz/cross_encoder_workspace/im_exp/lora/reviewer_followup/model_architecture_14h_20260917/core/checkpoints/cluener_qwen3_8b_base_both_s6101/TRAINING.json,8e16e33a00436c03483c0a0b9d12b3b7e08b585e062fb1cef22b077fe501c09f,/commondocument/wz/cross_encoder_workspace/im_exp/lora/reviewer_followup/model_architecture_14h_20260917/core/evaluations/cluener_qwen3_8b_base_both_s6101/dev/SUMMARY.json,6579cc80adcf1d8a67a7f1285a6cf7222d0320077ac7d3ea1da7a3738fe2b0f7
core,cluener,qwen3_8b_base,both,6102,False,0.21038722567027435,0.09494723351599532,4.888623043894768,0.34375,62.93279022403259,63.26002587322122,/commondocument/wz/cross_encoder_workspace/im_exp/lora/reviewer_followup/model_architecture_14h_20260917/core/checkpoints/cluener_qwen3_8b_base_both_s6102/TRAINING.json,a5c9a282135a9f78acf25371a8f2551344002cd4af2f4f19e258b8085cb47448,/commondocument/wz/cross_encoder_workspace/im_exp/lora/reviewer_followup/model_architecture_14h_20260917/core/evaluations/cluener_qwen3_8b_base_both_s6102/dev/SUMMARY.json,7e0bb32c9e0b202677d95350cb147566b30a610fc0c025df441c80c37fce9d5e
core,wikisql,qwen3_8b_base,hidden,7100,False,0.3242517085163854,0.06601767192478292,0.7429307252168655,0.046875,84.375,82.91015625,/commondocument/wz/cross_encoder_workspace/im_exp/lora/reviewer_followup/model_architecture_14h_20260917/core/checkpoints/wikisql_qwen3_8b_base_hidden_s7100/TRAINING.json,be886957d5cd3e26c808bee5f559611421641eea3398f0c8d2d156dc67a287ab,/commondocument/wz/cross_encoder_workspace/im_exp/lora/reviewer_followup/model_architecture_14h_20260917/core/evaluations/wikisql_qwen3_8b_base_hidden_s7100/dev/SUMMARY.json,3ed57ed9463473da1d8931de8ff7feb77cb06c75d510b27018acee758e04e471
core,wikisql,qwen3_8b_base,hidden,7101,False,0.3366121370345354,0.0570477280052728,0.7965787462890148,0.046875,83.59375,82.91015625,/commondocument/wz/cross_encoder_workspace/im_exp/lora/reviewer_followup/model_architecture_14h_20260917/core/checkpoints/wikisql_qwen3_8b_base_hidden_s7101/TRAINING.json,ce39a537a0645369d702a151bb4dbb9cf40de6984f26c6d9de8321d797c1c831,/commondocument/wz/cross_encoder_workspace/im_exp/lora/reviewer_followup/model_architecture_14h_20260917/core/evaluations/wikisql_qwen3_8b_base_hidden_s7101/dev/SUMMARY.json,e858523f87d3cf3b17dff535e67c89d30a8abe3a597b9efdaaed15be1fd6f5be
core,wikisql,qwen3_8b_base,hidden,7102,False,0.32946573820663616,0.05540411842230242,0.7726557701826096,0.046875,83.203125,83.59375,/commondocument/wz/cross_encoder_workspace/im_exp/lora/reviewer_followup/model_architecture_14h_20260917/core/checkpoints/wikisql_qwen3_8b_base_hidden_s7102/TRAINING.json,6655d9302028b1a970b24d0b260ee734425c769bebc2dd8f8ea6a496d6e62d47,/commondocument/wz/cross_encoder_workspace/im_exp/lora/reviewer_followup/model_architecture_14h_20260917/core/evaluations/wikisql_qwen3_8b_base_hidden_s7102/dev/SUMMARY.json,02704acd1ddb312ddd063b81410881d74cdc39fc9e19ecb3c69f6f45154d1fa4
core,wikisql,qwen3_8b_base,hidden_budget,7100,False,0.3232830591732636,0.06530951443710364,0.7418932989239693,0.046875,85.15625,82.8125,/commondocument/wz/cross_encoder_workspace/im_exp/lora/reviewer_followup/model_architecture_14h_20260917/core/checkpoints/wikisql_qwen3_8b_base_hidden_budget_s7100/TRAINING.json,e471c1ed1e37332f2d2f6aa3c36b28a9feae33cdd9a506f5091b64d25d1681bf,/commondocument/wz/cross_encoder_workspace/im_exp/lora/reviewer_followup/model_architecture_14h_20260917/core/evaluations/wikisql_qwen3_8b_base_hidden_budget_s7100/dev/SUMMARY.json,e946c4cb7cd49dd17e29a73e0cae677b2366cac2ba788f384b86ffed82d0ff8a
core,wikisql,qwen3_8b_base,hidden_budget,7101,False,0.33591035893186927,0.05714758615067694,0.7985804565250874,0.046875,84.375,82.51953125,/commondocument/wz/cross_encoder_workspace/im_exp/lora/reviewer_followup/model_architecture_14h_20260917/core/checkpoints/wikisql_qwen3_8b_base_hidden_budget_s7101/TRAINING.json,bb4c32d3fe4db970b69e88db371c238ff25400035e51569602538d298be50a41,/commondocument/wz/cross_encoder_workspace/im_exp/lora/reviewer_followup/model_architecture_14h_20260917/core/evaluations/wikisql_qwen3_8b_base_hidden_budget_s7101/dev/SUMMARY.json,8488b0f9800b002c4eadf6986c989b2a337fc838a902f3f2c2072100f2ab91d5
core,wikisql,qwen3_8b_base,hidden_budget,7102,False,0.3289205632172525,0.05518613406457007,0.7698583453893661,0.046875,83.984375,83.7890625,/commondocument/wz/cross_encoder_workspace/im_exp/lora/reviewer_followup/model_architecture_14h_20260917/core/checkpoints/wikisql_qwen3_8b_base_hidden_budget_s7102/TRAINING.json,687e37518a6c855e1ca8936ce290cc9e20f872f5943df29734fc477321c5936d,/commondocument/wz/cross_encoder_workspace/im_exp/lora/reviewer_followup/model_architecture_14h_20260917/core/evaluations/wikisql_qwen3_8b_base_hidden_budget_s7102/dev/SUMMARY.json,3ebf168662eec5ccb18624974e001195f57e999df969a30b227d88c0df10937a
core,wikisql,qwen3_8b_base,hidden_input,7100,False,0.3197912779287435,0.0656880200986052,1.0533671118319035,0.046875,85.546875,82.8125,/commondocument/wz/cross_encoder_workspace/im_exp/lora/reviewer_followup/model_architecture_14h_20260917/core/checkpoints/wikisql_qwen3_8b_base_hidden_input_s7100/TRAINING.json,5bbc0fbf8de9980c9ef71cf919250720ab8d4247dcae428dd2f34bb2884db95d,/commondocument/wz/cross_encoder_workspace/im_exp/lora/reviewer_followup/model_architecture_14h_20260917/core/evaluations/wikisql_qwen3_8b_base_hidden_input_s7100/dev/SUMMARY.json,46c3e79a3c8038ef421b0cbecc93bbd6a90b06901d927f5c1819895d72d0539c
core,wikisql,qwen3_8b_base,hidden_input,7101,False,0.33267002284992486,0.05636348787811585,1.0796330571174622,0.046875,84.765625,82.91015625,/commondocument/wz/cross_encoder_workspace/im_exp/lora/reviewer_followup/model_architecture_14h_20260917/core/checkpoints/wikisql_qwen3_8b_base_hidden_input_s7101/TRAINING.json,aaf69943e9d67171eadaebec02098f60fe20b717975b98286576ce93d0885fa3,/commondocument/wz/cross_encoder_workspace/im_exp/lora/reviewer_followup/model_architecture_14h_20260917/core/evaluations/wikisql_qwen3_8b_base_hidden_input_s7101/dev/SUMMARY.json,8806e4bb279ef9ea293d9498e7d4037fb49be7c00d5ce6d09881d9524101aca2
core,wikisql,qwen3_8b_base,hidden_input,7102,False,0.3254136210307479,0.055068501926143654,1.0128290355205536,0.046875,85.15625,83.49609375,/commondocument/wz/cross_encoder_workspace/im_exp/lora/reviewer_followup/model_architecture_14h_20260917/core/checkpoints/wikisql_qwen3_8b_base_hidden_input_s7102/TRAINING.json,eca3fbb8ccfa13787b289023f335cbb53e64d006a4237558845a3e93b3c70bc4,/commondocument/wz/cross_encoder_workspace/im_exp/lora/reviewer_followup/model_architecture_14h_20260917/core/evaluations/wikisql_qwen3_8b_base_hidden_input_s7102/dev/SUMMARY.json,92fb80e54eb253726b9c90a08d9695850c49be8ccc6ab2babb947b9a91c4be4c
core,wikisql,qwen3_8b_base,hidden_output,7100,False,0.2766813495545648,0.06441226360038854,4.456533379852772,0.078125,83.984375,82.2265625,/commondocument/wz/cross_encoder_workspace/im_exp/lora/reviewer_followup/model_architecture_14h_20260917/core/checkpoints/wikisql_qwen3_8b_base_hidden_output_s7100/TRAINING.json,f4c83bbecd3221cdf34db7d1da87f345b2596e578df1c01377222ccb68ade8fe,/commondocument/wz/cross_encoder_workspace/im_exp/lora/reviewer_followup/model_architecture_14h_20260917/core/evaluations/wikisql_qwen3_8b_base_hidden_output_s7100/dev/SUMMARY.json,e86d157760d30517d63579096930614c7273881e5810f68ad3e4d83e78f4f784
core,wikisql,qwen3_8b_base,hidden_output,7101,False,0.28617089451290667,0.053627987595973536,4.076270446181297,0.09375,85.9375,83.984375,/commondocument/wz/cross_encoder_workspace/im_exp/lora/reviewer_followup/model_architecture_14h_20260917/core/checkpoints/wikisql_qwen3_8b_base_hidden_output_s7101/TRAINING.json,95c40f3153115c5d714bfe4fde0fe3f7b452caf924965259d7b3503ea2604139,/commondocument/wz/cross_encoder_workspace/im_exp/lora/reviewer_followup/model_architecture_14h_20260917/core/evaluations/wikisql_qwen3_8b_base_hidden_output_s7101/dev/SUMMARY.json,7e936a5e862d75e2f56c367b50f4d8d00648d49a049b9825f63ba4f1a810678f
core,wikisql,qwen3_8b_base,hidden_output,7102,False,0.2819085019582417,0.05363788788963575,3.7899115830659866,0.0625,84.765625,84.47265625,/commondocument/wz/cross_encoder_workspace/im_exp/lora/reviewer_followup/model_architecture_14h_20260917/core/checkpoints/wikisql_qwen3_8b_base_hidden_output_s7102/TRAINING.json,6c5f464a88cc9bda4ad3940023b222c4e3b0d584452131587cf4bf347615c4ce,/commondocument/wz/cross_encoder_workspace/im_exp/lora/reviewer_followup/model_architecture_14h_20260917/core/evaluations/wikisql_qwen3_8b_base_hidden_output_s7102/dev/SUMMARY.json,6a374059a311774a0147c30f69c5a8b6c9a80ef51ebcdee35015d362b80dc6f0
core,wikisql,qwen3_8b_base,hidden_both,7100,False,0.27133200981188565,0.06559384069987573,4.388806402683258,0.09375,83.984375,83.10546875,/commondocument/wz/cross_encoder_workspace/im_exp/lora/reviewer_followup/model_architecture_14h_20260917/core/checkpoints/wikisql_qwen3_8b_base_hidden_both_s7100/TRAINING.json,f283b02d7529aca88d45cd87161c3ff9f6bde4f36aec8ce711dfdcbf3a623a78,/commondocument/wz/cross_encoder_workspace/im_exp/lora/reviewer_followup/model_architecture_14h_20260917/core/evaluations/wikisql_qwen3_8b_base_hidden_both_s7100/dev/SUMMARY.json,df8399a126fb0a8de51fd8fe0352a8c476916c43bf14eebf0685b2e3eca665d6
core,wikisql,qwen3_8b_base,hidden_both,7101,False,0.28104490553960204,0.05378062929958105,4.012879490852356,0.109375,85.546875,83.59375,/commondocument/wz/cross_encoder_workspace/im_exp/lora/reviewer_followup/model_architecture_14h_20260917/core/checkpoints/wikisql_qwen3_8b_base_hidden_both_s7101/TRAINING.json,8c869ddc0da34c2587971796559f00f94641772d6a6fce074e1c841939b3e3e6,/commondocument/wz/cross_encoder_workspace/im_exp/lora/reviewer_followup/model_architecture_14h_20260917/core/evaluations/wikisql_qwen3_8b_base_hidden_both_s7101/dev/SUMMARY.json,f7106be61e65620383f76fee9deba76e1a7e3dd120538b0dd71631922566b59d
core,wikisql,qwen3_8b_base,hidden_both,7102,False,0.2808480330859311,0.053015630634035915,3.9525949880480766,0.078125,85.546875,83.984375,/commondocument/wz/cross_encoder_workspace/im_exp/lora/reviewer_followup/model_architecture_14h_20260917/core/checkpoints/wikisql_qwen3_8b_base_hidden_both_s7102/TRAINING.json,51941188d0413eab4f9bdf6156b413a862c3bbeb75c3aacbdf81c217a0f5037b,/commondocument/wz/cross_encoder_workspace/im_exp/lora/reviewer_followup/model_architecture_14h_20260917/core/evaluations/wikisql_qwen3_8b_base_hidden_both_s7102/dev/SUMMARY.json,1c39634fdcc6c058390c52ebc5f52df839078d9dbf77b8a436cd4994bf35a9d1
core,wikisql,qwen3_8b_base,input,7100,False,0.623311840929091,0.13303238421212882,1.6790450513362885,0.609375,61.328125,62.109375,/commondocument/wz/cross_encoder_workspace/im_exp/lora/reviewer_followup/model_architecture_14h_20260917/core/checkpoints/wikisql_qwen3_8b_base_input_s7100/TRAINING.json,1200dcf1739f2828211d1ae8bc2645704884b988c737e7a07c0765694d1faeb6,/commondocument/wz/cross_encoder_workspace/im_exp/lora/reviewer_followup/model_architecture_14h_20260917/core/evaluations/wikisql_qwen3_8b_base_input_s7100/dev/SUMMARY.json,f7dbe514c8a983019ee0f9f40aa7a383e0fdaacd5904960f08fe5f5a91292d4c
core,wikisql,qwen3_8b_base,input,7101,False,0.6542747709900141,0.12870553939137608,1.647203579545021,0.734375,60.546875,59.86328125,/commondocument/wz/cross_encoder_workspace/im_exp/lora/reviewer_followup/model_architecture_14h_20260917/core/checkpoints/wikisql_qwen3_8b_base_input_s7101/TRAINING.json,ca7e5256a338525a76d0bcd2d51b41ccaf66ee217651d8220060c1313cb9cc14,/commondocument/wz/cross_encoder_workspace/im_exp/lora/reviewer_followup/model_architecture_14h_20260917/core/evaluations/wikisql_qwen3_8b_base_input_s7101/dev/SUMMARY.json,b8e26dd2d3d22fbf914b5cb733abce8f9fd716b77fda44f098d268cdd65f938c
core,wikisql,qwen3_8b_base,input,7102,False,0.6382922679185867,0.12677466167951934,1.4791689217090607,0.71875,60.546875,60.15625,/commondocument/wz/cross_encoder_workspace/im_exp/lora/reviewer_followup/model_architecture_14h_20260917/core/checkpoints/wikisql_qwen3_8b_base_input_s7102/TRAINING.json,ed6f6602a8e8f3868adcb60718bfb865c14fea0016c3081155f9d9307034433c,/commondocument/wz/cross_encoder_workspace/im_exp/lora/reviewer_followup/model_architecture_14h_20260917/core/evaluations/wikisql_qwen3_8b_base_input_s7102/dev/SUMMARY.json,8837c0337a118bbcbd7fbe48078de5f65c618f371e9dc14835d8142ca9030532
core,wikisql,qwen3_8b_base,output,7100,False,0.36429797601886094,0.15996678423834965,7.9369092881679535,0.65625,58.984375,61.1328125,/commondocument/wz/cross_encoder_workspace/im_exp/lora/reviewer_followup/model_architecture_14h_20260917/core/checkpoints/wikisql_qwen3_8b_base_output_s7100/TRAINING.json,d44eccfb2ad7cfc21970a43519104931c1a24da354acf1ff7afa69ff6b06d75b,/commondocument/wz/cross_encoder_workspace/im_exp/lora/reviewer_followup/model_architecture_14h_20260917/core/evaluations/wikisql_qwen3_8b_base_output_s7100/dev/SUMMARY.json,47362a4845c20733fd6e09b681bf5c0bd5e182d7fd8575933a485686ca393ed7
core,wikisql,qwen3_8b_base,output,7101,False,0.38468524045310915,0.14827640308067203,8.503874137997627,0.734375,58.59375,59.765625,/commondocument/wz/cross_encoder_workspace/im_exp/lora/reviewer_followup/model_architecture_14h_20260917/core/checkpoints/wikisql_qwen3_8b_base_output_s7101/TRAINING.json,c0caa51a5fe4b8dcbc07edcf7ab59d810326157de6af74b83485924687c91ae5,/commondocument/wz/cross_encoder_workspace/im_exp/lora/reviewer_followup/model_architecture_14h_20260917/core/evaluations/wikisql_qwen3_8b_base_output_s7101/dev/SUMMARY.json,be68806084b26ee96d70bc0dd1e0969f01ee0e2fd45771e46a7d9d9aae492955
core,wikisql,qwen3_8b_base,output,7102,False,0.374396545230411,0.13934012601384893,8.70247857272625,0.75,59.765625,60.3515625,/commondocument/wz/cross_encoder_workspace/im_exp/lora/reviewer_followup/model_architecture_14h_20260917/core/checkpoints/wikisql_qwen3_8b_base_output_s7102/TRAINING.json,20b466b2424fb68f1732139a9c478a64d47eda840e43c1d3bc55dd0d05de756e,/commondocument/wz/cross_encoder_workspace/im_exp/lora/reviewer_followup/model_architecture_14h_20260917/core/evaluations/wikisql_qwen3_8b_base_output_s7102/dev/SUMMARY.json,fe466f70d3742dff316ba862bed7f07853e2b6fabf1f6b74d152eef93925f4dc
core,wikisql,qwen3_8b_base,both,7100,False,0.3468030944932252,0.1144069540896453,6.788142532110214,0.25,71.484375,67.67578125,/commondocument/wz/cross_encoder_workspace/im_exp/lora/reviewer_followup/model_architecture_14h_20260917/core/checkpoints/wikisql_qwen3_8b_base_both_s7100/TRAINING.json,cc288e840c95574aac9834f464adcc5ab506871383f28791f3700241e91a0c00,/commondocument/wz/cross_encoder_workspace/im_exp/lora/reviewer_followup/model_architecture_14h_20260917/core/evaluations/wikisql_qwen3_8b_base_both_s7100/dev/SUMMARY.json,5419dcf00fd582ab7f4b8b92a0101a1d4050c9a9b1f7437c7430048482e37783
core,wikisql,qwen3_8b_base,both,7101,False,0.3722198948962614,0.10793795713107102,7.923532173037529,0.421875,69.921875,67.7734375,/commondocument/wz/cross_encoder_workspace/im_exp/lora/reviewer_followup/model_architecture_14h_20260917/core/checkpoints/wikisql_qwen3_8b_base_both_s7101/TRAINING.json,8d551fa56b25b734398a6f40fc9cb84125371f5216a3588e839cac6f567c583f,/commondocument/wz/cross_encoder_workspace/im_exp/lora/reviewer_followup/model_architecture_14h_20260917/core/evaluations/wikisql_qwen3_8b_base_both_s7101/dev/SUMMARY.json,7009bdf87f7acacf22b1d63f022edd6c7d83ed54f466879a0f79dedd4a04b599
core,wikisql,qwen3_8b_base,both,7102,False,0.36652724852319807,0.10708325082669035,8.420272052288055,0.53125,69.53125,67.67578125,/commondocument/wz/cross_encoder_workspace/im_exp/lora/reviewer_followup/model_architecture_14h_20260917/core/checkpoints/wikisql_qwen3_8b_base_both_s7102/TRAINING.json,68ab1c341471d9274d6ecd7c4685c81160ecbfaf6bde59dbeed5a4002fc26f4d,/commondocument/wz/cross_encoder_workspace/im_exp/lora/reviewer_followup/model_architecture_14h_20260917/core/evaluations/wikisql_qwen3_8b_base_both_s7102/dev/SUMMARY.json,933516640ca9bfb99f956c393ae5d7dbb922d5b968459e0bfa43e2e682cb63a9
new_tasks,trec50,qwen25_05b_base,hidden,9100,False,1.4821232534013689,0.6024072125728708,7.984799861907959,1.0,48.4375,52.4,/commondocument/wz/cross_encoder_workspace/im_exp/lora/reviewer_followup/model_architecture_14h_20260917/new_tasks/checkpoints/trec50_qwen25_05b_base_hidden_s9100/TRAINING.json,34ee7b581f9b860463679f9a4e81df713ca2f6985499a17cb86b92ff98f30892,/commondocument/wz/cross_encoder_workspace/im_exp/lora/reviewer_followup/model_architecture_14h_20260917/new_tasks/evaluations/trec50_qwen25_05b_base_hidden_s9100/dev/SUMMARY.json,bc9ad2a04fc0ad48d8ab1536f0c057c01200a04bc492769d54dd1b552a2d1209
new_tasks,trec50,qwen25_05b_base,hidden,9101,False,1.4838063213974237,0.6412650878191926,7.875682204961777,1.0,44.53125,51.0,/commondocument/wz/cross_encoder_workspace/im_exp/lora/reviewer_followup/model_architecture_14h_20260917/new_tasks/checkpoints/trec50_qwen25_05b_base_hidden_s9101/TRAINING.json,5d0ae5b8941ad15bff1d4d640861029f29bc6556799b9ab8fdb9352395b7a79d,/commondocument/wz/cross_encoder_workspace/im_exp/lora/reviewer_followup/model_architecture_14h_20260917/new_tasks/evaluations/trec50_qwen25_05b_base_hidden_s9101/dev/SUMMARY.json,315118bba0b0ad46fa0110ee9fcb57cd07625107bb89a9a3e3c68547772ccb79
new_tasks,trec50,qwen25_05b_base,hidden,9102,False,1.4956808676943183,0.5641714840166969,7.751911133527756,1.0,52.734375,63.2,/commondocument/wz/cross_encoder_workspace/im_exp/lora/reviewer_followup/model_architecture_14h_20260917/new_tasks/checkpoints/trec50_qwen25_05b_base_hidden_s9102/TRAINING.json,23e21df7c05fd56145fb814c2e617c26ec0b8f23a12a0179a2f499d6b4e78028,/commondocument/wz/cross_encoder_workspace/im_exp/lora/reviewer_followup/model_architecture_14h_20260917/new_tasks/evaluations/trec50_qwen25_05b_base_hidden_s9102/dev/SUMMARY.json,0dad2c3df0f4dbe9178d2eee7b413896d66b835fdaaa753f944ee46ee6338f81
new_tasks,trec50,qwen25_05b_base,hidden_budget,9100,False,1.4830438131466508,0.6070181356626563,8.02705705165863,1.0,48.828125,53.4,/commondocument/wz/cross_encoder_workspace/im_exp/lora/reviewer_followup/model_architecture_14h_20260917/new_tasks/checkpoints/trec50_qwen25_05b_base_hidden_budget_s9100/TRAINING.json,ce8405af044fdee56a27d78ef63407dd429ce57dba299199699b976d601a1417,/commondocument/wz/cross_encoder_workspace/im_exp/lora/reviewer_followup/model_architecture_14h_20260917/new_tasks/evaluations/trec50_qwen25_05b_base_hidden_budget_s9100/dev/SUMMARY.json,9c8e0d206e39641716d79b1fe92e8a17ab9cd7c1a5d839748103ac089129a1a0
new_tasks,trec50,qwen25_05b_base,hidden_budget,9101,False,1.4834710503928363,0.6399746976967435,7.949676036834717,1.0,44.53125,51.8,/commondocument/wz/cross_encoder_workspace/im_exp/lora/reviewer_followup/model_architecture_14h_20260917/new_tasks/checkpoints/trec50_qwen25_05b_base_hidden_budget_s9101/TRAINING.json,0a1bd80d0e8b7a5ab43b021d70cb460c7b63c91fc95dc9b25dc0df94a81cdb17,/commondocument/wz/cross_encoder_workspace/im_exp/lora/reviewer_followup/model_architecture_14h_20260917/new_tasks/evaluations/trec50_qwen25_05b_base_hidden_budget_s9101/dev/SUMMARY.json,96e925bc0f01628cd33e192c05ec293ce475908b7d0ae85fe34f1024756b7323
new_tasks,trec50,qwen25_05b_base,hidden_budget,9102,False,1.4915420170873404,0.5640165580553003,7.727891594171524,1.0,53.90625,64.8,/commondocument/wz/cross_encoder_workspace/im_exp/lora/reviewer_followup/model_architecture_14h_20260917/new_tasks/checkpoints/trec50_qwen25_05b_base_hidden_budget_s9102/TRAINING.json,028a0dbaca3e65222cafa700e15f4babb3704f2bbf222c3b107c0ce03d724e82,/commondocument/wz/cross_encoder_workspace/im_exp/lora/reviewer_followup/model_architecture_14h_20260917/new_tasks/evaluations/trec50_qwen25_05b_base_hidden_budget_s9102/dev/SUMMARY.json,7b54190812b875eb6abe8ae824b2633a989e349ab251eea4d6ce661cdcb8f4d4
new_tasks,trec50,qwen25_05b_base,hidden_both,9100,False,1.4614503122866154,0.5823557227122365,23.269959628582,1.0,50.78125,49.0,/commondocument/wz/cross_encoder_workspace/im_exp/lora/reviewer_followup/model_architecture_14h_20260917/new_tasks/checkpoints/trec50_qwen25_05b_base_hidden_both_s9100/TRAINING.json,72f96b64fb70db0ce06d79cf176404abfb52968b7a076694444cecfe3325072c,/commondocument/wz/cross_encoder_workspace/im_exp/lora/reviewer_followup/model_architecture_14h_20260917/new_tasks/evaluations/trec50_qwen25_05b_base_hidden_both_s9100/dev/SUMMARY.json,799d4b630e27e7dc3cc59bb23159a7bf11349a716d079e3da6327a4bec170460
new_tasks,trec50,qwen25_05b_base,hidden_both,9101,False,1.4452881054021418,0.5663732005195925,23.446797609329224,1.0,50.390625,61.0,/commondocument/wz/cross_encoder_workspace/im_exp/lora/reviewer_followup/model_architecture_14h_20260917/new_tasks/checkpoints/trec50_qwen25_05b_base_hidden_both_s9101/TRAINING.json,86870e0cc0571c7e4af3834424ac63ea266c8609f44c11034ebdeba4fbd8cd06,/commondocument/wz/cross_encoder_workspace/im_exp/lora/reviewer_followup/model_architecture_14h_20260917/new_tasks/evaluations/trec50_qwen25_05b_base_hidden_both_s9101/dev/SUMMARY.json,9499557ee1864246f5b4298c6c4894dcab3cc52cc6c6e998318a1a41fc9c1ec1
new_tasks,trec50,qwen25_05b_base,hidden_both,9102,False,1.476265658158809,0.5605427044793032,21.094330668449402,1.0,52.34375,67.4,/commondocument/wz/cross_encoder_workspace/im_exp/lora/reviewer_followup/model_architecture_14h_20260917/new_tasks/checkpoints/trec50_qwen25_05b_base_hidden_both_s9102/TRAINING.json,6c4056335e5bff12d47c42ca28bce00543f4bdf2254118623bfdec68ce20ed89,/commondocument/wz/cross_encoder_workspace/im_exp/lora/reviewer_followup/model_architecture_14h_20260917/new_tasks/evaluations/trec50_qwen25_05b_base_hidden_both_s9102/dev/SUMMARY.json,af276ea50fe781db1420ac13aa3852402599f89767c2ea429fc2d19b67063aef
new_tasks,trec50,qwen25_15b_base,hidden,9100,False,1.7770981846842915,0.39359170671923494,5.092524766921997,1.0,73.4375,64.4,/commondocument/wz/cross_encoder_workspace/im_exp/lora/reviewer_followup/model_architecture_14h_20260917/new_tasks/checkpoints/trec50_qwen25_15b_base_hidden_s9100/TRAINING.json,09401c9332b6a01e98ed88e7885540a33d0736a00c24177eecd2bf1c04deb436,/commondocument/wz/cross_encoder_workspace/im_exp/lora/reviewer_followup/model_architecture_14h_20260917/new_tasks/evaluations/trec50_qwen25_15b_base_hidden_s9100/dev/SUMMARY.json,c35609da900edf61eafe002fbaf74badaff49d32b1558c076406d34e727c5d49
new_tasks,trec50,qwen25_15b_base,hidden,9101,False,1.7822525524534285,0.34988097288442077,5.282006233930588,1.0,71.875,62.4,/commondocument/wz/cross_encoder_workspace/im_exp/lora/reviewer_followup/model_architecture_14h_20260917/new_tasks/checkpoints/trec50_qwen25_15b_base_hidden_s9101/TRAINING.json,299ebd83c8934ee9ec4ac4717f5ed101ef8f9a87ca7d954a3104d7dce656f3bc,/commondocument/wz/cross_encoder_workspace/im_exp/lora/reviewer_followup/model_architecture_14h_20260917/new_tasks/evaluations/trec50_qwen25_15b_base_hidden_s9101/dev/SUMMARY.json,ad62095f64cb5008de6fe6de03233f33dbad4488beef15865c86caa7e03bf9a6
new_tasks,trec50,qwen25_15b_base,hidden,9102,False,1.7988409099634737,0.3830651433308958,5.038589835166931,1.0,71.09375,71.6,/commondocument/wz/cross_encoder_workspace/im_exp/lora/reviewer_followup/model_architecture_14h_20260917/new_tasks/checkpoints/trec50_qwen25_15b_base_hidden_s9102/TRAINING.json,2a7d84dc6a01cfdcecf512c140859fa58cdb9b3dfa44ef83314b61ff27a738c0,/commondocument/wz/cross_encoder_workspace/im_exp/lora/reviewer_followup/model_architecture_14h_20260917/new_tasks/evaluations/trec50_qwen25_15b_base_hidden_s9102/dev/SUMMARY.json,d1a5f2598080df21d6e429ea418293bfdf89b253265e45f9e599da835e75b38d
new_tasks,trec50,qwen25_15b_base,hidden_budget,9100,False,1.7756104965228587,0.3928796224645339,5.091594874858856,1.0,72.265625,62.2,/commondocument/wz/cross_encoder_workspace/im_exp/lora/reviewer_followup/model_architecture_14h_20260917/new_tasks/checkpoints/trec50_qwen25_15b_base_hidden_budget_s9100/TRAINING.json,7cbcd8f596ac8a71f9504b9ed517e25cfcc40e4e7c2062ac4a23805bef4a5a1e,/commondocument/wz/cross_encoder_workspace/im_exp/lora/reviewer_followup/model_architecture_14h_20260917/new_tasks/evaluations/trec50_qwen25_15b_base_hidden_budget_s9100/dev/SUMMARY.json,dd30c1289964651f4ea816e37fa38764a385ed2ae3ba12acdbdfca8fdb9a4944
new_tasks,trec50,qwen25_15b_base,hidden_budget,9101,False,1.7812187187373638,0.34302704028232256,5.343439966440201,1.0,73.046875,62.6,/commondocument/wz/cross_encoder_workspace/im_exp/lora/reviewer_followup/model_architecture_14h_20260917/new_tasks/checkpoints/trec50_qwen25_15b_base_hidden_budget_s9101/TRAINING.json,243e6284ab1db8f4591551eb4ad96fc161e4acd480b72bfc7adb44e3fa50afe3,/commondocument/wz/cross_encoder_workspace/im_exp/lora/reviewer_followup/model_architecture_14h_20260917/new_tasks/evaluations/trec50_qwen25_15b_base_hidden_budget_s9101/dev/SUMMARY.json,963b0e75263da04db3fd6a2635db4262ce00bdd1a77df0126f8387ea7fdc6ba4
new_tasks,trec50,qwen25_15b_base,hidden_budget,9102,False,1.7984975499566644,0.38476069861644646,5.032519906759262,1.0,71.484375,72.4,/commondocument/wz/cross_encoder_workspace/im_exp/lora/reviewer_followup/model_architecture_14h_20260917/new_tasks/checkpoints/trec50_qwen25_15b_base_hidden_budget_s9102/TRAINING.json,a89a45d3b53cf02790d2797662bfdfd6caba373075b3515c4f118d0163913019,/commondocument/wz/cross_encoder_workspace/im_exp/lora/reviewer_followup/model_architecture_14h_20260917/new_tasks/evaluations/trec50_qwen25_15b_base_hidden_budget_s9102/dev/SUMMARY.json,1b989c93234299589c2c18748301ea9f22c35652213b745bf6e9089f0e28bfdf
new_tasks,trec50,qwen25_15b_base,hidden_both,9100,False,1.6008202978409827,0.3452870329783764,15.733075976371765,1.0,72.265625,65.2,/commondocument/wz/cross_encoder_workspace/im_exp/lora/reviewer_followup/model_architecture_14h_20260917/new_tasks/checkpoints/trec50_qwen25_15b_base_hidden_both_s9100/TRAINING.json,2a6a926dffa2d8dd844dba82432880ed41a03e3761cfc9fe70a45eecbbaec0a1,/commondocument/wz/cross_encoder_workspace/im_exp/lora/reviewer_followup/model_architecture_14h_20260917/new_tasks/evaluations/trec50_qwen25_15b_base_hidden_both_s9100/dev/SUMMARY.json,bda68fb94ed6a35b11748777acbd086f43c5b8c575985c4c72fe0c8c952caaf2
new_tasks,trec50,qwen25_15b_base,hidden_both,9101,False,1.622810447588563,0.32166430498909904,15.365840137004852,1.0,76.953125,72.6,/commondocument/wz/cross_encoder_workspace/im_exp/lora/reviewer_followup/model_architecture_14h_20260917/new_tasks/checkpoints/trec50_qwen25_15b_base_hidden_both_s9101/TRAINING.json,8b8a3e64c1b18c720da76ae413536bd9cab99c72ce62cda78045f6f1096b4cae,/commondocument/wz/cross_encoder_workspace/im_exp/lora/reviewer_followup/model_architecture_14h_20260917/new_tasks/evaluations/trec50_qwen25_15b_base_hidden_both_s9101/dev/SUMMARY.json,d834fb47ff6d5f50182609f3f58354240c4ff641431c78b50b0653e7acb7c42b
new_tasks,trec50,qwen25_15b_base,hidden_both,9102,False,1.6356405462138355,0.38137014130552416,15.893121063709259,1.0,76.5625,73.8,/commondocument/wz/cross_encoder_workspace/im_exp/lora/reviewer_followup/model_architecture_14h_20260917/new_tasks/checkpoints/trec50_qwen25_15b_base_hidden_both_s9102/TRAINING.json,e15eb15acc7c1296bbe84fa45e27641aebc7cd1df7fdd7d92b8c3711c3d5ac3f,/commondocument/wz/cross_encoder_workspace/im_exp/lora/reviewer_followup/model_architecture_14h_20260917/new_tasks/evaluations/trec50_qwen25_15b_base_hidden_both_s9102/dev/SUMMARY.json,42dd77b5f3490807e3bff79ebc55ff12f3370c756a7b03ddfaa82909a7fc382b
new_tasks,trec50,qwen25_7b_base,hidden,9100,False,1.467614228837192,0.20567122903230484,5.448715418577194,0.984375,82.421875,87.6,/commondocument/wz/cross_encoder_workspace/im_exp/lora/reviewer_followup/model_architecture_14h_20260917/new_tasks/checkpoints/trec50_qwen25_7b_base_hidden_s9100/TRAINING.json,02db032741fc098e7efe76b0f6af1870800809e6482b62540ac8ca1806c80051,/commondocument/wz/cross_encoder_workspace/im_exp/lora/reviewer_followup/model_architecture_14h_20260917/new_tasks/evaluations/trec50_qwen25_7b_base_hidden_s9100/dev/SUMMARY.json,c8034dd6f58875c3201e595d2eb86671bafe7baea4c1bd517ad1c01f83d6ab3a
new_tasks,trec50,qwen25_7b_base,hidden,9101,False,1.4609937757777516,0.24979757108121703,4.4482817351818085,0.984375,81.640625,87.2,/commondocument/wz/cross_encoder_workspace/im_exp/lora/reviewer_followup/model_architecture_14h_20260917/new_tasks/checkpoints/trec50_qwen25_7b_base_hidden_s9101/TRAINING.json,9a0f01685b161046ebeb9e3243c25c5812d6f4d8b4ecb78eb49d2c86a1ba1e84,/commondocument/wz/cross_encoder_workspace/im_exp/lora/reviewer_followup/model_architecture_14h_20260917/new_tasks/evaluations/trec50_qwen25_7b_base_hidden_s9101/dev/SUMMARY.json,96550cea2109fb9f387ccc37ebed610e792c6a9dd60210dae6af18c9c2c3af7b
new_tasks,trec50,qwen25_7b_base,hidden,9102,False,1.4637173776136478,0.20404044457245618,4.9973055720329285,0.984375,82.8125,88.6,/commondocument/wz/cross_encoder_workspace/im_exp/lora/reviewer_followup/model_architecture_14h_20260917/new_tasks/checkpoints/trec50_qwen25_7b_base_hidden_s9102/TRAINING.json,911fadafcaea82b0611b7372c2e94c1de0ae2fc44c74516333fbf4716ce3cc05,/commondocument/wz/cross_encoder_workspace/im_exp/lora/reviewer_followup/model_architecture_14h_20260917/new_tasks/evaluations/trec50_qwen25_7b_base_hidden_s9102/dev/SUMMARY.json,6a1e06244127a9ffe474349c81d501807fed7850a9b197d66cc955a3ff42732c
new_tasks,trec50,qwen25_7b_base,hidden_budget,9100,False,1.4606411139684496,0.21805411312016076,5.369924962520599,0.984375,82.8125,88.4,/commondocument/wz/cross_encoder_workspace/im_exp/lora/reviewer_followup/model_architecture_14h_20260917/new_tasks/checkpoints/trec50_qwen25_7b_base_hidden_budget_s9100/TRAINING.json,8c22158f40e255803829884604701f7d501cba93d170cff1b6017c6c9975e41f,/commondocument/wz/cross_encoder_workspace/im_exp/lora/reviewer_followup/model_architecture_14h_20260917/new_tasks/evaluations/trec50_qwen25_7b_base_hidden_budget_s9100/dev/SUMMARY.json,54993c015a401d155a2f67f7f8917085ae7940033fa2c77ec9a40f9dd4978cea
new_tasks,trec50,qwen25_7b_base,hidden_budget,9101,False,1.4573983306472655,0.2388203343098212,4.406105071306229,0.96875,81.25,88.6,/commondocument/wz/cross_encoder_workspace/im_exp/lora/reviewer_followup/model_architecture_14h_20260917/new_tasks/checkpoints/trec50_qwen25_7b_base_hidden_budget_s9101/TRAINING.json,9cfb16f2842d6217990e8afbbe3b976120b37acbb4fa0927f2310d5cdd77f91e,/commondocument/wz/cross_encoder_workspace/im_exp/lora/reviewer_followup/model_architecture_14h_20260917/new_tasks/evaluations/trec50_qwen25_7b_base_hidden_budget_s9101/dev/SUMMARY.json,05f992a7d4d8bb7a5474a3a18f34c9f46d884577bd3d62300dfc07856936245b
new_tasks,trec50,qwen25_7b_base,hidden_budget,9102,False,1.4556884831254138,0.1852160207658926,4.926838636398315,0.984375,84.765625,87.2,/commondocument/wz/cross_encoder_workspace/im_exp/lora/reviewer_followup/model_architecture_14h_20260917/new_tasks/checkpoints/trec50_qwen25_7b_base_hidden_budget_s9102/TRAINING.json,12cc9a43f6a4de5a4eca944741cca25f3b603b3196174a81cbaf5615299b5453,/commondocument/wz/cross_encoder_workspace/im_exp/lora/reviewer_followup/model_architecture_14h_20260917/new_tasks/evaluations/trec50_qwen25_7b_base_hidden_budget_s9102/dev/SUMMARY.json,6ac399b60f75c263a7d6484ea4fa420e67583f9d544af607d152d286a0848d07
new_tasks,trec50,qwen25_7b_base,hidden_both,9100,False,1.3007806949171936,0.20617401127765334,12.425197958946228,1.0,84.375,89.0,/commondocument/wz/cross_encoder_workspace/im_exp/lora/reviewer_followup/model_architecture_14h_20260917/new_tasks/checkpoints/trec50_qwen25_7b_base_hidden_both_s9100/TRAINING.json,e631c5c1f9bf649a9a5c24884f0d6d51a688fac2f0cdc86f76ae0248f965831e,/commondocument/wz/cross_encoder_workspace/im_exp/lora/reviewer_followup/model_architecture_14h_20260917/new_tasks/evaluations/trec50_qwen25_7b_base_hidden_both_s9100/dev/SUMMARY.json,bfe6423821856ff9bb87d85c9cd5108831426c24c4627495125c0d7b5c46c256
new_tasks,trec50,qwen25_7b_base,hidden_both,9101,False,1.3226115734432824,0.24835055623316293,11.334386169910431,1.0,83.203125,89.2,/commondocument/wz/cross_encoder_workspace/im_exp/lora/reviewer_followup/model_architecture_14h_20260917/new_tasks/checkpoints/trec50_qwen25_7b_base_hidden_both_s9101/TRAINING.json,8fe2230f31062be073b0aa7b70ad91609a0d45a72f877bd5028715338f6867ef,/commondocument/wz/cross_encoder_workspace/im_exp/lora/reviewer_followup/model_architecture_14h_20260917/new_tasks/evaluations/trec50_qwen25_7b_base_hidden_both_s9101/dev/SUMMARY.json,729276e36b70d47513ba606308249cee7753521b77540f6385f2f7a18da5b50c
new_tasks,trec50,qwen25_7b_base,hidden_both,9102,False,1.315313307044562,0.1677539929987688,13.931245565414429,1.0,83.984375,89.6,/commondocument/wz/cross_encoder_workspace/im_exp/lora/reviewer_followup/model_architecture_14h_20260917/new_tasks/checkpoints/trec50_qwen25_7b_base_hidden_both_s9102/TRAINING.json,29c06b23c8dfe784e77bed3d2b3ba61bcd592bcac867b0d53793f45d0a83f916,/commondocument/wz/cross_encoder_workspace/im_exp/lora/reviewer_followup/model_architecture_14h_20260917/new_tasks/evaluations/trec50_qwen25_7b_base_hidden_both_s9102/dev/SUMMARY.json,8fa632d3cd986a9cedbec2c96dcf1c468841b0f868136288182e1c406e095758
new_tasks,trec50,qwen3_06b_base,hidden,9100,False,1.5594359112437814,0.31589718052237004,7.90612655878067,1.0,76.5625,82.4,/commondocument/wz/cross_encoder_workspace/im_exp/lora/reviewer_followup/model_architecture_14h_20260917/new_tasks/checkpoints/trec50_qwen3_06b_base_hidden_s9100/TRAINING.json,8735d8929d7ceb631f972cadc9678fc65355058807f95d3eae9cec1fee6477fc,/commondocument/wz/cross_encoder_workspace/im_exp/lora/reviewer_followup/model_architecture_14h_20260917/new_tasks/evaluations/trec50_qwen3_06b_base_hidden_s9100/dev/SUMMARY.json,1e40815353ee0644db62cde55e6acd228659747a2d91e82f75eb9f33c1fe4660
new_tasks,trec50,qwen3_06b_base,hidden,9101,False,1.5447607920505106,0.29388041659331066,8.258653163909912,1.0,74.21875,83.6,/commondocument/wz/cross_encoder_workspace/im_exp/lora/reviewer_followup/model_architecture_14h_20260917/new_tasks/checkpoints/trec50_qwen3_06b_base_hidden_s9101/TRAINING.json,fdf2b21cdee8a57c8b8aa79b4511edf03b40d460558badc6ed9e2579f2a9fa71,/commondocument/wz/cross_encoder_workspace/im_exp/lora/reviewer_followup/model_architecture_14h_20260917/new_tasks/evaluations/trec50_qwen3_06b_base_hidden_s9101/dev/SUMMARY.json,13b0463dd5ce2bb7ee3ed738061e65d9dd8600b93fc574b48582f56ebd396f09
new_tasks,trec50,qwen3_06b_base,hidden,9102,False,1.5615033659851179,0.291197603517503,7.734059900045395,1.0,73.828125,83.6,/commondocument/wz/cross_encoder_workspace/im_exp/lora/reviewer_followup/model_architecture_14h_20260917/new_tasks/checkpoints/trec50_qwen3_06b_base_hidden_s9102/TRAINING.json,30f72e7f16f75a79bdd7660a74aeadde554630cdd22ebfacf641e0740e1bb960,/commondocument/wz/cross_encoder_workspace/im_exp/lora/reviewer_followup/model_architecture_14h_20260917/new_tasks/evaluations/trec50_qwen3_06b_base_hidden_s9102/dev/SUMMARY.json,c1c545b1c7bef6f224e7c2f571eb7baccfb34801e4e8319f857e907b29c0b822
new_tasks,trec50,qwen3_06b_base,hidden_budget,9100,False,1.5486166987102479,0.32035868225284503,7.908182680606842,1.0,76.5625,82.4,/commondocument/wz/cross_encoder_workspace/im_exp/lora/reviewer_followup/model_architecture_14h_20260917/new_tasks/checkpoints/trec50_qwen3_06b_base_hidden_budget_s9100/TRAINING.json,a4bb1a243db730ccc2e7136c9f079bd727a7639f7b612b8970b8c0395ed5ab74,/commondocument/wz/cross_encoder_workspace/im_exp/lora/reviewer_followup/model_architecture_14h_20260917/new_tasks/evaluations/trec50_qwen3_06b_base_hidden_budget_s9100/dev/SUMMARY.json,32e18167b54ba27766cd6fc93aef058374b2f73a1d6e0cb70d5c433d75cd4dfa
new_tasks,trec50,qwen3_06b_base,hidden_budget,9101,False,1.5415604028385133,0.30696779302161303,8.250573843717575,1.0,73.4375,82.8,/commondocument/wz/cross_encoder_workspace/im_exp/lora/reviewer_followup/model_architecture_14h_20260917/new_tasks/checkpoints/trec50_qwen3_06b_base_hidden_budget_s9101/TRAINING.json,7ca7b45d383e98079719ffabee622f944093aa29a82cc297dd156501bc980dd2,/commondocument/wz/cross_encoder_workspace/im_exp/lora/reviewer_followup/model_architecture_14h_20260917/new_tasks/evaluations/trec50_qwen3_06b_base_hidden_budget_s9101/dev/SUMMARY.json,0e4c15b57ab963e9c4e3ea05e9aa8b9edf9b862912f541be13c06e3ac7ad72ab
new_tasks,trec50,qwen3_06b_base,hidden_budget,9102,False,1.5563989139627665,0.2805739460673067,7.720003098249435,1.0,74.609375,83.0,/commondocument/wz/cross_encoder_workspace/im_exp/lora/reviewer_followup/model_architecture_14h_20260917/new_tasks/checkpoints/trec50_qwen3_06b_base_hidden_budget_s9102/TRAINING.json,6d3a68247d3729beb040f3dd89a224f05fd7a842f8e936c58531d989d8e88bed,/commondocument/wz/cross_encoder_workspace/im_exp/lora/reviewer_followup/model_architecture_14h_20260917/new_tasks/evaluations/trec50_qwen3_06b_base_hidden_budget_s9102/dev/SUMMARY.json,4ce428a8219e262c2f9dccc358afba7ebdfe4827e741ed459d6389255cb26590
new_tasks,trec50,qwen3_06b_base,hidden_both,9100,False,1.4355429918505251,0.31355098717904184,15.852851331233978,1.0,76.5625,84.2,/commondocument/wz/cross_encoder_workspace/im_exp/lora/reviewer_followup/model_architecture_14h_20260917/new_tasks/checkpoints/trec50_qwen3_06b_base_hidden_both_s9100/TRAINING.json,82bf884350793d0201d3ea90000e36924af350a7813da0710307de3698857b61,/commondocument/wz/cross_encoder_workspace/im_exp/lora/reviewer_followup/model_architecture_14h_20260917/new_tasks/evaluations/trec50_qwen3_06b_base_hidden_both_s9100/dev/SUMMARY.json,61a1e7d14bb431f24f2ef7949311207df491e73c66a4e69062872eb6c38d2b0d
new_tasks,trec50,qwen3_06b_base,hidden_both,9101,False,1.4295940189622343,0.2956411423474492,15.790054261684418,1.0,76.5625,86.0,/commondocument/wz/cross_encoder_workspace/im_exp/lora/reviewer_followup/model_architecture_14h_20260917/new_tasks/checkpoints/trec50_qwen3_06b_base_hidden_both_s9101/TRAINING.json,444891d05df3944583ac597d6f05256d782247c4abc4ac26da496e2d1e134af0,/commondocument/wz/cross_encoder_workspace/im_exp/lora/reviewer_followup/model_architecture_14h_20260917/new_tasks/evaluations/trec50_qwen3_06b_base_hidden_both_s9101/dev/SUMMARY.json,a92e2d346958a204aaac4d6a4c68bdacb78b0ac273e1ab54fe2c92e8d1c527fe
new_tasks,trec50,qwen3_06b_base,hidden_both,9102,False,1.4627517078770325,0.27296751192989177,15.43048894405365,1.0,76.171875,84.2,/commondocument/wz/cross_encoder_workspace/im_exp/lora/reviewer_followup/model_architecture_14h_20260917/new_tasks/checkpoints/trec50_qwen3_06b_base_hidden_both_s9102/TRAINING.json,07a1f1e36257efcb24af260b99aaaf3187025189eaab0e65ba98791992c990a0,/commondocument/wz/cross_encoder_workspace/im_exp/lora/reviewer_followup/model_architecture_14h_20260917/new_tasks/evaluations/trec50_qwen3_06b_base_hidden_both_s9102/dev/SUMMARY.json,0dbaf99e2389159c2dd95069a49e199f3d1ad27bc394fb55a2d4b3e442410f10
new_tasks,trec50,qwen3_8b_base,hidden,9100,False,1.5663232835941017,0.23076495208442793,4.8973261415958405,0.984375,80.859375,87.2,/commondocument/wz/cross_encoder_workspace/im_exp/lora/reviewer_followup/model_architecture_14h_20260917/new_tasks/checkpoints/trec50_qwen3_8b_base_hidden_s9100/TRAINING.json,061b8e2dc6bb0725921834f9a63acccb7bbcef6a4ad13dadf7da0b358d0f0496,/commondocument/wz/cross_encoder_workspace/im_exp/lora/reviewer_followup/model_architecture_14h_20260917/new_tasks/evaluations/trec50_qwen3_8b_base_hidden_s9100/dev/SUMMARY.json,de161bd4700808fa13375c5cc29535c3ecce729811aa19724969daf421225756
new_tasks,trec50,qwen3_8b_base,hidden,9101,False,1.5408174347830936,0.2240099991668103,4.598591133952141,1.0,79.6875,88.4,/commondocument/wz/cross_encoder_workspace/im_exp/lora/reviewer_followup/model_architecture_14h_20260917/new_tasks/checkpoints/trec50_qwen3_8b_base_hidden_s9101/TRAINING.json,8ee406ed26f52134ae0ad342fb921162bb472627b44663e7051b2c0ba35b4488,/commondocument/wz/cross_encoder_workspace/im_exp/lora/reviewer_followup/model_architecture_14h_20260917/new_tasks/evaluations/trec50_qwen3_8b_base_hidden_s9101/dev/SUMMARY.json,61604f42b0ece5517ff90c5f7ada9358aa0b04dcaab0766ee113fbfc10689337
new_tasks,trec50,qwen3_8b_base,hidden,9102,False,1.5528301311132964,0.20734036793692212,4.563426777720451,0.984375,77.34375,87.6,/commondocument/wz/cross_encoder_workspace/im_exp/lora/reviewer_followup/model_architecture_14h_20260917/new_tasks/checkpoints/trec50_qwen3_8b_base_hidden_s9102/TRAINING.json,f39ecd4de55b6e47e40ad8e4d07195bc980941ffa5ed44bd81da2c435d401bef,/commondocument/wz/cross_encoder_workspace/im_exp/lora/reviewer_followup/model_architecture_14h_20260917/new_tasks/evaluations/trec50_qwen3_8b_base_hidden_s9102/dev/SUMMARY.json,6bc3a053c3c42a174ed98bf11d79fb76d8883efcc22d7b9c4b4c021f5efc31e1
new_tasks,trec50,qwen3_8b_base,hidden_budget,9100,False,1.5719796497141942,0.21747857565969753,4.897945463657379,0.953125,80.859375,86.4,/commondocument/wz/cross_encoder_workspace/im_exp/lora/reviewer_followup/model_architecture_14h_20260917/new_tasks/checkpoints/trec50_qwen3_8b_base_hidden_budget_s9100/TRAINING.json,9da0215c97e019369406fb710b5f57f31814b166c40e517f127f87b75675d5b3,/commondocument/wz/cross_encoder_workspace/im_exp/lora/reviewer_followup/model_architecture_14h_20260917/new_tasks/evaluations/trec50_qwen3_8b_base_hidden_budget_s9100/dev/SUMMARY.json,a0ea74b193a814ea793fa462a24cce4042dc6b40d0835763b549408fcd7c97c4
new_tasks,trec50,qwen3_8b_base,hidden_budget,9101,False,1.5341968194989022,0.23589605167217087,4.626148775219917,0.96875,76.5625,87.2,/commondocument/wz/cross_encoder_workspace/im_exp/lora/reviewer_followup/model_architecture_14h_20260917/new_tasks/checkpoints/trec50_qwen3_8b_base_hidden_budget_s9101/TRAINING.json,a4e16f094b7d552bd09bd552707330b5914a218370d289c9c4418fdcd2ed92cc,/commondocument/wz/cross_encoder_workspace/im_exp/lora/reviewer_followup/model_architecture_14h_20260917/new_tasks/evaluations/trec50_qwen3_8b_base_hidden_budget_s9101/dev/SUMMARY.json,f7bcd3c39efe9c37be8fbc329cca6f1d9f20da1fab5757ebe51f96eda851a883
new_tasks,trec50,qwen3_8b_base,hidden_budget,9102,False,1.5488136215717532,0.20684836442706,4.578787371516228,1.0,80.078125,87.8,/commondocument/wz/cross_encoder_workspace/im_exp/lora/reviewer_followup/model_architecture_14h_20260917/new_tasks/checkpoints/trec50_qwen3_8b_base_hidden_budget_s9102/TRAINING.json,d8f1cd4a1509be7db132299a2130a0ae00cc21418266a65b1b7e077cebb703c6,/commondocument/wz/cross_encoder_workspace/im_exp/lora/reviewer_followup/model_architecture_14h_20260917/new_tasks/evaluations/trec50_qwen3_8b_base_hidden_budget_s9102/dev/SUMMARY.json,e738f1982f62ed010fea5e72743ce05a32ef4cee1797c0db3688cd1a95cae901
new_tasks,trec50,qwen3_8b_base,hidden_both,9100,False,1.21714960031386,0.2393222747814434,27.109736680984497,1.0,82.03125,85.4,/commondocument/wz/cross_encoder_workspace/im_exp/lora/reviewer_followup/model_architecture_14h_20260917/new_tasks/checkpoints/trec50_qwen3_8b_base_hidden_both_s9100/TRAINING.json,f1f72d80d9cf06f8063b9c1f71c1d6eb526137d39eaec871851bbb40ac5304b8,/commondocument/wz/cross_encoder_workspace/im_exp/lora/reviewer_followup/model_architecture_14h_20260917/new_tasks/evaluations/trec50_qwen3_8b_base_hidden_both_s9100/dev/SUMMARY.json,2e53d42f401de5d8ff1fe053e8bbf1da033a19f4c5452fb1a077b62ad707e0ff
new_tasks,trec50,qwen3_8b_base,hidden_both,9101,False,1.226547471844242,0.2107516916375971,21.81357514858246,1.0,79.6875,86.6,/commondocument/wz/cross_encoder_workspace/im_exp/lora/reviewer_followup/model_architecture_14h_20260917/new_tasks/checkpoints/trec50_qwen3_8b_base_hidden_both_s9101/TRAINING.json,d1d0dbff14878e22154e2eb229b3007c9684afe82e422f1685839d4dc869e6da,/commondocument/wz/cross_encoder_workspace/im_exp/lora/reviewer_followup/model_architecture_14h_20260917/new_tasks/evaluations/trec50_qwen3_8b_base_hidden_both_s9101/dev/SUMMARY.json,fd1237ffa66d6d43ca2bc8fa9dff4f29733e23a8cf999289ff3e27b5d911cd73
new_tasks,trec50,qwen3_8b_base,hidden_both,9102,False,1.2690691049501766,0.20706333195994375,19.982905983924866,1.0,80.078125,87.0,/commondocument/wz/cross_encoder_workspace/im_exp/lora/reviewer_followup/model_architecture_14h_20260917/new_tasks/checkpoints/trec50_qwen3_8b_base_hidden_both_s9102/TRAINING.json,137ead47cef21f001b3b1d5ad9b9c389b6c40fc01e22d00b5f1e06bf12e9459b,/commondocument/wz/cross_encoder_workspace/im_exp/lora/reviewer_followup/model_architecture_14h_20260917/new_tasks/evaluations/trec50_qwen3_8b_base_hidden_both_s9102/dev/SUMMARY.json,bfc7dbd1cdf3bc2294d1129e0382263ffd40cb36142335fa4dc0c3978b6c7a94
new_tasks,squad2,qwen25_05b_base,hidden,10100,False,0.7645832528505707,0.2352873450035986,7.165207743644714,0.84375,59.80581336152883,65.928660062576,/commondocument/wz/cross_encoder_workspace/im_exp/lora/reviewer_followup/model_architecture_14h_20260917/new_tasks/checkpoints/squad2_qwen25_05b_base_hidden_s10100/TRAINING.json,63c45558ec6c77276a7e6cefc8b369ad47ecea7827ebcb65518e0fe4d064b732,/commondocument/wz/cross_encoder_workspace/im_exp/lora/reviewer_followup/model_architecture_14h_20260917/new_tasks/evaluations/squad2_qwen25_05b_base_hidden_s10100/dev/SUMMARY.json,43554a3f2e4f8bf01863bba6d473f07c061a746836f1411c4f8873c2ad204055
new_tasks,squad2,qwen25_05b_base,hidden,10101,False,0.6725027232605498,0.2157606374239549,7.256461188197136,0.796875,58.65253955200501,63.10307168888505,/commondocument/wz/cross_encoder_workspace/im_exp/lora/reviewer_followup/model_architecture_14h_20260917/new_tasks/checkpoints/squad2_qwen25_05b_base_hidden_s10101/TRAINING.json,2c87ce0a655fd715b59c52485c09323f7189d8815a6299df45e9517aa21c4c87,/commondocument/wz/cross_encoder_workspace/im_exp/lora/reviewer_followup/model_architecture_14h_20260917/new_tasks/evaluations/squad2_qwen25_05b_base_hidden_s10101/dev/SUMMARY.json,1e07ba1eb3a0696dc7adee38a318acdeb8ff5c7f1a435b71a26bc164707bd3e9
new_tasks,squad2,qwen25_05b_base,hidden,10102,False,0.7044294345250819,0.2178269606520189,7.98963837325573,0.859375,59.72360628209391,61.7384958537866,/commondocument/wz/cross_encoder_workspace/im_exp/lora/reviewer_followup/model_architecture_14h_20260917/new_tasks/checkpoints/squad2_qwen25_05b_base_hidden_s10102/TRAINING.json,20f84e72ffa135bdc4eff2136fac779fb0f0862fa567a9e045494d56e16f6b0f,/commondocument/wz/cross_encoder_workspace/im_exp/lora/reviewer_followup/model_architecture_14h_20260917/new_tasks/evaluations/squad2_qwen25_05b_base_hidden_s10102/dev/SUMMARY.json,90ba06ac0eaa5e1430643e7b4bc0cce44613613ac07d5be1c2adb8fdd1439da9
new_tasks,squad2,qwen25_05b_base,hidden_budget,10100,False,0.7656155429576756,0.236843241371389,7.192509084939957,0.84375,60.58706336152883,65.82516980283573,/commondocument/wz/cross_encoder_workspace/im_exp/lora/reviewer_followup/model_architecture_14h_20260917/new_tasks/checkpoints/squad2_qwen25_05b_base_hidden_budget_s10100/TRAINING.json,8936d53cb3e88412d7a74d268da0888537a89349ded7d7551a73f49348065809,/commondocument/wz/cross_encoder_workspace/im_exp/lora/reviewer_followup/model_architecture_14h_20260917/new_tasks/evaluations/squad2_qwen25_05b_base_hidden_budget_s10100/dev/SUMMARY.json,80d7c1d7dcd9a201b9b3f5056e5a4490b862c393b2979948ed6f9aee9f24eac2
new_tasks,squad2,qwen25_05b_base,hidden_budget,10101,False,0.6734325034922222,0.21841081393358763,7.272767215967178,0.8125,59.694206218671674,61.461988832497546,/commondocument/wz/cross_encoder_workspace/im_exp/lora/reviewer_followup/model_architecture_14h_20260917/new_tasks/checkpoints/squad2_qwen25_05b_base_hidden_budget_s10101/TRAINING.json,90fc08e0e754593152ed7512c6d18f8814b0b8303278efa24f1f232d554ca7d9,/commondocument/wz/cross_encoder_workspace/im_exp/lora/reviewer_followup/model_architecture_14h_20260917/new_tasks/evaluations/squad2_qwen25_05b_base_hidden_budget_s10101/dev/SUMMARY.json,346588c787a5111d5194990d53e452fa0fd0b10af90c29dc4f3a6d425aa93aaf
new_tasks,squad2,qwen25_05b_base,hidden_budget,10102,False,0.7055643687490374,0.21781871184066404,8.065209940075874,0.875,58.27369819385863,61.402096142386895,/commondocument/wz/cross_encoder_workspace/im_exp/lora/reviewer_followup/model_architecture_14h_20260917/new_tasks/checkpoints/squad2_qwen25_05b_base_hidden_budget_s10102/TRAINING.json,4d5a958c294fa91c2d259d47222921eefea9181ba5cccce5b910fee614a13678,/commondocument/wz/cross_encoder_workspace/im_exp/lora/reviewer_followup/model_architecture_14h_20260917/new_tasks/evaluations/squad2_qwen25_05b_base_hidden_budget_s10102/dev/SUMMARY.json,7ab9bccd825aa4c5ed049ca2eaa4f1a80b869837af56a44c16bd56fc5b800eac
new_tasks,squad2,qwen25_05b_base,hidden_both,10100,False,0.738631092273863,0.236530946844141,17.621530801057816,1.0,57.30240314327485,64.98458806524312,/commondocument/wz/cross_encoder_workspace/im_exp/lora/reviewer_followup/model_architecture_14h_20260917/new_tasks/checkpoints/squad2_qwen25_05b_base_hidden_both_s10100/TRAINING.json,c730df5c3236c5de83be270d2d29def56733edbfe2e162ac6e27664181b8d95e,/commondocument/wz/cross_encoder_workspace/im_exp/lora/reviewer_followup/model_architecture_14h_20260917/new_tasks/evaluations/squad2_qwen25_05b_base_hidden_both_s10100/dev/SUMMARY.json,a25cf7b2dedb5040068df72f1ca0f1cc5c3ef6a32cf2a2f60003af19ba548fe8
new_tasks,squad2,qwen25_05b_base,hidden_both,10101,False,0.6451644726039376,0.2181561850156868,17.272948265075684,1.0,57.69026614832535,61.80009009567258,/commondocument/wz/cross_encoder_workspace/im_exp/lora/reviewer_followup/model_architecture_14h_20260917/new_tasks/checkpoints/squad2_qwen25_05b_base_hidden_both_s10101/TRAINING.json,298360355a3d2fc621a472b92186ba4885274fba131a99de2b667970ecafeb68,/commondocument/wz/cross_encoder_workspace/im_exp/lora/reviewer_followup/model_architecture_14h_20260917/new_tasks/evaluations/squad2_qwen25_05b_base_hidden_both_s10101/dev/SUMMARY.json,21ff39284cd259bd5f1869d53a4b679acb7054ee57d4330dcad54f4d4a71efe1
new_tasks,squad2,qwen25_05b_base,hidden_both,10102,False,0.6768289003375685,0.22078238434914965,19.54087397456169,1.0,60.33651550828441,63.38569003418338,/commondocument/wz/cross_encoder_workspace/im_exp/lora/reviewer_followup/model_architecture_14h_20260917/new_tasks/checkpoints/squad2_qwen25_05b_base_hidden_both_s10102/TRAINING.json,35eece2757f9512f42bb83054e88fc9467badac076cb046dddbe3bfb9c51aba1,/commondocument/wz/cross_encoder_workspace/im_exp/lora/reviewer_followup/model_architecture_14h_20260917/new_tasks/evaluations/squad2_qwen25_05b_base_hidden_both_s10102/dev/SUMMARY.json,acdfbc5a67f7f276b2919aefa575c680b2b82f28943aa5fa1011b22d28b908d8
new_tasks,squad2,qwen25_15b_base,hidden,10100,False,0.7671253358421382,0.16229156307235826,3.576181598007679,0.21875,71.73772460247602,73.72175470465177,/commondocument/wz/cross_encoder_workspace/im_exp/lora/reviewer_followup/model_architecture_14h_20260917/new_tasks/checkpoints/squad2_qwen25_15b_base_hidden_s10100/TRAINING.json,ca8c64e18279b162db021967781e8fb9f4c6c09e65e72d75f59e36ec937339d2,/commondocument/wz/cross_encoder_workspace/im_exp/lora/reviewer_followup/model_architecture_14h_20260917/new_tasks/evaluations/squad2_qwen25_15b_base_hidden_s10100/dev/SUMMARY.json,a826b797159e25f7be6400a466a20b2c9699a328ec4c897f5b40d9638bf7f865
new_tasks,squad2,qwen25_15b_base,hidden,10101,False,0.7815475559909828,0.16238786860230903,3.8893643766641617,0.15625,72.67688891951865,73.83194399452854,/commondocument/wz/cross_encoder_workspace/im_exp/lora/reviewer_followup/model_architecture_14h_20260917/new_tasks/checkpoints/squad2_qwen25_15b_base_hidden_s10101/TRAINING.json,d957c779543bacec8ffb9f76fc6065306b45485d5363d8447932ac42c413b55b,/commondocument/wz/cross_encoder_workspace/im_exp/lora/reviewer_followup/model_architecture_14h_20260917/new_tasks/evaluations/squad2_qwen25_15b_base_hidden_s10101/dev/SUMMARY.json,e88a3536e8e128898667d0531ec74d49b4e0f5a7967a4b6d36a78c4205b86ca8
new_tasks,squad2,qwen25_15b_base,hidden,10102,False,0.7922046848689206,0.1616027255586232,3.9081578701734543,0.15625,74.27608399527622,74.60989115956261,/commondocument/wz/cross_encoder_workspace/im_exp/lora/reviewer_followup/model_architecture_14h_20260917/new_tasks/checkpoints/squad2_qwen25_15b_base_hidden_s10102/TRAINING.json,cdb2194b06ae430cfb84ac730ab5d911ca47f146f483a3c5f917c92e25690fa3,/commondocument/wz/cross_encoder_workspace/im_exp/lora/reviewer_followup/model_architecture_14h_20260917/new_tasks/evaluations/squad2_qwen25_15b_base_hidden_s10102/dev/SUMMARY.json,a2b48d53e9560e20232e2b168fea397bff617fc00a678de229d67794e902a3ac
new_tasks,squad2,qwen25_15b_base,hidden_budget,10100,False,0.7681946235825308,0.16183009814812976,3.6002739295363426,0.203125,72.12834960247602,73.62409845465177,/commondocument/wz/cross_encoder_workspace/im_exp/lora/reviewer_followup/model_architecture_14h_20260917/new_tasks/checkpoints/squad2_qwen25_15b_base_hidden_budget_s10100/TRAINING.json,39e7447a68f6bab105209f7779a2bf78cfde11a531336553f1bf52dcc3524904,/commondocument/wz/cross_encoder_workspace/im_exp/lora/reviewer_followup/model_architecture_14h_20260917/new_tasks/evaluations/squad2_qwen25_15b_base_hidden_budget_s10100/dev/SUMMARY.json,45fc63db7c3b5bdaeba672313ea46a2526c7fd4c3c0caf44b03ba8eab7076351
new_tasks,squad2,qwen25_15b_base,hidden_budget,10101,False,0.7797058172291145,0.16286934002346243,3.8876802772283554,0.15625,73.38001391951865,74.02133793392247,/commondocument/wz/cross_encoder_workspace/im_exp/lora/reviewer_followup/model_architecture_14h_20260917/new_tasks/checkpoints/squad2_qwen25_15b_base_hidden_budget_s10101/TRAINING.json,77df96d176e51ed378948e5c39c4e7707d23a089a11605debba484547564bcae,/commondocument/wz/cross_encoder_workspace/im_exp/lora/reviewer_followup/model_architecture_14h_20260917/new_tasks/evaluations/squad2_qwen25_15b_base_hidden_budget_s10101/dev/SUMMARY.json,0ca2425164e018d624276ec75152ec20b4ee972e4b539bbc061a2dc2b56c4a44
new_tasks,squad2,qwen25_15b_base,hidden_budget,10102,False,0.792923801811412,0.16143782202561852,3.9346619993448257,0.171875,74.27608399527622,74.65871928456261,/commondocument/wz/cross_encoder_workspace/im_exp/lora/reviewer_followup/model_architecture_14h_20260917/new_tasks/checkpoints/squad2_qwen25_15b_base_hidden_budget_s10102/TRAINING.json,61b073d242e3a1834e531f14e4caae7578f534e8e4e89379a0f132d32826da35,/commondocument/wz/cross_encoder_workspace/im_exp/lora/reviewer_followup/model_architecture_14h_20260917/new_tasks/evaluations/squad2_qwen25_15b_base_hidden_budget_s10102/dev/SUMMARY.json,1ec1e98d4b4fa615e36608e08065a5e52631390cf63d8cff181bc854173a6eed
new_tasks,squad2,qwen25_15b_base,hidden_both,10100,False,0.6890639908669982,0.15903778623942344,10.32369989156723,0.96875,74.27883748196248,74.7130313667407,/commondocument/wz/cross_encoder_workspace/im_exp/lora/reviewer_followup/model_architecture_14h_20260917/new_tasks/checkpoints/squad2_qwen25_15b_base_hidden_both_s10100/TRAINING.json,9d403600ea745ba7bec45555dbc4eccf7d13a9fa47f985849ae8f8ba49af43a6,/commondocument/wz/cross_encoder_workspace/im_exp/lora/reviewer_followup/model_architecture_14h_20260917/new_tasks/evaluations/squad2_qwen25_15b_base_hidden_both_s10100/dev/SUMMARY.json,72436f07d53eaa6a5baa7f89af81c3af0703e7acf8f618ab74c4c446680ee2b9
new_tasks,squad2,qwen25_15b_base,hidden_both,10101,False,0.6595464532729238,0.1582069735541154,9.717545479536057,0.984375,75.79478664679137,75.19797531563799,/commondocument/wz/cross_encoder_workspace/im_exp/lora/reviewer_followup/model_architecture_14h_20260917/new_tasks/checkpoints/squad2_qwen25_15b_base_hidden_both_s10101/TRAINING.json,98a42d98df3cd03177cdd9b2f69672d9d58500b5296e7712ab3fd6a100b5bb69,/commondocument/wz/cross_encoder_workspace/im_exp/lora/reviewer_followup/model_architecture_14h_20260917/new_tasks/evaluations/squad2_qwen25_15b_base_hidden_both_s10101/dev/SUMMARY.json,9d5bd7fd398feaaac32517b69a69f28e798ff2cc5481b248774cd56a374f2e69
new_tasks,squad2,qwen25_15b_base,hidden_both,10102,False,0.692268960759975,0.15613200832376606,11.759466409683228,0.953125,77.0113608711781,75.61736773505613,/commondocument/wz/cross_encoder_workspace/im_exp/lora/reviewer_followup/model_architecture_14h_20260917/new_tasks/checkpoints/squad2_qwen25_15b_base_hidden_both_s10102/TRAINING.json,e93d11bd643a24f1548cee4e413a46bc89effea9cd965b6094c565f68517c431,/commondocument/wz/cross_encoder_workspace/im_exp/lora/reviewer_followup/model_architecture_14h_20260917/new_tasks/evaluations/squad2_qwen25_15b_base_hidden_both_s10102/dev/SUMMARY.json,000ce71e9d31622f0c0a030a0ebbebb1b873e7929b3970b982b93638bf11e9b9
new_tasks,squad2,qwen25_7b_base,hidden,10100,False,0.49625038320664316,0.11970572928476031,1.7430101111531258,0.09375,84.72149647296663,84.37941785105649,/commondocument/wz/cross_encoder_workspace/im_exp/lora/reviewer_followup/model_architecture_14h_20260917/new_tasks/checkpoints/squad2_qwen25_7b_base_hidden_s10100/TRAINING.json,a029de3999c9fb9892e0b68bd93d7daaab738cb75d6361f8e7963c6335827aef,/commondocument/wz/cross_encoder_workspace/im_exp/lora/reviewer_followup/model_architecture_14h_20260917/new_tasks/evaluations/squad2_qwen25_7b_base_hidden_s10100/dev/SUMMARY.json,ccccdf079e9bee29a47966d4411e7827ffbaa546bb88479f4a11f9edb590566f
new_tasks,squad2,qwen25_7b_base,hidden,10101,False,0.4622993628727272,0.12189773055092701,1.3686526268720627,0.09375,85.71801297729564,85.23036151121471,/commondocument/wz/cross_encoder_workspace/im_exp/lora/reviewer_followup/model_architecture_14h_20260917/new_tasks/checkpoints/squad2_qwen25_7b_base_hidden_s10101/TRAINING.json,c17f461cd533519b227c36a0a6bca4636c383b800e765d4579befcf06c3b16ef,/commondocument/wz/cross_encoder_workspace/im_exp/lora/reviewer_followup/model_architecture_14h_20260917/new_tasks/evaluations/squad2_qwen25_7b_base_hidden_s10101/dev/SUMMARY.json,5c69b8ab813e7c03971f2a4af6f388a2ea0d3b84320e67e8257bad984feb2334
new_tasks,squad2,qwen25_7b_base,hidden,10102,False,0.5019234617648181,0.11689928413215966,1.7537323832511902,0.109375,85.26228381062897,84.68076126337229,/commondocument/wz/cross_encoder_workspace/im_exp/lora/reviewer_followup/model_architecture_14h_20260917/new_tasks/checkpoints/squad2_qwen25_7b_base_hidden_s10102/TRAINING.json,583142cb68352e605352cc8093f3e884265c8f631af317d8922df70b5c21b9ab,/commondocument/wz/cross_encoder_workspace/im_exp/lora/reviewer_followup/model_architecture_14h_20260917/new_tasks/evaluations/squad2_qwen25_7b_base_hidden_s10102/dev/SUMMARY.json,ec89bc3c1ef76ccc0a27ab3452bb63bbecaffbfc334f5a1d8a7b2c312a4e548e
new_tasks,squad2,qwen25_7b_base,hidden_budget,10100,False,0.4952736918676237,0.11963659554112382,1.7324806824326515,0.109375,85.1772256396333,84.46426789684405,/commondocument/wz/cross_encoder_workspace/im_exp/lora/reviewer_followup/model_architecture_14h_20260917/new_tasks/checkpoints/squad2_qwen25_7b_base_hidden_budget_s10100/TRAINING.json,3e0e7c399c8556298b28c2c3ffe9cac84302bd4ec2fc787d53c3af5c1569480e,/commondocument/wz/cross_encoder_workspace/im_exp/lora/reviewer_followup/model_architecture_14h_20260917/new_tasks/evaluations/squad2_qwen25_7b_base_hidden_budget_s10100/dev/SUMMARY.json,1e26b7c2a318214c7017639ab274885d00868a907b791eb55bdd86b8cc0e0d23
new_tasks,squad2,qwen25_7b_base,hidden_budget,10101,False,0.46226166160340654,0.12298778076115013,1.3772304691374302,0.09375,85.71801297729564,85.02133063323852,/commondocument/wz/cross_encoder_workspace/im_exp/lora/reviewer_followup/model_architecture_14h_20260917/new_tasks/checkpoints/squad2_qwen25_7b_base_hidden_budget_s10101/TRAINING.json,5f5c41e896f2dce6ee755e4e15a3fa6686ad01cf574af740a4dda8c0c51d8261,/commondocument/wz/cross_encoder_workspace/im_exp/lora/reviewer_followup/model_architecture_14h_20260917/new_tasks/evaluations/squad2_qwen25_7b_base_hidden_budget_s10101/dev/SUMMARY.json,bf85a6caa8053942ebfe7f4e30570d2077c2c2d41500cb90d2f4cf247cf909ea
new_tasks,squad2,qwen25_7b_base,hidden_budget,10102,False,0.500686455052346,0.11675162840401754,1.7541826516389847,0.109375,85.5878046439623,84.55055293003898,/commondocument/wz/cross_encoder_workspace/im_exp/lora/reviewer_followup/model_architecture_14h_20260917/new_tasks/checkpoints/squad2_qwen25_7b_base_hidden_budget_s10102/TRAINING.json,dc3c0e63d20188d5a4fb15a12ce7286b92a90a932f55b535bfda7523a20078f8,/commondocument/wz/cross_encoder_workspace/im_exp/lora/reviewer_followup/model_architecture_14h_20260917/new_tasks/evaluations/squad2_qwen25_7b_base_hidden_budget_s10102/dev/SUMMARY.json,922fe011b9e8f772d38a9973833302489182b50edaa4f9928ae1719260248d97
new_tasks,squad2,qwen25_7b_base,hidden_both,10100,False,0.4301368544329307,0.1234876620878822,4.519026756286621,0.5625,84.76582931026823,83.87871074821244,/commondocument/wz/cross_encoder_workspace/im_exp/lora/reviewer_followup/model_architecture_14h_20260917/new_tasks/checkpoints/squad2_qwen25_7b_base_hidden_both_s10100/TRAINING.json,3c07436de069565f1531a6d6c84be76fbcea2d3c5e1955aca138148ae6fffb49,/commondocument/wz/cross_encoder_workspace/im_exp/lora/reviewer_followup/model_architecture_14h_20260917/new_tasks/evaluations/squad2_qwen25_7b_base_hidden_both_s10100/dev/SUMMARY.json,b2e9ea3444eff4247cacda4664adb2028a1e2dd24608eccb535e27ef406b68ac
new_tasks,squad2,qwen25_7b_base,hidden_both,10101,False,0.41473356210190104,0.12047358737299874,3.9431906193494797,0.46875,86.2122127879017,85.06713863446932,/commondocument/wz/cross_encoder_workspace/im_exp/lora/reviewer_followup/model_architecture_14h_20260917/new_tasks/checkpoints/squad2_qwen25_7b_base_hidden_both_s10101/TRAINING.json,360da6dbfd807b049c2893766b80ba9d0ea1886a6902ffb3c6fc37fa6bd4aa47,/commondocument/wz/cross_encoder_workspace/im_exp/lora/reviewer_followup/model_architecture_14h_20260917/new_tasks/evaluations/squad2_qwen25_7b_base_hidden_both_s10101/dev/SUMMARY.json,18ef6c054d43986e6d434c63f0a0ff62b7cb93010ed2e663eb7ef10999618151
new_tasks,squad2,qwen25_7b_base,hidden_both,10102,False,0.44536555593367666,0.11929424689151347,4.963342264294624,0.546875,85.73798190236569,84.52273674729402,/commondocument/wz/cross_encoder_workspace/im_exp/lora/reviewer_followup/model_architecture_14h_20260917/new_tasks/checkpoints/squad2_qwen25_7b_base_hidden_both_s10102/TRAINING.json,4efcd8069cda3e6057560da04f0288f5143e44cf7d549584e8ebfbb2a50317a6,/commondocument/wz/cross_encoder_workspace/im_exp/lora/reviewer_followup/model_architecture_14h_20260917/new_tasks/evaluations/squad2_qwen25_7b_base_hidden_both_s10102/dev/SUMMARY.json,7ec1705c8aa33d8a473dffbdf82ba21a098a845225670909b89c4d456873a1da
new_tasks,squad2,qwen3_06b_base,hidden,10100,False,0.8087491236801725,0.18755921794763708,6.990470364689827,0.484375,68.53394287090833,74.11485588259158,/commondocument/wz/cross_encoder_workspace/im_exp/lora/reviewer_followup/model_architecture_14h_20260917/new_tasks/checkpoints/squad2_qwen3_06b_base_hidden_s10100/TRAINING.json,c861ff0b911169869bbb581c64a245240f9d6dc347c608a53165fbf63a0898e4,/commondocument/wz/cross_encoder_workspace/im_exp/lora/reviewer_followup/model_architecture_14h_20260917/new_tasks/evaluations/squad2_qwen3_06b_base_hidden_s10100/dev/SUMMARY.json,7169122d5af8e50f2b1652b4da0e3398183f0e99877816338a926e3838555f55
new_tasks,squad2,qwen3_06b_base,hidden,10101,False,0.7822068013483658,0.1822791664617398,6.336168855428696,0.546875,67.65450444781183,74.18984893072512,/commondocument/wz/cross_encoder_workspace/im_exp/lora/reviewer_followup/model_architecture_14h_20260917/new_tasks/checkpoints/squad2_qwen3_06b_base_hidden_s10101/TRAINING.json,1d0b8f3a548321b7f13596fb7d9012409a7df8a3aa80a4796e82a8f4b3145739,/commondocument/wz/cross_encoder_workspace/im_exp/lora/reviewer_followup/model_architecture_14h_20260917/new_tasks/evaluations/squad2_qwen3_06b_base_hidden_s10101/dev/SUMMARY.json,f78fcb2cca8c0ad2173b01587922b790ddd572503a7822ce1f631329485c9127
new_tasks,squad2,qwen3_06b_base,hidden_budget,10100,False,0.8076649900467601,0.1879543724753603,7.0342094749212265,0.4375,69.31519287090833,74.31016838259158,/commondocument/wz/cross_encoder_workspace/im_exp/lora/reviewer_followup/model_architecture_14h_20260917/new_tasks/checkpoints/squad2_qwen3_06b_base_hidden_budget_s10100/TRAINING.json,23f9c5bcccb4e44f170757f22ba7b9b136111b00032754f98367c6b341e37a22,/commondocument/wz/cross_encoder_workspace/im_exp/lora/reviewer_followup/model_architecture_14h_20260917/new_tasks/evaluations/squad2_qwen3_06b_base_hidden_budget_s10100/dev/SUMMARY.json,0ccee0e754bfac58f4df902e509a872f5608bb3e74cc2dd2d4953ab9460f7f08
new_tasks,squad2,qwen3_06b_base,hidden_budget,10101,False,0.781060462933965,0.18231033755728276,6.318849757313728,0.5625,67.37751581144819,74.18984893072512,/commondocument/wz/cross_encoder_workspace/im_exp/lora/reviewer_followup/model_architecture_14h_20260917/new_tasks/checkpoints/squad2_qwen3_06b_base_hidden_budget_s10101/TRAINING.json,7224b75f183e0d99613f562a567acc0c602ab197a3cfa8f1a4709d7950e073ea,/commondocument/wz/cross_encoder_workspace/im_exp/lora/reviewer_followup/model_architecture_14h_20260917/new_tasks/evaluations/squad2_qwen3_06b_base_hidden_budget_s10101/dev/SUMMARY.json,2e79214c180345d119130837f3d0837baff55e8778aedc82ed2db0ebb8a2c505
new_tasks,squad2,qwen3_06b_base,hidden_budget,10102,False,0.821773472474888,0.17983883356282604,7.023366630077362,0.5,67.91633029557518,73.87550067102414,/commondocument/wz/cross_encoder_workspace/im_exp/lora/reviewer_followup/model_architecture_14h_20260917/new_tasks/checkpoints/squad2_qwen3_06b_base_hidden_budget_s10102/TRAINING.json,b80fa63dbed34271180f28e568d00d0a7e3061436ced5725979699b4c0a81990,/commondocument/wz/cross_encoder_workspace/im_exp/lora/reviewer_followup/model_architecture_14h_20260917/new_tasks/evaluations/squad2_qwen3_06b_base_hidden_budget_s10102/dev/SUMMARY.json,02149939ddd3341d3c71263462a7182e504ec2cb1be100e1ed9f4db8234841c2
new_tasks,squad2,qwen3_06b_base,hidden_both,10100,False,0.7337452727661002,0.19048624129573,12.655903726816177,1.0,68.25137387740186,74.50064766242635,/commondocument/wz/cross_encoder_workspace/im_exp/lora/reviewer_followup/model_architecture_14h_20260917/new_tasks/checkpoints/squad2_qwen3_06b_base_hidden_both_s10100/TRAINING.json,8c83602851481f43532dc6cc2d42896fe7ec0087d7c4410d12278104dc1d9574,/commondocument/wz/cross_encoder_workspace/im_exp/lora/reviewer_followup/model_architecture_14h_20260917/new_tasks/evaluations/squad2_qwen3_06b_base_hidden_both_s10100/dev/SUMMARY.json,f000e9a9019db2d603ffcda2569d8420e959fcafb81c702cfb4d6dcdf0045111
new_tasks,squad2,qwen3_06b_base,hidden_both,10101,False,0.7265539935615379,0.1822771275365085,11.529548048973083,1.0,68.97417436123175,73.80169626590806,/commondocument/wz/cross_encoder_workspace/im_exp/lora/reviewer_followup/model_architecture_14h_20260917/new_tasks/checkpoints/squad2_qwen3_06b_base_hidden_both_s10101/TRAINING.json,518f8fbd32efe9ae6df06dfebe292ca2dc573bb807df38708a3cfed9dbfa5315,/commondocument/wz/cross_encoder_workspace/im_exp/lora/reviewer_followup/model_architecture_14h_20260917/new_tasks/evaluations/squad2_qwen3_06b_base_hidden_both_s10101/dev/SUMMARY.json,aa952d0880315e756a0ec9e580ecc90e1d43d3b1d0364f431146a75bd19b0fcb
new_tasks,squad2,qwen3_06b_base,hidden_both,10102,False,0.7631432391644921,0.1821992140103248,12.87194174528122,1.0,68.28981965343954,73.11802158820518,/commondocument/wz/cross_encoder_workspace/im_exp/lora/reviewer_followup/model_architecture_14h_20260917/new_tasks/checkpoints/squad2_qwen3_06b_base_hidden_both_s10102/TRAINING.json,6c2037ffb47ee889ad7da76fd2b3dd69682ab6452a8e9a1cbcfa1692b647c0fc,/commondocument/wz/cross_encoder_workspace/im_exp/lora/reviewer_followup/model_architecture_14h_20260917/new_tasks/evaluations/squad2_qwen3_06b_base_hidden_both_s10102/dev/SUMMARY.json,2f2e3427488329c7a57e56ae7eca82fcfca4703d734aa81e2557b5f46e77b2d7
new_tasks,squad2,qwen3_8b_base,hidden,10100,False,0.39458750319317915,0.1246056911074902,1.4693504869937897,0.09375,85.04394084146365,87.35506688657402,/commondocument/wz/cross_encoder_workspace/im_exp/lora/reviewer_followup/model_architecture_14h_20260917/new_tasks/checkpoints/squad2_qwen3_8b_base_hidden_s10100/TRAINING.json,af5ef08d88ae072091f6f525a99245ea82211283cfb3321e21fcdf66ccff0d18,/commondocument/wz/cross_encoder_workspace/im_exp/lora/reviewer_followup/model_architecture_14h_20260917/new_tasks/evaluations/squad2_qwen3_8b_base_hidden_s10100/dev/SUMMARY.json,d497727a046e2f52fe21c9c3b395ae1f0d8cbef7be7f8f1241e300a896d430df
new_tasks,squad2,qwen3_8b_base,hidden,10101,False,0.37397415376472054,0.1289733235746553,1.2679778970777988,0.046875,85.17414917479698,87.74459398551168,/commondocument/wz/cross_encoder_workspace/im_exp/lora/reviewer_followup/model_architecture_14h_20260917/new_tasks/checkpoints/squad2_qwen3_8b_base_hidden_s10101/TRAINING.json,8bae824bc43c4c81e10bdead7e86a66e6b3db5af6e71320289f5646f922e932d,/commondocument/wz/cross_encoder_workspace/im_exp/lora/reviewer_followup/model_architecture_14h_20260917/new_tasks/evaluations/squad2_qwen3_8b_base_hidden_s10101/dev/SUMMARY.json,c93293a376b199dd75436af2dc943b4ce3917f0989839313ec571c5658ef04f7
new_tasks,squad2,qwen3_8b_base,hidden,10102,False,0.3840794345815084,0.11294251090384932,1.3865038603544235,0.0625,85.95148485012794,87.35038603024522,/commondocument/wz/cross_encoder_workspace/im_exp/lora/reviewer_followup/model_architecture_14h_20260917/new_tasks/checkpoints/squad2_qwen3_8b_base_hidden_s10102/TRAINING.json,466445ce72f75f6e0ea452b0fbd059fd5ce59d2e0137b95f18701ca0c5d8d8a6,/commondocument/wz/cross_encoder_workspace/im_exp/lora/reviewer_followup/model_architecture_14h_20260917/new_tasks/evaluations/squad2_qwen3_8b_base_hidden_s10102/dev/SUMMARY.json,0db3cb745564171ab482b7c60c233d52c9e09302f8163e926f70252a0afa0026
new_tasks,squad2,qwen3_8b_base,hidden_budget,10100,False,0.3932300875603687,0.12507614726257543,1.4714367017149925,0.09375,85.43456584146365,87.03441501689198,/commondocument/wz/cross_encoder_workspace/im_exp/lora/reviewer_followup/model_architecture_14h_20260917/new_tasks/checkpoints/squad2_qwen3_8b_base_hidden_budget_s10100/TRAINING.json,78cbe260e60d68d48a23a8d48b96a9669e0aff34d40307db66795972cf03eb52,/commondocument/wz/cross_encoder_workspace/im_exp/lora/reviewer_followup/model_architecture_14h_20260917/new_tasks/evaluations/squad2_qwen3_8b_base_hidden_budget_s10100/dev/SUMMARY.json,a535878511bad812e1a007381a9fb2c747e6f6e2d950a04b5c79f0a2f854e412
new_tasks,squad2,qwen3_8b_base,hidden_budget,10101,False,0.37415127822896466,0.12914447352670777,1.326462261378765,0.046875,85.77540530224796,87.5272873249031,/commondocument/wz/cross_encoder_workspace/im_exp/lora/reviewer_followup/model_architecture_14h_20260917/new_tasks/checkpoints/squad2_qwen3_8b_base_hidden_budget_s10101/TRAINING.json,972c5ff60b2eb960e212f7e872233ac32bb5ccedd3c8e46d61d5d8030b0a0049,/commondocument/wz/cross_encoder_workspace/im_exp/lora/reviewer_followup/model_architecture_14h_20260917/new_tasks/evaluations/squad2_qwen3_8b_base_hidden_budget_s10101/dev/SUMMARY.json,303ea4bb054a33022958cefdcc1ec9aa5ea243e90f1d18f5c161dc936ad8e62c
new_tasks,squad2,qwen3_8b_base,hidden_budget,10102,False,0.38458759464265313,0.1153892158531562,1.4790094308555126,0.078125,85.50806950321996,87.72577221739435,/commondocument/wz/cross_encoder_workspace/im_exp/lora/reviewer_followup/model_architecture_14h_20260917/new_tasks/checkpoints/squad2_qwen3_8b_base_hidden_budget_s10102/TRAINING.json,69e878b7ec1a2b209f12c432c8c3d0682b917a3fb6e083a42368a3ff506e8776,/commondocument/wz/cross_encoder_workspace/im_exp/lora/reviewer_followup/model_architecture_14h_20260917/new_tasks/evaluations/squad2_qwen3_8b_base_hidden_budget_s10102/dev/SUMMARY.json,a4c4141a2245bfced67a363ef6c7b9d675f2fd70cdc863f91bf2b24196db7873
new_tasks,squad2,qwen3_8b_base,hidden_both,10100,False,0.32155336141659063,0.12403356444906422,6.817886054515839,0.671875,86.06494485503532,87.23315437452017,/commondocument/wz/cross_encoder_workspace/im_exp/lora/reviewer_followup/model_architecture_14h_20260917/new_tasks/checkpoints/squad2_qwen3_8b_base_hidden_both_s10100/TRAINING.json,4f74f1b8f26c6f811d99795545dd8d97c11bcffebe23fb1948d623ebf601488a,/commondocument/wz/cross_encoder_workspace/im_exp/lora/reviewer_followup/model_architecture_14h_20260917/new_tasks/evaluations/squad2_qwen3_8b_base_hidden_both_s10100/dev/SUMMARY.json,33854dbe48b3071cf082c434bb321d87acebb0870bbb4dea0868719d5ef78b17
new_tasks,squad2,qwen3_8b_base,hidden_both,10101,False,0.3068050918773224,0.1315452596529667,6.749120339751244,0.796875,85.4743213269912,87.31093306687723,/commondocument/wz/cross_encoder_workspace/im_exp/lora/reviewer_followup/model_architecture_14h_20260917/new_tasks/checkpoints/squad2_qwen3_8b_base_hidden_both_s10101/TRAINING.json,3a1364fffbcda5b38dfbe0aeb486daa514295fa1a1e512462014d151ff4407fe,/commondocument/wz/cross_encoder_workspace/im_exp/lora/reviewer_followup/model_architecture_14h_20260917/new_tasks/evaluations/squad2_qwen3_8b_base_hidden_both_s10101/dev/SUMMARY.json,1afb8972ecbadcfd5c97a8320c2761602ceadbb218c79ec9d7a7e5e80c19ae22
new_tasks,squad2,qwen3_8b_base,hidden_both,10102,False,0.32889254495239584,0.11175412751390468,6.759574547410011,0.78125,84.65369880714995,86.24385504261049,/commondocument/wz/cross_encoder_workspace/im_exp/lora/reviewer_followup/model_architecture_14h_20260917/new_tasks/checkpoints/squad2_qwen3_8b_base_hidden_both_s10102/TRAINING.json,166db300a42f527baef9e8a1dbfbca86b88b91875945366f2640d5daec80a74b,/commondocument/wz/cross_encoder_workspace/im_exp/lora/reviewer_followup/model_architecture_14h_20260917/new_tasks/evaluations/squad2_qwen3_8b_base_hidden_both_s10102/dev/SUMMARY.json,4ea455cbafaf0d8e468f40e8b2a39731e5f8180e65b4808fd8e53e5ca3e3502f
